"","Date","Plot","Species","Circumference_cm","Circumference_cm2","Circumference_cm3","Circumference_cm4","Tree_Height_1","Tree_Height_2","Tree_Height_3","CrBH_1","CrBH_2","CrBH_3","ForTyp"
"1","6/13/2023",1,"PIPO","94","",NA,NA,11.8,11.8,"12","2.2","2","1.8","ponderosa pine"
"2","6/13/2023",1,"PIPO","113","",NA,NA,17.2,17.2,"17.4","9.4","9.2","8.4","ponderosa pine"
"3","6/13/2023",1,"PIPO","80","",NA,NA,11.6,12,"11.8","2","2.2","2.2","ponderosa pine"
"4","6/13/2023",1,"PIPO","18","",NA,NA,3.2,3.2,"3","0.3","","","ponderosa pine"
"5","6/13/2023",1,"PIPO","70","",NA,NA,10.2,10.2,"10.6","2.8","3","2.6","ponderosa pine"
"6","6/13/2023",1,"PIPO","178","",NA,NA,2.8,3,"3.2","","","","ponderosa pine"
"7","6/13/2023",1,"PIPO","110","",NA,NA,11.6,11.6,"11","4.4","4.6","4.8","ponderosa pine"
"8","6/13/2023",1,"PIPO","65","",NA,NA,10.6,10.6,"11","4","4","4","ponderosa pine"
"9","6/13/2023",1,"PIPO","99","",NA,NA,12.4,12.6,"12.4","3.8","3.6","3.4","ponderosa pine"
"10","6/13/2023",1,"PIPO","82","",NA,NA,7.6,8,"8","3.4","3.6","3.4","ponderosa pine"
"11","6/13/2023",1,"PIPO","63","",NA,NA,8.2,8.2,"8.2","4.4","4.4","4.2","ponderosa pine"
"12","6/13/2023",1,"PIPO","94","",NA,NA,10.4,10.2,"10.2","1.8","1.6","1.8","ponderosa pine"
"13","6/13/2023",1,"PIPO","28","",NA,NA,4.2,4.6,"4.4","0.7","","","ponderosa pine"
"14","6/13/2023",1,"PIPO","19","",NA,NA,2.8,2.8,"2.6","1.05","","","ponderosa pine"
"15","6/13/2023",1,"PSME","66","",NA,NA,11.2,11.2,"11.4","0.6","","","ponderosa pine"
"16","6/13/2023",1,"PIPO","30","",NA,NA,3.6,3.4,"3.4","1.6","","","ponderosa pine"
"17","6/13/2023",1,"PIPO","90","",NA,NA,10,10.4,"10","3.4","3.4","3.6","ponderosa pine"
"18","6/13/2023",1,"PIPO","29","",NA,NA,4,4,"4","0.45","","","ponderosa pine"
"19","6/13/2023",1,"PIPO","34","",NA,NA,5.8,5.4,"3.2","2.15","","","ponderosa pine"
"20","6/13/2023",1,"PIPO","44","",NA,NA,7.2,7.6,"7","3.2","3","2.8","ponderosa pine"
"21","6/13/2023",1,"PIPO","68","",NA,NA,9.2,9.4,"9.4","3.4","3.2","3.2","ponderosa pine"
"22","6/13/2023",1,"PIPO","33","",NA,NA,6.6,6.2,"6.4","2.34","","","ponderosa pine"
"23","6/13/2023",1,"PSME","33","",NA,NA,6.8,6.8,"6.8","2.04","","","ponderosa pine"
"24","6/13/2023",1,"PSME","34","",NA,NA,5.4,5.4,"5.4","0.3","","","ponderosa pine"
"25","6/14/2023",2,"PSME","97","",NA,NA,21,20.8,"21.4","9.8","10","10","mixed conifer"
"26","6/14/2023",2,"PSME","150","",NA,NA,24.4,23.8,"23.8","15.4","15","15.2","mixed conifer"
"27","6/14/2023",2,"PSME","24","",NA,NA,2.6,2.6,"2.6","0.05","","","mixed conifer"
"28","6/14/2023",2,"PSME","117","",NA,NA,21,20.6,"22.2","8.8","9.4","9.2","mixed conifer"
"29","6/14/2023",2,"PSME","25","",NA,NA,4,3.6,"4","1.58","","","mixed conifer"
"30","6/14/2023",2,"PSME","74","",NA,NA,11.2,11,"11.2","2.6","2.4","2.2","mixed conifer"
"31","6/14/2023",2,"PSME","43","",NA,NA,6.2,6.6,"6.4","1.55","","","mixed conifer"
"32","6/14/2023",2,"PSME","255","",NA,NA,34.8,34.2,"34.2","","","","mixed conifer"
"33","6/14/2023",2,"PSME","44","",NA,NA,9.4,8.8,"9","","","","mixed conifer"
"34","6/14/2023",2,"PSME","38","",NA,NA,4.6,4.6,"4.4","4.2","","","mixed conifer"
"35","6/14/2023",2,"PSME","204","",NA,NA,28.2,28.4,"28.2","","","","mixed conifer"
"36","6/14/2023",2,"PSME","89","",NA,NA,16,16.2,"16.2","","","","mixed conifer"
"37","6/14/2023",2,"PSME","83","",NA,NA,10.4,10,"10.2","1.07","","","mixed conifer"
"38","6/14/2023",2,"PSME","129","",NA,NA,22.6,20,"19","10.8","10.6","10.6","mixed conifer"
"39","6/14/2023",2,"PSME","210","",NA,NA,3.6,3.8,"3.8","","","","mixed conifer"
"40","6/14/2023",2,"PSME","183","",NA,NA,27.6,26.8,"26.2","1.8","","","mixed conifer"
"41","6/14/2023",2,"PSME","42","",NA,NA,6.8,7.2,"6.6","3.6","3.6","3.4","mixed conifer"
"42","6/14/2023",2,"PSME","26","",NA,NA,3.8,3.4,"3.6","0.3","","","mixed conifer"
"43","6/14/2023",2,"PSME","33","",NA,NA,4.8,4.8,"4.8","1.55","","","mixed conifer"
"44","6/14/2023",2,"PSME","170","",NA,NA,4.2,4.2,"4.4","","","","mixed conifer"
"45","6/14/2023",2,"PSME","75","",NA,NA,14,14,"14","5.8","6","5.6","mixed conifer"
"46","6/14/2023",2,"PSME","99","",NA,NA,20,20.2,"20.2","10.4","10.6","10.8","mixed conifer"
"47","6/14/2023",2,"PSME","56","",NA,NA,13.8,14,"14.2","6.4","6.4","5.8","mixed conifer"
"48","6/14/2023",2,"PSME","44","",NA,NA,6.8,7,"7.2","1.98","","","mixed conifer"
"49","6/14/2023",2,"PSME","50","",NA,NA,9.8,9.8,"9.8","","","","mixed conifer"
"50","6/14/2023",3,"PSME","33","",NA,NA,6,6,"6","","","","mixed conifer"
"51","6/14/2023",3,"PSME","20","",NA,NA,3.6,3.2,"3.2","0.17","","","mixed conifer"
"52","6/14/2023",3,"PSME","44","",NA,NA,6.6,6.6,"6.6","0.34","","","mixed conifer"
"53","6/14/2023",3,"PSME","30","",NA,NA,3.2,3.4,"3.4","0.96","","","mixed conifer"
"54","6/14/2023",3,"PIPO","25","",NA,NA,3.2,2.8,"3","1.4","","","mixed conifer"
"55","6/14/2023",3,"POTR5","41","",NA,NA,7.2,7.4,"7.2","2.2","2.4","2.4","mixed conifer"
"56","6/14/2023",3,"POTR5","53","",NA,NA,9.4,9.8,"9.4","4.6","4.6","4","mixed conifer"
"57","6/14/2023",3,"POTR5","26","",NA,NA,5.6,5,"5","","","","mixed conifer"
"58","6/14/2023",3,"PIPO","24","",NA,NA,3.8,3.8,"3.8","0.5","","","mixed conifer"
"59","6/14/2023",3,"POTR5","42","",NA,NA,8.8,8.4,"8.8","","","","mixed conifer"
"60","6/14/2023",3,"PSME","52","",NA,NA,8.4,8.4,"8.4","1.23","","","mixed conifer"
"61","6/14/2023",3,"PSME","25","",NA,NA,2.4,2.4,"2.6","0.44","","","mixed conifer"
"62","6/14/2023",3,"PSME","35","",NA,NA,5.8,6,"5.8","0.46","","","mixed conifer"
"63","6/14/2023",3,"POTR5","68","",NA,NA,15.6,16,"16","","","","mixed conifer"
"64","6/14/2023",3,"PSME","18","",NA,NA,2.75,NA,"","0.45","","","mixed conifer"
"65","6/14/2023",3,"PSME","33","",NA,NA,6.8,7,"7","2.39","","","mixed conifer"
"66","6/14/2023",3,"PSME","20","",NA,NA,3.6,3.2,"3.6","","","","mixed conifer"
"67","6/14/2023",3,"PIPO","198","",NA,NA,27.8,28.2,"27.6","11.4","11.6","10.8","mixed conifer"
"68","6/14/2023",3,"PSME","65","",NA,NA,8.8,9.4,"9.2","2.28","","","mixed conifer"
"69","6/14/2023",3,"PSME","41","",NA,NA,7.6,7.8,"7.6","","","","mixed conifer"
"70","6/14/2023",3,"PSME","32","",NA,NA,5.8,5.8,"6","","","","mixed conifer"
"71","6/14/2023",3,"PSME","28","",NA,NA,5.8,5.8,"5.8","","","","mixed conifer"
"72","6/14/2023",3,"PSME","14","",NA,NA,5.2,5.2,"5.6","","","","mixed conifer"
"73","6/14/2023",3,"PSME","15","",NA,NA,3.2,NA,"","0.7","","","mixed conifer"
"74","6/14/2023",3,"PSME","17","",NA,NA,3.2,3.2,"3.4","","","","mixed conifer"
"75","6/14/2023",3,"PSME","12","",NA,NA,2.8,2.6,"2.6","0.76","","","mixed conifer"
"76","6/14/2023",3,"PSME","15","",NA,NA,2.2,2.2,"2","0.29","","","mixed conifer"
"77","6/14/2023",3,"PSME","19","",NA,NA,3,3,"3","0.55","","","mixed conifer"
"78","6/14/2023",3,"POTR5","91","",NA,NA,15.4,15.4,"15.4","","","","mixed conifer"
"79","6/14/2023",3,"POTR5","78","",NA,NA,16.8,16.6,"17","","","","mixed conifer"
"80","6/14/2023",3,"PSME","116","",NA,NA,18.4,18.4,"17.6","3","3.2","3.2","mixed conifer"
"81","6/14/2023",3,"PSME","38","",NA,NA,6.8,6.4,"6.6","0.61","","","mixed conifer"
"82","6/14/2023",3,"PSME","35","",NA,NA,4.2,4.2,"4.4","","","","mixed conifer"
"83","6/14/2023",3,"POTR5","92","",NA,NA,14.6,14.8,"14.4","","","","mixed conifer"
"84","6/14/2023",3,"PSME","36","",NA,NA,6.2,5.8,"5.6","3.4","3.2","3.2","mixed conifer"
"85","6/14/2023",3,"PSME","31","",NA,NA,4.4,4.8,"4.6","0.2","","","mixed conifer"
"86","6/14/2023",3,"PSME","32","",NA,NA,6.6,6.2,"6.2","1.8","","","mixed conifer"
"87","6/14/2023",3,"PSME","22","",NA,NA,3,2.8,"2.8","1.09","","","mixed conifer"
"88","6/14/2023",3,"PSME","17","",NA,NA,2.8,2.6,"2.8","","","","mixed conifer"
"89","6/14/2023",3,"PSME","25","",NA,NA,3.4,3.6,"3.6","","","","mixed conifer"
"90","6/14/2023",3,"PSME","18","",NA,NA,2.6,2.4,"2.4","","","","mixed conifer"
"91","6/14/2023",3,"PSME","42","",NA,NA,6.6,6.8,"6.2","4.2","4","4.2","mixed conifer"
"92","6/14/2023",3,"POTR5","83","",NA,NA,15.8,16,"15.8","","","","mixed conifer"
"93","6/14/2023",3,"PSME","120","",NA,NA,16,16.2,"15.8","4","4","4","mixed conifer"
"94","6/14/2023",3,"PSME","19","",NA,NA,3,2.4,"2.6","0.83","","","mixed conifer"
"95","6/14/2023",3,"PSME","15","",NA,NA,2.45,NA,"","0.4","","","mixed conifer"
"96","6/14/2023",3,"PSME","33","",NA,NA,2.4,2.6,"2.6","","","","mixed conifer"
"97","6/14/2023",3,"PSME","18","",NA,NA,2.98,NA,"","0.8","","","mixed conifer"
"98","6/14/2023",3,"POTR5","45","",NA,NA,12.8,12.4,"12.8","","","","mixed conifer"
"99","6/14/2023",3,"PSME","41","",NA,NA,8.2,7.8,"8.4","1.82","","","mixed conifer"
"100","6/14/2023",3,"POTR5","48","",NA,NA,12.2,12.2,"12.2","","","","mixed conifer"
"101","6/14/2023",3,"PSME","25","",NA,NA,4.2,4.2,"4.4","51","","","mixed conifer"
"102","6/14/2023",3,"PSME","27","",NA,NA,5.6,5.2,"5.8","1","","","mixed conifer"
"103","6/14/2023",3,"PSME","20","",NA,NA,2.91,NA,"","","","","mixed conifer"
"104","6/14/2023",3,"PSME","17","",NA,NA,4.5,NA,"","","","","mixed conifer"
"105","6/14/2023",3,"PSME","22","",NA,NA,3.48,NA,"","36","","","mixed conifer"
"106","6/14/2023",3,"POTR5","97","",NA,NA,24.6,23,"20.8","13.2","12.8","13","mixed conifer"
"107","6/14/2023",3,"PSME","18","",NA,NA,2.54,NA,"","0.05","","","mixed conifer"
"108","6/14/2023",3,"PSME","24","",NA,NA,2.71,NA,"","0.2","","","mixed conifer"
"109","6/14/2023",3,"PSME","116","",NA,NA,18.6,18.2,"19","","","","mixed conifer"
"110","6/14/2023",3,"PSME","30","",NA,NA,6.6,6.2,"7","","","","mixed conifer"
"111","6/14/2023",3,"POTR5","78","",NA,NA,12.6,12.6,"13","","","","mixed conifer"
"112","6/14/2023",3,"POTR5","55","",NA,NA,11,11,"11.2","","","","mixed conifer"
"113","6/14/2023",3,"POTR5","98","",NA,NA,15.8,16,"15.8","10","10.8","11.2","mixed conifer"
"114","6/14/2023",3,"PSME","99","",NA,NA,11.8,11.6,"","4.4","4.4","4.6","mixed conifer"
"115","6/14/2023",3,"PSME","30","",NA,NA,7.4,8.2,"7.8","4.6","4.8","5.2","mixed conifer"
"116","6/14/2023",3,"PSME","28","",NA,NA,5,5.4,"5","4","4.4","4","mixed conifer"
"117","6/14/2023",3,"PSME","56","",NA,NA,5.8,5.6,"5.6","","","","mixed conifer"
"118","6/14/2023",4,"","36","",NA,NA,7.4,7.6,"7.6","0.6","","",NA
"119","6/14/2023",4,"","45","",NA,NA,5.2,5.2,"5.6","","","",NA
"120","6/14/2023",4,"","104","",NA,NA,19.8,19,"18.4","7.8","7.4","7.2",NA
"121","6/14/2023",4,"","91","",NA,NA,13.2,13.4,"12.8","","","",NA
"122","6/14/2023",4,"","31","",NA,NA,5.2,4.8,"5.2","0.35","","",NA
"123","6/14/2023",4,"","14","",NA,NA,3.6,3.6,"3.4","0.53","","",NA
"124","6/14/2023",4,"","76","",NA,NA,19.4,19.4,"19.6","3","3.4","3.2",NA
"125","6/14/2023",4,"","62","",NA,NA,8.8,9,"8.8","","","",NA
"126","6/14/2023",4,"","115","",NA,NA,21.2,22,"22.2","7.6","8","8",NA
"127","6/14/2023",4,"","24","",NA,NA,3.2,2.8,"3","1.41","","",NA
"128","6/14/2023",4,"","96","",NA,NA,7,6.6,"7","","","",NA
"129","6/14/2023",4,"","77","",NA,NA,13,13,"13","2.36","","",NA
"130","6/14/2023",4,"","52","",NA,NA,9,9,"9","1.61","","",NA
"131","6/14/2023",4,"","23","",NA,NA,4.2,4.2,"4.8","2.42","","",NA
"132","6/14/2023",4,"","24","",NA,NA,3.8,3.8,"3.8","1.69","","",NA
"133","6/14/2023",4,"","45","",NA,NA,6.4,6.4,"6.4","1.88","","",NA
"134","6/14/2023",4,"","93","",NA,NA,20.4,20.8,"20.8","13.8","14.8","14.6",NA
"135","6/14/2023",4,"","28","",NA,NA,3.2,3.2,"2.8","1.62","","",NA
"136","6/14/2023",4,"","30","",NA,NA,3.8,3.8,"4","2.66","","",NA
"137","6/14/2023",4,"","39","",NA,NA,8.2,8,"8.2","1.62","","",NA
"138","6/14/2023",4,"","75","",NA,NA,19.8,19.2,"19.2","14.2","14.2","14",NA
"139","6/14/2023",4,"","113","",NA,NA,26,25.4,"25.2","7.4","7.4","7.8",NA
"140","6/14/2023",4,"","82","",NA,NA,14.8,14.8,"15.2","1.81","","",NA
"141","6/14/2023",4,"","14","",NA,NA,2.52,NA,"","1.12","","",NA
"142","6/14/2023",4,"","25","",NA,NA,4,4.2,"4","0.94","","",NA
"143","6/14/2023",4,"","33","",NA,NA,7.8,7.4,"7.6","1.41","","",NA
"144","6/14/2023",4,"","52","",NA,NA,6.6,6.4,"6.2","2.3","","",NA
"145","6/14/2023",4,"","35","",NA,NA,9.6,9,"9.8","2.15","","",NA
"146","6/14/2023",4,"","76","",NA,NA,14.4,15.4,"14.2","6.6","6.2","6.4",NA
"147","6/14/2023",4,"","50","",NA,NA,10.2,10.2,"10.2","","","",NA
"148","6/14/2023",4,"","112","",NA,NA,24.4,24.4,"24","7.2","7.2","7.6",NA
"149","6/14/2023",4,"","85","",NA,NA,22.6,22.2,"22.8","","","",NA
"150","6/14/2023",4,"","89","",NA,NA,17.6,18.2,"17","1.29","","",NA
"151","6/14/2023",4,"","48","",NA,NA,7.6,7,"7.2","","","",NA
"152","6/14/2023",4,"","44","",NA,NA,7.4,7.6,"7.4","3.6","3.4","3.6",NA
"153","6/14/2023",4,"","25","",NA,NA,4.2,4.6,"4.6","0.66","","",NA
"154","6/14/2023",4,"","40","",NA,NA,6.4,7.2,"6.8","0.15","","",NA
"155","6/14/2023",4,"","104","",NA,NA,21.6,22.8,"22.4","1.3","","",NA
"156","6/14/2023",4,"","108","",NA,NA,18.6,18.4,"18.6","7","6.6","6.8",NA
"157","6/14/2023",4,"","59","",NA,NA,8.8,9.2,"8.6","","","",NA
"158","6/14/2023",4,"","50","",NA,NA,11.4,11.2,"11.2","","","",NA
"159","6/14/2023",4,"","76","",NA,NA,18.2,18.8,"18","8.6","8.6","8.6",NA
"160","6/14/2023",4,"","92","",NA,NA,19.6,19,"19.2","11.2","10.6","11.2",NA
"161","6/14/2023",4,"","48","",NA,NA,9.8,10,"9.2","","","",NA
"162","6/14/2023",4,"","94","",NA,NA,13.6,13.8,"13.4","9.2","10.2","9.4",NA
"163","6/14/2023",4,"","18","",NA,NA,2.6,2.8,"2.6","0.3","","",NA
"164","6/14/2023",4,"","71","",NA,NA,11.8,11.8,"11.6","6.8","","",NA
"165","6/14/2023",4,"","83","",NA,NA,3.4,3.4,"3.2","","","",NA
"166","6/14/2023",4,"","56","",NA,NA,11,10.6,"12","4.8","4.4","4.2",NA
"167","6/14/2023",4,"","155","",NA,NA,27.8,29,"28","16.6","17.2","16.8",NA
"168","6/14/2023",4,"","174","",NA,NA,30.6,31.8,"30.4","15","14.2","14.6",NA
"169","6/14/2023",4,"","26","",NA,NA,4.4,4.4,"3.8","0.61","","",NA
"170","6/14/2023",4,"","113","",NA,NA,19.4,19,"20.2","9","8.4","9",NA
"171","6/14/2023",4,"","119","",NA,NA,18.6,18.6,"19","8.6","8.8","8.6",NA
"172","6/14/2023",4,"","128","",NA,NA,23.2,24,"24.6","","","",NA
"173","6/14/2023",4,"","62","",NA,NA,12.8,12.4,"13","0.81","","",NA
"174","6/14/2023",4,"","180","",NA,NA,29,28.2,"29.8","12.6","13","13.6",NA
"175","6/14/2023",4,"","40","",NA,NA,5.4,5,"5.6","4.6","5","4.8",NA
"176","6/14/2023",4,"","40","",NA,NA,8.2,8.4,"8.4","0.64","","",NA
"177","6/14/2023",4,"","84","",NA,NA,13.4,13.4,"13.2","1.43","","",NA
"178","6/14/2023",4,"","187","",NA,NA,25,25.6,"25.6","20.8","20.2","20.2",NA
"179","6/14/2023",4,"","68","",NA,NA,14.6,15.2,"15.2","3","2.8","3.2",NA
"180","6/14/2023",4,"","108","",NA,NA,19.2,19.4,"18.8","13.4","10.6","10.6",NA
"181","6/14/2023",4,"","16","",NA,NA,2.8,2.8,"3","0.82","","",NA
"182","6/14/2023",4,"","17","",NA,NA,3.2,3.4,"3.2","0.85","","",NA
"183","6/14/2023",4,"","18","",NA,NA,3,2.8,"3.2","1.93","","",NA
"184","6/14/2023",4,"","140","",NA,NA,23.8,24.8,"24.6","11.8","11","10.6",NA
"185","6/14/2023",4,"","41","",NA,NA,5.6,5.4,"5.6","0.31","","",NA
"186","6/14/2023",5,"PIPO","194","",NA,NA,29,28.8,"28.8","6.2","6","6.2","ponderosa pine"
"187","6/14/2023",5,"PIPO","170","",NA,NA,27.2,28.6,"27.6","`1.6","12","12.6","ponderosa pine"
"188","6/14/2023",5,"PSME","62","",NA,NA,9.2,9.4,"9.4","1.51","","","ponderosa pine"
"189","6/14/2023",5,"PSME","52","",NA,NA,5.2,5.2,"5.6","0.54","","","ponderosa pine"
"190","6/14/2023",5,"PIPO","175","",NA,NA,27.6,27.4,"26.8","","","","ponderosa pine"
"191","6/14/2023",5,"PIPO","198","",NA,NA,33,33.6,"32.6","22.2","23.2","20.4","ponderosa pine"
"192","6/14/2023",5,"PSME","13","",NA,NA,2.2,2.4,"2.6","","","","ponderosa pine"
"193","6/14/2023",5,"PSME","39","",NA,NA,4.2,4,"4","2.11","","","ponderosa pine"
"194","6/14/2023",5,"PSME","85","",NA,NA,11.8,11.6,"11","3","2.8","2.6","ponderosa pine"
"195","6/14/2023",5,"PSME","84","",NA,NA,11.4,11.4,"11.2","4.4","4.2","3.8","ponderosa pine"
"196","6/14/2023",5,"PIPO","207","",NA,NA,25.4,25.2,"24.2","","","","ponderosa pine"
"197","6/14/2023",5,"PSME","50","",NA,NA,9.8,9.2,"9","","","","ponderosa pine"
"198","6/14/2023",5,"PSME","45","",NA,NA,5.6,5.8,"6.2","","","","ponderosa pine"
"199","6/14/2023",5,"PSME","49","",NA,NA,8,8.4,"8.4","3.6","3.2","3.6","ponderosa pine"
"200","6/14/2023",5,"PSME","30","",NA,NA,4.2,4.4,"4.2","","","","ponderosa pine"
"201","6/14/2023",5,"PSME","27","",NA,NA,5.4,5.4,"5.2","","","","ponderosa pine"
"202","6/14/2023",5,"PSME","35","",NA,NA,4.6,4.4,"4.6","","","","ponderosa pine"
"203","6/14/2023",5,"PSME","21","",NA,NA,2.8,3,"2.8","","","","ponderosa pine"
"204","6/14/2023",5,"PSME","51","",NA,NA,7.8,7.8,"8","","","","ponderosa pine"
"205","6/20/2023",6,"PSME ","54","",NA,NA,5.8,5.8,"5.8","3.2","3","3.2","mixed conifer"
"206","6/20/2023",6,"PSME ","111","",NA,NA,12.6,12.8,"12.6","6","6","6.2","mixed conifer"
"207","6/20/2023",6,"PSME ","78","",NA,NA,14.2,15.2,"14.4","5.4","5","5.4","mixed conifer"
"208","6/20/2023",6,"PSME ","25","",NA,NA,5.8,5.4,"5.4","","","","mixed conifer"
"209","6/20/2023",6,"PSME ","36","",NA,NA,6.8,6.4,"6.4","1.1","","","mixed conifer"
"210","6/20/2023",6,"PSME ","29","",NA,NA,14,15.2,"14.8","10.2","9.8","10","mixed conifer"
"211","6/20/2023",6,"QUGA","44","",NA,NA,5.4,5.2,"5.6","5.4","5.2","5.6","mixed conifer"
"212","6/20/2023",6,"QUGA","43","",NA,NA,5,5.2,"4.8","5","5.2","4.8","mixed conifer"
"213","6/20/2023",6,"QUGA","44","",NA,NA,5.8,5.8,"5.6","4.6","5","4.8","mixed conifer"
"214","6/20/2023",6,"QUGA","49","",NA,NA,5.6,5.2,"5.2","5.6","5.2","5.2","mixed conifer"
"215","6/20/2023",6,"QUGA","55","",NA,NA,7.4,7.8,"7","4.8","5","5","mixed conifer"
"216","6/20/2023",6,"PSME ","145","",NA,NA,16,16.2,"16.4","7.4","7.8","7.2","mixed conifer"
"217","6/20/2023",6,"POTR5","25","",NA,NA,6.6,6.2,"6.4","","","","mixed conifer"
"218","6/20/2023",6,"PSME ","86","",NA,NA,16,15.2,"15.8","9","8.6","8.4","mixed conifer"
"219","6/20/2023",6,"PSME ","57","",NA,NA,10.4,10.6,"10.8","","","","mixed conifer"
"220","6/20/2023",6,"QUGA","49","",NA,NA,10.4,10,"10.8","8.4","8.8","8.4","mixed conifer"
"221","6/20/2023",6,"QUGA","36","",NA,NA,5.2,5.4,"4.8","","","","mixed conifer"
"222","6/20/2023",6,"QUGA","65","",NA,NA,9,8.2,"8","4.8","5","4.6","mixed conifer"
"223","6/20/2023",6,"QUGA","62","",NA,NA,6.2,6.8,"6.4","4.4","4","4.2","mixed conifer"
"224","6/20/2023",6,"QUGA","60","",NA,NA,8.2,8,"8","5.6","5.4","4.6","mixed conifer"
"225","6/20/2023",6,"PSME ","135","",NA,NA,21.6,20.8,"20.2","1.5","","","mixed conifer"
"226","6/20/2023",6,"PSME ","59","44",NA,NA,10.4,10.6,"10.8","1.09","","","mixed conifer"
"227","6/20/2023",6,"PSME ","65","",NA,NA,7,6.8,"6.6","2.8","","","mixed conifer"
"228","6/20/2023",6,"PSME ","100","",NA,NA,14,14.2,"13.8","1.99","","","mixed conifer"
"229","6/20/2023",6,"PSME ","75","",NA,NA,13.6,13.2,"13.6","8.2","8.4","8","mixed conifer"
"230","6/20/2023",6,"PSME ","74","",NA,NA,16.4,15.8,"16.2","10.2","10","9.2","mixed conifer"
"231","6/20/2023",6,"PSME ","112","",NA,NA,18,18,"18","11.2","11.8","10.8","mixed conifer"
"232","6/20/2023",6,"QUGA","50","",NA,NA,2.6,2.6,"2.8","2.22","","","mixed conifer"
"233","6/20/2023",6,"PSME ","105","",NA,NA,17.4,17.2,"17.8","1.15","","","mixed conifer"
"234","6/20/2023",6,"QUGA","54","",NA,NA,2.4,2.4,"2.4","2.08","","","mixed conifer"
"235","6/20/2023",6,"PSME ","168","",NA,NA,18.8,18,"18","5.8","5.2","5.6","mixed conifer"
"236","6/20/2023",6,"PSME ","73","",NA,NA,9.6,9.4,"9.2","1.72","","","mixed conifer"
"237","6/20/2023",6,"QUGA","106","",NA,NA,8,8.4,"8","5.4","5.4","5.4","mixed conifer"
"238","6/20/2023",6,"PSME ","138","",NA,NA,17.4,17.4,"18","4","4","4.8","mixed conifer"
"239","6/20/2023",6,"PSME ","113","",NA,NA,13.8,13.2,"13.4","3.6","3.8","3.8","mixed conifer"
"240","6/20/2023",6,"PIPO","248","",NA,NA,22.4,23,"22.4","8.4","8.2","8.4","mixed conifer"
"241","6/20/2023",6,"QUGA","25","",NA,NA,2.55,NA,"","","","","mixed conifer"
"242","6/20/2023",6,"QUGA","17","",NA,NA,2.57,NA,"","","","","mixed conifer"
"243","6/20/2023",6,"PSME ","106","",NA,NA,14.6,15.4,"15.8","3.6","3.2","3.8","mixed conifer"
"244","6/20/2023",6,"PSME ","50","",NA,NA,12.4,12.4,"11.6","3.4","3.4","3","mixed conifer"
"245","6/20/2023",6,"PSME ","113","",NA,NA,16,16.6,"15.4","12.6","12.2","13","mixed conifer"
"246","6/20/2023",6,"PSME ","94","",NA,NA,16.8,16.6,"16.4","8.2","7.6","7.6","mixed conifer"
"247","6/20/2023",6,"PIPU","65","",NA,NA,10.4,10,"11","0.66","","","mixed conifer"
"248","6/20/2023",6,"PSME ","29","",NA,NA,4.2,4.4,"4.6","0.1","","","mixed conifer"
"249","6/20/2023",6,"PSME ","196","",NA,NA,14.4,14.8,"15.2","7.2","7.6","7.2","mixed conifer"
"250","6/20/2023",6,"PSME ","44","",NA,NA,4.6,4.6,"4.2","","","","mixed conifer"
"251","6/20/2023",6,"QUGA","50","",NA,NA,5.6,5.6,"5.4","","","","mixed conifer"
"252","6/20/2023",6,"QUGA","53","",NA,NA,4.8,5.2,"5.2","","","","mixed conifer"
"253","6/20/2023",6,"PSME ","75","",NA,NA,15,15.4,"15.2","5.6","5.6","5.6","mixed conifer"
"254","6/20/2023",6,"PSME ","84","",NA,NA,16,16.6,"16.2","7.6","7.4","7.6","mixed conifer"
"255","6/20/2023",6,"PSME ","83","",NA,NA,15.4,15.4,"16.4","10","9.8","10","mixed conifer"
"256","6/20/2023",6,"PSME ","94","",NA,NA,20.6,20.8,"20.4","11.8","10.8","11.8","mixed conifer"
"257","6/20/2023",6,"PSME ","20","",NA,NA,4.6,4.8,"4.8","1.19","","","mixed conifer"
"258","6/20/2023",6,"PSME ","67","",NA,NA,12.6,12.6,"12.4","6.4","6.2","6.6","mixed conifer"
"259","6/21/2023",7,"PSME ","169","",NA,NA,17.8,17.6,"17.8","0.65","","","mixed conifer"
"260","6/21/2023",7,"PSME ","113","",NA,NA,9,9,"9","","","","mixed conifer"
"261","6/21/2023",7,"PSME ","136","",NA,NA,18.2,17.6,"17.2","6.8","6.8","6.8","mixed conifer"
"262","6/21/2023",7,"POTR5","26","",NA,NA,7.6,7.8,"7.6","5.6","5.4","5.4","mixed conifer"
"263","6/21/2023",7,"POTR5","15","",NA,NA,5.8,5.4,"5.2","3.8","3.8","3.8","mixed conifer"
"264","6/21/2023",7,"PSME ","118","",NA,NA,15,15.6,"15.2","5","5.2","5","mixed conifer"
"265","6/21/2023",7,"PSME ","29","",NA,NA,3.2,2.6,"2.8","0.61","","","mixed conifer"
"266","6/21/2023",7,"POTR5","23","",NA,NA,4.8,5,"5.2","2.6","2.2","2.6","mixed conifer"
"267","6/21/2023",7,"POTR5","23","",NA,NA,4.4,4.4,"4.2","3","3.2","3.4","mixed conifer"
"268","6/21/2023",7,"POTR5","75","",NA,NA,13.8,13.8,"13.8","8.6","9.2","8.8","mixed conifer"
"269","6/21/2023",7,"POTR5","112","",NA,NA,20.2,20,"19.8","9.4","9.4","9.6","mixed conifer"
"270","6/21/2023",7,"POTR5","42","",NA,NA,8.8,9.2,"9.2","5","5.2","5.2","mixed conifer"
"271","6/21/2023",7,"POTR5","88","",NA,NA,18.6,18.6,"18.6","10.6","10.2","10.8","mixed conifer"
"272","6/21/2023",7,"PSME ","40","",NA,NA,3,3,"3","0.34","","","mixed conifer"
"273","6/21/2023",7,"PSME ","138","",NA,NA,17.4,17.4,"17.4","0.28","","","mixed conifer"
"274","6/21/2023",7,"POTR5","40","",NA,NA,10.4,10.8,"11.2","5.2","5.4","5.2","mixed conifer"
"275","6/21/2023",7,"POTR5","19","",NA,NA,5.8,6.4,"6","","","","mixed conifer"
"276","6/21/2023",7,"POTR5","20","",NA,NA,4.4,4.2,"4.2","4","4","3.8","mixed conifer"
"277","6/21/2023",7,"POTR5","45","",NA,NA,13.2,13.6,"13","5.2","4.8","4.8","mixed conifer"
"278","6/21/2023",7,"POTR5","29","",NA,NA,10.4,10.4,"10.4","4.6","4.8","4.4","mixed conifer"
"279","6/21/2023",7,"POTR5","20","",NA,NA,8.2,8.2,"7.6","","","","mixed conifer"
"280","6/21/2023",7,"POTR5","28","",NA,NA,9.2,9,"9.2","5.6","5.8","5.6","mixed conifer"
"281","6/21/2023",7,"POTR5","30","",NA,NA,7.2,7.4,"7.4","","","","mixed conifer"
"282","6/21/2023",7,"POTR5","41","",NA,NA,13.2,12.8,"12.6","7.8","7.6","7.6","mixed conifer"
"283","6/21/2023",7,"POTR5","17","",NA,NA,6.6,6.6,"6.6","","","","mixed conifer"
"284","6/21/2023",7,"POTR5","50","",NA,NA,16.2,16.4,"17.4","10.2","10.2","10.6","mixed conifer"
"285","6/21/2023",7,"POTR5","51","",NA,NA,16,16.4,"15.8","11","10.8","10.8","mixed conifer"
"286","6/21/2023",7,"POTR5","53","",NA,NA,19.2,19,"18.6","11","11.4","11.4","mixed conifer"
"287","6/21/2023",7,"POTR5","62","",NA,NA,16.4,17,"17.8","9.6","9.8","9.8","mixed conifer"
"288","6/21/2023",7,"POTR5","21","",NA,NA,7.6,6.6,"6.6","","","","mixed conifer"
"289","6/21/2023",7,"POTR5","29","",NA,NA,9.6,9.2,"9.6","5.6","6.2","6","mixed conifer"
"290","6/21/2023",7,"POTR5","27","",NA,NA,9.6,10,"9.2","6.4","5.4","6.2","mixed conifer"
"291","6/21/2023",7,"PSME ","318","",NA,NA,43,40.6,"41.2","6.6","6.4","6.2","mixed conifer"
"292","6/21/2023",7,"PSME ","270","",NA,NA,29,28.8,"29.4","9.4","9.4","9.6","mixed conifer"
"293","6/21/2023",7,"PSME ","110","",NA,NA,9.4,9.6,"9.6","0.72","","","mixed conifer"
"294","6/21/2023",7,"PSME ","180","",NA,NA,16,16.2,"17.6","4.6","5","5.2","mixed conifer"
"295","6/21/2023",7,"POTR5","31","",NA,NA,9,9.6,"9","4","4","4","mixed conifer"
"296","6/21/2023",7,"POTR5","30","",NA,NA,6.4,6.2,"6.6","4.4","4.4","4.2","mixed conifer"
"297","6/21/2023",7,"POTR5","23","",NA,NA,8.6,8.6,"8.6","","","","mixed conifer"
"298","6/21/2023",7,"POTR5","52","",NA,NA,13.4,13.6,"13.4","10","9.2","10.2","mixed conifer"
"299","6/21/2023",7,"POTR5","25","",NA,NA,9.4,10,"9","","","","mixed conifer"
"300","6/21/2023",7,"Unknown","42","",NA,NA,9.8,9.8,"9.5","5.4","5.2","5.2","mixed conifer"
"301","6/21/2023",7,"POTR5","63","",NA,NA,16.6,16.4,"16.2","9.4","8.8","8.8","mixed conifer"
"302","6/21/2023",7,"POTR5","15","",NA,NA,6,5.6,"5.8","","","","mixed conifer"
"303","6/21/2023",7,"POTR5","61","",NA,NA,16.6,17.4,"16.6","9.6","9.6","10","mixed conifer"
"304","6/21/2023",7,"POTR5","55","",NA,NA,13.2,13.2,"13.2","8.2","8.4","8.4","mixed conifer"
"305","6/21/2023",7,"POTR5","28","",NA,NA,10.2,10,"10.4","","","","mixed conifer"
"306","6/21/2023",7,"POTR5","48","",NA,NA,11,11,"11","7.8","7.8","8","mixed conifer"
"307","6/21/2023",7,"POTR5","52","",NA,NA,12.6,12.4,"12.4","8.2","8.8","8","mixed conifer"
"308","6/21/2023",7,"POTR5","42","",NA,NA,5.6,5.8,"6","","","","mixed conifer"
"309","6/21/2023",8,"PIPO","62","",NA,NA,14.8,14.4,"14.6","4","4","4","ponderosa pine"
"310","6/21/2023",8,"PIPO","139","",NA,NA,21.4,21.2,"21.4","9.4","9","9.4","ponderosa pine"
"311","6/21/2023",8,"PIPO","171","",NA,NA,26.2,26.8,"26.4","7","7","7.4","ponderosa pine"
"312","6/21/2023",8,"PIFL2","135","",NA,NA,19.2,18.6,"19.6","0.73","","","ponderosa pine"
"313","6/21/2023",8,"PSME","28","",NA,NA,3.4,3,"3.2","0.61","","","ponderosa pine"
"314","6/21/2023",8,"PIFL2","41","",NA,NA,5.6,5.2,"5.4","0.36","","","ponderosa pine"
"315","6/21/2023",8,"PSME","174","",NA,NA,24.6,23.2,"23.4","7","6.2","7.8","ponderosa pine"
"316","6/21/2023",8,"PIPO","150","",NA,NA,25,25.2,"24.6","12.2","11.2","11.6","ponderosa pine"
"317","6/21/2023",8,"PIEN","20","",NA,NA,3.2,3.2,"3","0.56","","","ponderosa pine"
"318","6/21/2023",8,"PIEN","71","",NA,NA,12.2,12.2,"12.6","3.8","3.4","3.6","ponderosa pine"
"319","6/21/2023",8,"PIPU","140","",NA,NA,20.2,21.6,"20.8","5","5.2","3.2","ponderosa pine"
"320","6/21/2023",8,"PIPU","158","",NA,NA,23.2,23.4,"22.6","6.2","6.4","6","ponderosa pine"
"321","6/21/2023",8,"PIPU","74","",NA,NA,11.2,10.6,"10.8","","","","ponderosa pine"
"322","6/21/2023",8,"PIPU","54","",NA,NA,14.2,14.8,"14.6","1.26","","","ponderosa pine"
"323","6/21/2023",8,"PSME","16","",NA,NA,2.6,2.8,"2.8","0.1","","","ponderosa pine"
"324","6/21/2023",8,"PSME","27","",NA,NA,3.2,3,"3","","","","ponderosa pine"
"325","6/21/2023",8,"PSME","19","",NA,NA,2.6,2.8,"2.6","","","","ponderosa pine"
"326","6/21/2023",8,"PSME","27","",NA,NA,4.4,4.6,"4.2","","","","ponderosa pine"
"327","6/21/2023",8,"PSME","27","",NA,NA,4,5,"4","","","","ponderosa pine"
"328","6/21/2023",8,"PSME","60","",NA,NA,5,4.8,"4.8","","","","ponderosa pine"
"329","6/21/2023",8,"PIEN","105","",NA,NA,18.6,18,"18","6.2","5.8","5.8","ponderosa pine"
"330","6/21/2023",8,"PIEN","159","",NA,NA,23,23.8,"23.4","10.4","10.2","10.2","ponderosa pine"
"331","6/21/2023",8,"PIEN","47","",NA,NA,5.6,5.6,"5.4","","","","ponderosa pine"
"332","6/21/2023",8,"PIEN","71","",NA,NA,10.4,10.4,"10.4","","","","ponderosa pine"
"333","6/21/2023",8,"PSME","45","",NA,NA,6.4,6.4,"6","","","","ponderosa pine"
"334","6/21/2023",8,"PIEN","96","",NA,NA,21.8,22.4,"21.4","6.8","7.6","7","ponderosa pine"
"335","6/21/2023",8,"PIPU","62","",NA,NA,14.2,14.2,"14.2","7.2","6.8","7","ponderosa pine"
"336","6/21/2023",8,"PIFL2","52","",NA,NA,2.2,2.2,"2.4","","","","ponderosa pine"
"337","6/21/2023",8,"PIEN","108","",NA,NA,20.2,20.8,"21.2","3.4","3.4","3","ponderosa pine"
"338","6/21/2023",8,"PIPO","190","",NA,NA,27,26.8,"27.2","12.6","12.8","12.8","ponderosa pine"
"339","6/21/2023",8,"PIEN","24","",NA,NA,2.4,2.6,"2.4","0.31","","","ponderosa pine"
"340","6/21/2023",8,"PIEN","22","",NA,NA,2.6,2.8,"2.6","0.17","","","ponderosa pine"
"341","6/21/2023",8,"PSME","77","",NA,NA,2,2,"2","","","","ponderosa pine"
"342","6/21/2023",8,"PIEN","22","",NA,NA,2,1.8,"1.8","0.12","","","ponderosa pine"
"343","6/22/2023",9,"PSME","220","",NA,NA,45,44,"45.2","","","","mixed conifer"
"344","6/22/2023",9,"PSME","63","",NA,NA,13,13.4,"13.6","8.2","8.2","7.6","mixed conifer"
"345","6/22/2023",9,"PSME","232","",NA,NA,32,32.6,"32.6","","","","mixed conifer"
"346","6/22/2023",9,"PIPU","108","",NA,NA,20.8,21,"20.4","1.64","","","mixed conifer"
"347","6/22/2023",9,"PSME","178","",NA,NA,30.8,28.8,"29.6","","","","mixed conifer"
"348","6/22/2023",9,"PSME","97","",NA,NA,12.2,12.2,"12.2","3.6","3.8","3.8","mixed conifer"
"349","6/22/2023",9,"PSME","211","",NA,NA,34.4,35.4,"35.6","","","","mixed conifer"
"350","6/22/2023",9,"PSME","195","",NA,NA,24.4,23.8,"22.8","","","","mixed conifer"
"351","6/22/2023",9,"PSME","194","",NA,NA,30.8,30.8,"30.6","","","","mixed conifer"
"352","6/22/2023",9,"PSME","145","",NA,NA,23,23.2,"23","","","","mixed conifer"
"353","6/22/2023",9,"PSME","135","",NA,NA,34.6,33.2,"33.4","","","","mixed conifer"
"354","6/22/2023",9,"PSME","155","",NA,NA,30.8,31.4,"31","","","","mixed conifer"
"355","6/22/2023",9,"PSME","123","",NA,NA,29.2,29.8,"31","","","","mixed conifer"
"356","6/22/2023",9,"PSME","84","",NA,NA,13.6,13.8,"13.8","","","","mixed conifer"
"357","6/22/2023",9,"PSME","287","",NA,NA,8,7.6,"7.4","","","","mixed conifer"
"358","6/22/2023",9,"PIEN","80","",NA,NA,13.4,13.6,"13.4","0.78","","","mixed conifer"
"359","6/22/2023",9,"PIEN","50","",NA,NA,7.2,7.2,"7.2","1.15","","","mixed conifer"
"360","6/22/2023",9,"PIEN","81","",NA,NA,15.6,16.4,"16","2.4","2.6","2.6","mixed conifer"
"361","6/22/2023",9,"PSME","243","",NA,NA,36.8,35.8,"35.4","9.2","9.2","9","mixed conifer"
"362","6/22/2023",9,"PIPU","76","",NA,NA,11.2,11.4,"11.4","","","","mixed conifer"
"363","6/22/2023",9,"PSME","239","",NA,NA,40,40.3,"40","","","","mixed conifer"
"364","6/22/2023",9,"PSME","112","",NA,NA,13,13.6,"14","7.4","7.4","7.4","mixed conifer"
"365","6/22/2023",9,"PSME","239","",NA,NA,40.8,41.8,"41.2","","","","mixed conifer"
"366","6/22/2023",9,"PIPU","93","",NA,NA,18.6,18.4,"18.4","2.6","2.8","2.8","mixed conifer"
"367","6/22/2023",9,"PSME","194","",NA,NA,42,41.4,"41.2","","","","mixed conifer"
"368","6/22/2023",9,"PIEN","Unknown","",NA,NA,5,5.2,"5.2","0.72","","","mixed conifer"
"369","6/22/2023",10,"PSME","28","",NA,NA,4.2,4.4,"4.2","2.53","","","spruce-fir"
"370","6/22/2023",10,"PIEN","111","",NA,NA,18.6,18.6,"18.6","3.8","3.8","3.8","spruce-fir"
"371","6/22/2023",10,"PIEN","133","",NA,NA,23.8,24,"24.6","9.8","9.6","9.8","spruce-fir"
"372","6/22/2023",10,"PIEN","154","",NA,NA,22.8,23.4,"23","4.8","4.8","4.8","spruce-fir"
"373","6/22/2023",10,"PIEN","56","",NA,NA,9.8,10.2,"9.6","","","","spruce-fir"
"374","6/22/2023",10,"PIEN","35","",NA,NA,4.2,4,"4","","","","spruce-fir"
"375","6/22/2023",10,"PIEN","18","",NA,NA,2.15,NA,"","0.01","","","spruce-fir"
"376","6/22/2023",10,"PIEN","89","",NA,NA,14,14.6,"13.8","0.56","","","spruce-fir"
"377","6/22/2023",10,"PSME","52","",NA,NA,6.2,6.2,"6","2.4","","","spruce-fir"
"378","6/22/2023",10,"PIEN","28","41",NA,NA,5.2,6,"6.2","0.25","","","spruce-fir"
"379","6/22/2023",10,"PIEN","50","",NA,NA,7.2,7.4,"7","0.09","","","spruce-fir"
"380","6/22/2023",10,"PIEN","73","",NA,NA,9.8,10,"9.8","0.09","","","spruce-fir"
"381","6/22/2023",10,"PIEN","81","",NA,NA,10.6,11,"11","","","","spruce-fir"
"382","6/22/2023",10,"PIEN","67","",NA,NA,10,10.4,"10.4","","","","spruce-fir"
"383","6/22/2023",10,"PIEN","33","",NA,NA,6.6,6.2,"6","","","","spruce-fir"
"384","6/22/2023",10,"PIEN","64","",NA,NA,7,7.4,"7","0.26","","","spruce-fir"
"385","6/22/2023",10,"PIEN","110","",NA,NA,20.6,19.6,"20","4.6","4.4","4.4","spruce-fir"
"386","6/22/2023",10,"PIEN","35","",NA,NA,5.6,5.4,"5.4","0.55","","","spruce-fir"
"387","6/22/2023",10,"PIEN","100","",NA,NA,16,16.4,"17","0.2","","","spruce-fir"
"388","6/22/2023",10,"PIEN","72","",NA,NA,14.4,14.8,"15","6.2","6.2","6.4","spruce-fir"
"389","6/22/2023",10,"PIEN","89","",NA,NA,15.8,15.8,"15.6","7.2","7.2","7","spruce-fir"
"390","6/22/2023",10,"PIEN","163","",NA,NA,19.4,19.2,"19.2","0.16","","","spruce-fir"
"391","6/22/2023",11,"PIEN","116","",NA,NA,21.4,21,"21.4","6.6","6.4","6.2","ponderosa pine"
"392","6/22/2023",11,"PSME","19","",NA,NA,3.2,2.6,"3","0.85","","","ponderosa pine"
"393","6/22/2023",11,"PIPO","133","",NA,NA,27,26,"27.4","15.6","15.4","14.6","ponderosa pine"
"394","6/22/2023",11,"PIPO","213","",NA,NA,30.6,30.4,"29.8","11.8","11.6","11.6","ponderosa pine"
"395","6/22/2023",11,"PSME","48","",NA,NA,13.4,13.4,"13.2","","","","ponderosa pine"
"396","6/22/2023",11,"PSME","19","",NA,NA,2,1.8,"2","0.9","","","ponderosa pine"
"397","6/22/2023",11,"PSME","190","",NA,NA,27.8,28.6,"22.4","","","","ponderosa pine"
"398","6/22/2023",11,"PSME","80","",NA,NA,10.6,11,"10.4","","","","ponderosa pine"
"399","6/22/2023",11,"POTR5","32","",NA,NA,7.2,7,"7.2","1.6","1.4","1.6","ponderosa pine"
"400","6/22/2023",11,"POTR5","40","",NA,NA,8.2,8.2,"7.8","1.6","1.6","1.4","ponderosa pine"
"401","6/22/2023",11,"POTR5","32","",NA,NA,7.8,7.8,"7.8","2","1.8","2","ponderosa pine"
"402","6/22/2023",11,"PSME","193","",NA,NA,17.2,17.2,"16.8","","","","ponderosa pine"
"403","6/22/2023",11,"PSME","123","",NA,NA,17.8,17.4,"17.2","2.8","2.6","2.6","ponderosa pine"
"404","6/22/2023",11,"PSME","26","",NA,NA,2.8,2.8,"3","0.18","","","ponderosa pine"
"405","6/22/2023",11,"PIEN","72","",NA,NA,14,13.8,"14","4.6","4.6","4.6","ponderosa pine"
"406","6/22/2023",11,"PIFL2","165","",NA,NA,25.2,25.4,"25.8","5.2","5.4","5","ponderosa pine"
"407","6/22/2023",11,"PIEN","55","",NA,NA,9.4,9.8,"9.6","","","","ponderosa pine"
"408","6/22/2023",11,"POTR5","21","",NA,NA,5.2,5,"5.2","1.6","1.8","1.8","ponderosa pine"
"409","6/22/2023",11,"PIPO","136","",NA,NA,26.2,24.8,"24.2","7.4","7.2","7.6","ponderosa pine"
"410","6/22/2023",11,"PSME","231","",NA,NA,20.4,20.4,"20.2","","","","ponderosa pine"
"411","6/22/2023",11,"Unknown","80","",NA,NA,16.4,15.8,"16.4","0.55","","","ponderosa pine"
"412","6/23/2023",12,"PIEN","38","",NA,NA,8.8,8.8,"8.8","0.76","","","spruce-fir"
"413","6/23/2023",12,"PIEN","85","",NA,NA,20.6,19,"21.6","8.2","7.6","6.8","spruce-fir"
"414","6/23/2023",12,"PIEN","43","",NA,NA,7.2,7.4,"7.4","","","","spruce-fir"
"415","6/23/2023",12,"PIEN","191","",NA,NA,33.2,34,"34","15.6","14.4","14.4","spruce-fir"
"416","6/23/2023",12,"PIEN","77","",NA,NA,14.4,14.6,"14.4","","","","spruce-fir"
"417","6/23/2023",12,"PIEN","46","",NA,NA,9.6,10.8,"10","0.43","","","spruce-fir"
"418","6/23/2023",12,"PIEN","65","",NA,NA,15,15,"15","3.8","3.6","3.8","spruce-fir"
"419","6/23/2023",12,"PIEN","73","",NA,NA,20.6,20.4,"21.2","","","","spruce-fir"
"420","6/23/2023",12,"PIEN","57","",NA,NA,15.4,14,"14.2","5","6.2","5.4","spruce-fir"
"421","6/23/2023",12,"PIEN","119","",NA,NA,24.4,24.8,"23.2","10.4","11.4","11","spruce-fir"
"422","6/23/2023",12,"PIEN","52","",NA,NA,10,11.6,"11.2","5.2","4.8","5","spruce-fir"
"423","6/23/2023",12,"PIEN","236","",NA,NA,3.4,3.4,"3.6","","","","spruce-fir"
"424","6/23/2023",12,"PIPU","102","",NA,NA,22.4,22.8,"22.8","1.35","","","spruce-fir"
"425","6/23/2023",12,"PIEN","37","",NA,NA,5.6,5.4,"6","0.31","","","spruce-fir"
"426","6/23/2023",12,"PIEN","164","",NA,NA,29.8,28.6,"30.2","12.8","13","12.8","spruce-fir"
"427","6/23/2023",12,"PIEN","132","",NA,NA,28.2,29,"28.2","10.4","10.2","10.2","spruce-fir"
"428","6/23/2023",12,"PIEN","26","",NA,NA,3.8,3.6,"3.8","1.53","","","spruce-fir"
"429","6/23/2023",12,"PIEN","115","",NA,NA,22.8,23.4,"22.2","4","4.6","4.6","spruce-fir"
"430","6/23/2023",12,"PIEN","58","",NA,NA,15.4,15.4,"15.6","","","","spruce-fir"
"431","6/23/2023",12,"PIEN","63","",NA,NA,13.8,14,"13.8","4.6","4.8","4.6","spruce-fir"
"432","6/23/2023",12,"PIEN","29","",NA,NA,6.6,6.4,"6.6","1.65","","","spruce-fir"
"433","6/23/2023",12,"PIEN","46","",NA,NA,15.4,15.6,"15.8","","","","spruce-fir"
"434","6/23/2023",12,"POTR5","154","",NA,NA,24.4,23.6,"23.2","","","","spruce-fir"
"435","6/23/2023",12,"PIEN","132","",NA,NA,25.4,24.8,"23.8","15.6","15.4","15","spruce-fir"
"436","6/23/2023",12,"PIEN","132","",NA,NA,30.2,29.4,"30","20.6","","","spruce-fir"
"437","6/23/2023",12,"POTR5","51","",NA,NA,12.4,11.8,"12","","","","spruce-fir"
"438","6/23/2023",12,"POTR5","39","",NA,NA,12,12,"12","","","","spruce-fir"
"439","6/23/2023",12,"POTR5","95","",NA,NA,22.8,21.8,"22.2","17.4","16.6","17","spruce-fir"
"440","6/23/2023",12,"PIEN","178","",NA,NA,28.4,28.4,"28.4","2.05","","","spruce-fir"
"441","6/23/2023",12,"PIEN","24","",NA,NA,6.2,5.8,"6.4","1.07","","","spruce-fir"
"442","6/23/2023",12,"PIEN","39","",NA,NA,7.2,7.6,"7.4","2.05","","","spruce-fir"
"443","6/23/2023",12,"PIEN","159","",NA,NA,23.4,24.2,"24.8","0.45","","","spruce-fir"
"444","6/23/2023",12,"PIEN","161","",NA,NA,30.6,31.2,"31.4","2","","","spruce-fir"
"445","6/23/2023",12,"PIEN","22","",NA,NA,10.2,9.6,"9.4","","","","spruce-fir"
"446","6/23/2023",12,"PIEN","108","",NA,NA,23,22.6,"22.4","6.2","6.4","6","spruce-fir"
"447","6/23/2023",12,"PIEN","130","",NA,NA,25.8,25.2,"26","4.6","5.2","4.6","spruce-fir"
"448","6/23/2023",12,"PIEN","23","",NA,NA,3.4,3.4,"3.4","1.52","","","spruce-fir"
"449","6/23/2023",12,"POTR5","130","",NA,NA,36,35.2,"34.8","","","","spruce-fir"
"450","6/23/2023",12,"PIEN","99","",NA,NA,22.2,22.2,"22","7.6","7.2","7.4","spruce-fir"
"451","6/23/2023",12,"PIEN","104","",NA,NA,21,21,"21.2","10.2","11","10.2","spruce-fir"
"452","6/23/2023",12,"POTR5","21","",NA,NA,6.2,6.2,"6.2","2.25","","","spruce-fir"
"453","6/23/2023",12,"POTR5","24","",NA,NA,7.2,7.2,"7.2","2.26","","","spruce-fir"
"454","6/23/2023",13,"PSME","37","",NA,NA,3.6,3.6,"3.4","1.8","","","spruce-fir"
"455","6/23/2023",13,"PSME","124","",NA,NA,20.8,20.6,"21","5.6","5.6","6","spruce-fir"
"456","6/23/2023",13,"PSME","22","",NA,NA,3.6,3,"2.8","0.55","","","spruce-fir"
"457","6/23/2023",13,"PSME","23","",NA,NA,3.4,3.2,"3.6","0.03","","","spruce-fir"
"458","6/23/2023",13,"PIEN","21","",NA,NA,3.6,3.2,"3.4","0.45","","","spruce-fir"
"459","6/23/2023",13,"PIEN","13","",NA,NA,2.4,2.6,"2.4","0.34","","","spruce-fir"
"460","6/23/2023",13,"PIEN","26","",NA,NA,4.2,4.4,"4.4","1.6","1.8","1.6","spruce-fir"
"461","6/23/2023",13,"PIEN","87","",NA,NA,16.6,16.2,"16.8","4.4","4.6","4.8","spruce-fir"
"462","6/23/2023",13,"PIEN","67","",NA,NA,14.6,14.8,"14.6","4","4","3.6","spruce-fir"
"463","6/23/2023",13,"PIEN","92","",NA,NA,19.6,19.4,"19.6","6","6.4","5.6","spruce-fir"
"464","6/23/2023",13,"PIEN","81","",NA,NA,18.6,18.6,"20.6","7","6.8","6.6","spruce-fir"
"465","6/23/2023",13,"PIEN","25","",NA,NA,4,4,"4","1.2","","","spruce-fir"
"466","6/23/2023",13,"PIEN","22","",NA,NA,3.2,3,"3.4","0.9","","","spruce-fir"
"467","6/23/2023",13,"PIEN","24","",NA,NA,4.2,4.4,"4","0.75","","","spruce-fir"
"468","6/23/2023",13,"PIPU","121","",NA,NA,17.4,17.2,"17.2","0.05","","","spruce-fir"
"469","6/23/2023",13,"PIEN","40","",NA,NA,7.6,7.8,"8.2","1.8","2","2","spruce-fir"
"470","6/23/2023",13,"PIEN","34","",NA,NA,5.8,6,"6","0.6","0.6","0.6","spruce-fir"
"471","6/23/2023",13,"PIEN","75","",NA,NA,11.6,12.6,"11.8","1.2","1.2","1.2","spruce-fir"
"472","6/23/2023",13,"PIPU","165","",NA,NA,18.8,20,"19.6","","","","spruce-fir"
"473","6/23/2023",13,"PIEN","64","",NA,NA,9.4,8.8,"9.2","1.8","1.8","1.6","spruce-fir"
"474","6/23/2023",13,"PIEN","82","",NA,NA,13.2,13,"12.8","1.96","","","spruce-fir"
"475","6/23/2023",13,"PIEN","247","",NA,NA,29,28.2,"28.6","3","2.6","2.6","spruce-fir"
"476","6/23/2023",13,"PIEN","53","",NA,NA,7.4,7.2,"7.2","","","","spruce-fir"
"477","6/23/2023",13,"PIEN","52","",NA,NA,6.6,6.4,"6.6","1.8","1.8","1.4","spruce-fir"
"478","6/23/2023",13,"PIPU","125","",NA,NA,1.87,NA,"","","","","spruce-fir"
"479","6/23/2023",13,"PIPU","174","",NA,NA,6.6,6.6,"6.8","","","","spruce-fir"
"480","6/23/2023",13,"PORT5","19","",NA,NA,6.8,6.8,"6.8","2.2","2","2","spruce-fir"
"481","6/23/2023",13,"POTR5","22","",NA,NA,6.6,6.4,"6.2","2.2","2.2","2","spruce-fir"
"482","6/27/2023",14,"PIEN","132","",NA,NA,21,21.4,"21.4","11.4","11.4","11.4","mixed conifer"
"483","6/27/2023",14,"PIEN","42","",NA,NA,4.8,9.6,"9.8","","","","mixed conifer"
"484","6/27/2023",14,"PIEN","20","",NA,NA,4,3.8,"4.2","","","","mixed conifer"
"485","6/27/2023",14,"PIEN","18","",NA,NA,3,3.2,"3.4","","","","mixed conifer"
"486","6/27/2023",14,"PIEN","36","",NA,NA,6.2,6.4,"5.8","","","","mixed conifer"
"487","6/27/2023",14,"PIEN","24","",NA,NA,5.2,5.2,"5.4","","","","mixed conifer"
"488","6/27/2023",14,"PIEN","80","",NA,NA,15.2,15.2,"15","","","","mixed conifer"
"489","6/27/2023",14,"PIEN","32","",NA,NA,7.4,7.4,"7.4","","","","mixed conifer"
"490","6/27/2023",14,"PIEN","26","",NA,NA,5,5.2,"4.8","","","","mixed conifer"
"491","6/27/2023",14,"PSME","154","",NA,NA,23,22.6,"22.8","9.4","9","8.6","mixed conifer"
"492","6/27/2023",14,"PSME","59","",NA,NA,16.6,16.2,"16.2","","","","mixed conifer"
"493","6/27/2023",14,"PIEN","84","",NA,NA,17.4,16.6,"16.8","","","","mixed conifer"
"494","6/27/2023",14,"PIEN","47","",NA,NA,9.8,10,"10.2","","","","mixed conifer"
"495","6/27/2023",14,"POTR5","57","",NA,NA,13.8,13.4,"13.2","10","9.4","9.4","mixed conifer"
"496","6/27/2023",14,"POTR5","53","",NA,NA,9.2,9.2,"8.8","","","","mixed conifer"
"497","6/27/2023",14,"PIPU","94","",NA,NA,19.2,18.4,"19.2","11.8","11.8","11.4","mixed conifer"
"498","6/27/2023",14,"POTR5","58","",NA,NA,14.6,13.6,"14.4","8.8","9","8.8","mixed conifer"
"499","6/27/2023",14,"PIEN","52","",NA,NA,11.2,10.8,"11.2","","","","mixed conifer"
"500","6/27/2023",14,"PIEN","33","",NA,NA,4.4,3.8,"4.2","","","","mixed conifer"
"501","6/27/2023",14,"PSME","133","",NA,NA,17.6,18.4,"17.8","7.4","7","7.2","mixed conifer"
"502","6/27/2023",14,"PSME","86","",NA,NA,18.4,17.4,"18","3","2.8","2.6","mixed conifer"
"503","6/27/2023",14,"PSME","68","",NA,NA,15.6,15.4,"15.8","10.6","11.4","11","mixed conifer"
"504","6/27/2023",14,"POTR5","41","",NA,NA,16.8,17.2,"17","14.2","14.4","13.8","mixed conifer"
"505","6/27/2023",14,"PIEN","16","",NA,NA,4.2,4,"4.2","","","","mixed conifer"
"506","6/27/2023",14,"PIEN","24","",NA,NA,6.6,6.8,"6.8","","","","mixed conifer"
"507","6/27/2023",14,"PIEN","56","",NA,NA,14.8,14.8,"14","","","","mixed conifer"
"508","6/27/2023",14,"PIEN","79","",NA,NA,15,15.2,"14.8","","","","mixed conifer"
"509","6/27/2023",14,"PSME","93","",NA,NA,3.2,3.2,"3","","","","mixed conifer"
"510","6/27/2023",14,"PIEN","123","",NA,NA,20,20.8,"19.8","","","","mixed conifer"
"511","6/27/2023",14,"PSME","165","",NA,NA,25,25.2,"25.2","5.6","5.8","5.8","mixed conifer"
"512","6/27/2023",14,"POTR5","42","",NA,NA,8.4,8.4,"8.4","","","","mixed conifer"
"513","6/27/2023",14,"PSME","153","",NA,NA,25.8,25.2,"26.6","11.2","11.6","11.2","mixed conifer"
"514","6/27/2023",14,"PIEN","37","",NA,NA,9.4,9.6,"9.8","6.8","6","7","mixed conifer"
"515","6/27/2023",14,"PIEN","39","",NA,NA,10.4,9.8,"9.8","8","7.8","8","mixed conifer"
"516","6/27/2023",14,"PSME","99","",NA,NA,18.6,18.2,"18.8","5.8","6.2","5.8","mixed conifer"
"517","6/27/2023",14,"PIEN","27","",NA,NA,7.4,7,"6.6","","","","mixed conifer"
"518","6/27/2023",14,"PIEN","45","",NA,NA,2.2,2.4,"2.6","","","","mixed conifer"
"519","6/27/2023",14,"PIEN","29","",NA,NA,4,4.2,"4.2","0.1","","","mixed conifer"
"520","6/27/2023",14,"PIEN","22","",NA,NA,4.2,4,"4.2","","","","mixed conifer"
"521","6/27/2023",14,"PSME","14","",NA,NA,3,3.4,"3.2","","","","mixed conifer"
"522","6/27/2023",14,"PIEN","28","",NA,NA,5.2,5.6,"5.4","0.4","","","mixed conifer"
"523","6/27/2023",14,"PIEN","22","",NA,NA,5.8,5.6,"5.8","","","","mixed conifer"
"524","6/27/2023",14,"PIEN","29","",NA,NA,3.2,3.2,"3","0.55","","","mixed conifer"
"525","6/27/2023",14,"PIPU","98","",NA,NA,18,17.8,"19","4.4","4.8","4.2","mixed conifer"
"526","6/27/2023",14,"PIPU","55","",NA,NA,10.6,10.6,"11.2","5.6","5.8","5.6","mixed conifer"
"527","6/27/2023",14,"PIEN","19","",NA,NA,5.6,5,"4.4","","","","mixed conifer"
"528","6/27/2023",14,"PIEN","15","",NA,NA,3.6,3.6,"3.2","","","","mixed conifer"
"529","6/27/2023",14,"PIEN","25","",NA,NA,3.6,4,"4","0.45","","","mixed conifer"
"530","6/27/2023",14,"PSME","34","",NA,NA,4.2,4.4,"4.6","","","","mixed conifer"
"531","6/27/2023",14,"PIEN","35","",NA,NA,11,11.2,"10.8","unknown","unknown","unknown","mixed conifer"
"532","6/27/2023",14,"PSME","80","",NA,NA,17,17.2,"17.8","7.8","7.6","7.8","mixed conifer"
"533","6/27/2023",14,"PIEN","30","",NA,NA,7,7.2,"7.2","","","","mixed conifer"
"534","6/27/2023",14,"PIEN","61","",NA,NA,13.2,13.2,"13.2","","","","mixed conifer"
"535","6/27/2023",14,"PIEN","43","",NA,NA,13.2,13.2,"12.8","11.2","11.8","11.2","mixed conifer"
"536","6/27/2023",14,"PIEN","22","",NA,NA,6,5.8,"5.6","","","","mixed conifer"
"537","6/27/2023",14,"PSME","60","",NA,NA,17.2,18,"17","12.2","11.4","12","mixed conifer"
"538","6/27/2023",14,"PIEN","21","",NA,NA,3,3.2,"2.8","","","","mixed conifer"
"539","6/27/2023",14,"PIEN","27","",NA,NA,4.2,4.8,"4.2","","","","mixed conifer"
"540","6/27/2023",14,"PIEN","109","",NA,NA,21.4,21.4,"21.2","9","9.6","9.4","mixed conifer"
"541","6/27/2023",14,"PIPO","58","",NA,NA,16,16.4,"16.6","8","7.8","8","mixed conifer"
"542","6/27/2023",14,"PIEN","36","",NA,NA,7.6,7.2,"7.4","","","","mixed conifer"
"543","6/28/2023",15,"POTR5","66","",NA,NA,22.8,22.6,"22.4","20","19.4","19.6","mixed conifer"
"544","6/28/2023",15,"PIEN","72","",NA,NA,13.6,13.4,"13.4","10.8","11","10.8","mixed conifer"
"545","6/28/2023",15,"PIEN(check color)","76","",NA,NA,17.8,17.6,"17.6","13.8","13","13.4","mixed conifer"
"546","6/28/2023",15,"PIEN","18","",NA,NA,2.8,3.6,"3.8","0.52","","","mixed conifer"
"547","6/28/2023",15,"PIEN","19","",NA,NA,6,6.4,"5.8","","","","mixed conifer"
"548","6/28/2023",15,"POTR5","65","",NA,NA,25,24.8,"25.2","19.6","19.4","19.6","mixed conifer"
"549","6/28/2023",15,"PIEN","86","",NA,NA,23,23.2,"23.4","11.6","11.4","12.2","mixed conifer"
"550","6/28/2023",15,"POTR5","90","",NA,NA,27.2,26.6,"26.8","17.2","17.2","17","mixed conifer"
"551","6/28/2023",15,"PIEN","88","",NA,NA,22.6,21.8,"23","10.6","10.4","10.2","mixed conifer"
"552","6/28/2023",15,"Dead","44","",NA,NA,11.4,11.8,"12.2","","","","mixed conifer"
"553","6/28/2023",15,"Dead","118","",NA,NA,22.8,22.6,"23.4","","","","mixed conifer"
"554","6/28/2023",15,"Dead","29","",NA,NA,11.8,12,"12","","","","mixed conifer"
"555","6/28/2023",15,"PSME","149","",NA,NA,24.4,24.2,"24.2","13","13","12.8","mixed conifer"
"556","6/28/2023",15,"Dead","145","",NA,NA,27.2,27.8,"27.6","","","","mixed conifer"
"557","6/28/2023",15,"PIEN","60","",NA,NA,8.6,7.8,"7.2","","","","mixed conifer"
"558","6/28/2023",15,"POTR5","82","",NA,NA,23.2,23.4,"23.2","15.8","15.2","16","mixed conifer"
"559","6/28/2023",15,"POTR5","102","18",NA,NA,27,26.6,"26.8","21","21.2","21.2","mixed conifer"
"560","6/28/2023",15,"PIPU","122","",NA,NA,16.2,16.4,"17","0.63","","","mixed conifer"
"561","6/28/2023",15,"PSME","178","",NA,NA,23.8,22.6,"23.2","12","11.8","12.2","mixed conifer"
"562","6/28/2023",15,"POTR5","63","",NA,NA,20.2,20,"20.2","17.4","16","17","mixed conifer"
"563","6/28/2023",15,"PSME","62","",NA,NA,14.2,14.6,"14.6","10.2","9.6","11","mixed conifer"
"564","6/28/2023",15,"PSME","102","",NA,NA,22.4,22.4,"22","14.2","15","15.6","mixed conifer"
"565","6/28/2023",15,"PSME","62","",NA,NA,14.2,14.2,"14.2","","","","mixed conifer"
"566","6/28/2023",15,"POTR5","88","",NA,NA,24,24,"23.2","16.2","16.4","17.4","mixed conifer"
"567","6/28/2023",15,"PSME","70","",NA,NA,8.4,8.2,"8.4","","","","mixed conifer"
"568","6/28/2023",15,"PSME","24","",NA,NA,5,4.8,"4.6","","","","mixed conifer"
"569","6/28/2023",15,"PSME","128","",NA,NA,24.4,24.8,"24","20.4","20","20.6","mixed conifer"
"570","6/28/2023",15,"PSME","35","",NA,NA,10.8,11,"10","","","","mixed conifer"
"571","6/28/2023",15,"PSME","64","",NA,NA,20.6,20.2,"20.4","16.6","16","15","mixed conifer"
"572","6/28/2023",15,"POTR5","47","",NA,NA,21.4,20.8,"23","16.2","15.4","15.4","mixed conifer"
"573","6/28/2023",15,"POTR5","98","",NA,NA,23.6,24,"25","17.4","17.6","17.6","mixed conifer"
"574","6/28/2023",15,"PSME","32","",NA,NA,8.8,9.2,"8.8","","","","mixed conifer"
"575","6/28/2023",15,"POTR5","78","",NA,NA,25.2,26.2,"24.6","19.2","18.8","19.4","mixed conifer"
"576","6/28/2023",15,"PSME","110","",NA,NA,24.4,23.4,"23.4","6.6","6.8","7","mixed conifer"
"577","6/28/2023",15,"PSME","43","",NA,NA,12.4,11.8,"11.8","","","","mixed conifer"
"578","6/28/2023",15,"POTR5","98","91",163,NA,27.4,27.8,"26.6","16.4","16.3","16","mixed conifer"
"579","6/28/2023",15,"PSME","33","",NA,NA,5.6,5.4,"5.2","1.97","","","mixed conifer"
"580","6/28/2023",15,"PIEN","76","",NA,NA,12.2,12.2,"11.6","","","","mixed conifer"
"581","6/28/2023",15,"PSME","40","",NA,NA,12.6,12.2,"","7.6","7.2","7.2","mixed conifer"
"582","6/28/2023",15,"POTR5","82","",NA,NA,23,22.4,"23.6","15","15.4","15.2","mixed conifer"
"583","6/28/2023",15,"PSME","80","",NA,NA,4.8,5,"4.6","","","","mixed conifer"
"584","6/28/2023",15,"PSME","70","",NA,NA,11.6,11.4,"11.4","","","","mixed conifer"
"585","6/28/2023",15,"POTR5","83","",NA,NA,23.4,23,"23.8","13.4","13.4","13.6","mixed conifer"
"586","6/28/2023",15,"POTR5","72","",NA,NA,18.6,19.6,"18.8","14.6","14","14","mixed conifer"
"587","6/28/2023",15,"POTR5","65","",NA,NA,23.2,22.6,"22","17","17","16","mixed conifer"
"588","6/28/2023",15,"PSME","90","",NA,NA,8,8.4,"8.2","","","","mixed conifer"
"589","6/28/2023",15,"PSME","61","",NA,NA,1.8,2,"1.8","","","","mixed conifer"
"590","6/28/2023",15,"Dead","45","",NA,NA,10,10.4,"9.4","","","","mixed conifer"
"591","6/28/2023",15,"PSME","33","",NA,NA,8.2,7.8,"7.8","4.2","4.2","4.2","mixed conifer"
"592","6/28/2023",15,"PSME","82","",NA,NA,20.6,20.8,"20.4","10.2","9.6","9.6","mixed conifer"
"593","6/28/2023",15,"PSME","57","",NA,NA,7.4,8,"7.8","","","","mixed conifer"
"594","6/28/2023",15,"POTR5","50","",NA,NA,19.6,19.6,"20.4","15.8","16","15.2","mixed conifer"
"595","6/28/2023",15,"PSME","47","",NA,NA,4.6,4.6,"4.6","","","","mixed conifer"
"596","6/28/2023",16,"PSME","92","",NA,NA,18.2,19,"18","4.4","4.4","4.6","ponderosa pine"
"597","6/28/2023",16,"PIPO","168","",NA,NA,19,18.6,"19.4","1.4","1.4","1.4","ponderosa pine"
"598","6/28/2023",16,"PIPO","153","",NA,NA,24,25,"23.4","4","4","4","ponderosa pine"
"599","6/28/2023",16,"PSME","90","",NA,NA,16.8,17,"17","5.4","5.8","5.8","ponderosa pine"
"600","6/28/2023",16,"PSME","31","",NA,NA,5.6,5.2,"5.2","0.28","","","ponderosa pine"
"601","6/28/2023",16,"PSME","29","",NA,NA,6.8,6.8,"6.2","1.16","","","ponderosa pine"
"602","6/28/2023",16,"PIPO","140","",NA,NA,25,24,"25","9.8","9.6","10","ponderosa pine"
"603","6/28/2023",16,"PIPO","44","",NA,NA,10.8,10.4,"10.4","2.8","3","2.8","ponderosa pine"
"604","6/28/2023",16,"PIPU","56","",NA,NA,9.8,10.2,"10","0.51","","","ponderosa pine"
"605","6/28/2023",16,"PIPO","87","",NA,NA,18.6,18.4,"19.2","9.2","9.4","9.6","ponderosa pine"
"606","6/28/2023",16,"PSME","62","",NA,NA,15.8,15.2,"15","3.4","3.4","3.4","ponderosa pine"
"607","6/28/2023",16,"PIEN","24","",NA,NA,4.4,4,"4.4","0.12","","","ponderosa pine"
"608","6/28/2023",16,"PSME","84","",NA,NA,16,15.8,"16.6","0.75","","","ponderosa pine"
"609","6/28/2023",16,"PIPO","196","",NA,NA,26.2,25.8,"26.4","11.2","11","11.4","ponderosa pine"
"610","6/28/2023",16,"PSME","103","",NA,NA,16,16.4,"15.6","1.5","","","ponderosa pine"
"611","6/28/2023",16,"PSME","43","",NA,NA,6.8,7.2,"6.8","1.45","","","ponderosa pine"
"612","6/28/2023",16,"PSME","48","",NA,NA,12,12,"12.4","0.79","","","ponderosa pine"
"613","6/28/2023",16,"PSME","51","",NA,NA,11.2,10,"11","","","","ponderosa pine"
"614","6/28/2023",16,"PSME","114","",NA,NA,17.8,18,"17.8","6.4","6.4","6.4","ponderosa pine"
"615","6/28/2023",16,"PSME","73","",NA,NA,9.8,10,"9.8","0","","","ponderosa pine"
"616","6/28/2023",16,"PIPU","235","",NA,NA,27.6,28,"28.4","2.4","2.6","2.6","ponderosa pine"
"617","6/29/2023",17,"POTR5","29","",NA,NA,9.2,9.2,"9","2.6","2.6","2.4","aspen"
"618","6/29/2023",17,"POTR5","23","",NA,NA,5.4,6,"6","1.6","1.8","2","aspen"
"619","6/29/2023",17,"POTR5","76","",NA,NA,15,15.2,"15.4","4.8","4.8","5.4","aspen"
"620","6/29/2023",17,"POTR5","47","",NA,NA,12.6,12.4,"12","4.4","4.8","4.4","aspen"
"621","6/29/2023",17,"POTR5","27","",NA,NA,6,6,"6","4","4.2","4","aspen"
"622","6/29/2023",17,"POTR5","82","",NA,NA,18,17.6,"17.4","9","8.8","9","aspen"
"623","6/29/2023",17,"POTR5","66","",NA,NA,16.4,16.2,"16.6","6.8","7","6.8","aspen"
"624","6/29/2023",17,"PIEN","18","",NA,NA,3.2,3.4,"3.4","0.2","","","aspen"
"625","6/29/2023",17,"PIEN","20","",NA,NA,3.6,4,"3.8","0.2","","","aspen"
"626","6/29/2023",17,"POTR5","58","",NA,NA,11,10.8,"12","6","5.8","5.6","aspen"
"627","6/29/2023",17,"POTR5","29","",NA,NA,9.4,9.4,"9.6","2.2","2","2","aspen"
"628","6/29/2023",17,"POTR5","24","",NA,NA,8.2,8.6,"8.4","2","2","2.2","aspen"
"629","6/29/2023",17,"POTR5","19","",NA,NA,8.6,8.6,"7.2","2.4","2.4","2.8","aspen"
"630","6/29/2023",17,"POTR5","19","",NA,NA,5.6,5.8,"6","1.57","","","aspen"
"631","6/29/2023",17,"POTR5","63","",NA,NA,14.2,14.2,"14","4.8","4.6","4.4","aspen"
"632","6/29/2023",17,"POTR5","19","",NA,NA,6.2,6.2,"6.2","3.4","3.2","3","aspen"
"633","6/29/2023",17,"POTR5","18","",NA,NA,6.6,6.2,"7.2","3","3","3","aspen"
"634","6/29/2023",17,"POTR5","18","",NA,NA,6.8,6.6,"6.6","2.6","2.8","2.6","aspen"
"635","6/29/2023",17,"POTR5","14","",NA,NA,7,6.4,"6","3.2","3.2","3","aspen"
"636","6/29/2023",17,"POTR5","13","",NA,NA,5.6,4.6,"5.4","1.01","","","aspen"
"637","6/29/2023",17,"POTR5","17","",NA,NA,6,6.2,"6.2","1.15","","","aspen"
"638","6/29/2023",17,"PIEN","19","",NA,NA,2.8,2.8,"2.6","0.23","","","aspen"
"639","6/29/2023",17,"PIEN","40","",NA,NA,7,6.6,"7","0.73","","","aspen"
"640","6/29/2023",17,"POTR5","60","",NA,NA,14.2,14,"14","5","5.2","5.4","aspen"
"641","6/29/2023",17,"POTR5","40","",NA,NA,12.2,12.4,"12.2","4.4","4.2","4","aspen"
"642","6/29/2023",17,"PIPU","142","",NA,NA,16.8,17.4,"17.2","0.01","","","aspen"
"643","6/29/2023",17,"PIPU","54","",NA,NA,11.6,12.2,"11.8","","","","aspen"
"644","6/29/2023",17,"PIEN","65","",NA,NA,15.2,15.4,"15","6","5.8","5.4","aspen"
"645","6/29/2023",17,"POTR5","144","",NA,NA,24,25.2,"24.2","14.2","13.4","15","aspen"
"646","6/29/2023",17,"PIEN","29","",NA,NA,6.8,7,"6.6","1.43","","","aspen"
"647","6/29/2023",17,"PIEN","19","",NA,NA,3,3,"3","0.49","","","aspen"
"648","6/29/2023",17,"PIEN","105","",NA,NA,19.4,19.2,"19","4.2","4","4.4","aspen"
"649","6/29/2023",17,"PIPU","42","",NA,NA,9.2,9.2,"8.8","0.97","","","aspen"
"650","6/29/2023",17,"POTR5","34","",NA,NA,10.4,10.4,"10.4","3.2","3.2","3.4","aspen"
"651","6/29/2023",17,"POTR5","71","",NA,NA,15.8,14.4,"14.2","5","4.4","4.2","aspen"
"652","6/29/2023",17,"POTR5","56","",NA,NA,14.4,14.4,"14.2","6.4","6.4","6.4","aspen"
"653","6/29/2023",17,"PSME","20","",NA,NA,3.4,3.2,"3.4","0.15","","","aspen"
"654","6/29/2023",17,"PSME","18","",NA,NA,2.8,3,"2.8","0.03","","","aspen"
"655","6/29/2023",17,"POTR5","30","",NA,NA,6.8,7,"6.6","2.2","2.4","2.2","aspen"
"656","6/29/2023",17,"POTR5","28","",NA,NA,6.4,6.2,"6.4","1.6","1.4","1.4","aspen"
"657","6/29/2023",17,"POTR5","20","",NA,NA,5,5.2,"5.4","2.4","2.2","2.2","aspen"
"658","6/29/2023",17,"POTR5","45","",NA,NA,14,13.4,"14.2","5.8","5","5.2","aspen"
"659","6/29/2023",17,"POTR5","16","",NA,NA,17,16.8,"16","2.8","3.2","3.4","aspen"
"660","6/29/2023",17,"POTR5","38","",NA,NA,8.8,8.8,"9","3","3.4","3.2","aspen"
"661","6/29/2023",17,"POTR5","26","",NA,NA,4.6,5,"4.4","3.2","3.2","3.2","aspen"
"662","6/29/2023",17,"POTR5","60","",NA,NA,16.6,17,"16.4","8.2","8.2","8.2","aspen"
"663","6/29/2023",17,"POTR5","68","",NA,NA,17.4,18,"18","5.4","5.6","5.6","aspen"
"664","6/30/2023",18,"PIEN","35","",NA,NA,1.53,NA,"","","","","spruce-fir"
"665","6/30/2023",18,"PIEN","97","",NA,NA,19.6,19.6,"20.6","11","10.8","10.6","spruce-fir"
"666","6/30/2023",18,"PIEN","152","",NA,NA,22.4,21.8,"22.6","7.4","8.6","7.6","spruce-fir"
"667","6/30/2023",18,"PIEN","18","",NA,NA,13.6,14.2,"13.2","10.8","11.2","11.4","spruce-fir"
"668","6/30/2023",18,"PIEN","15","",NA,NA,2.32,NA,"","1.08","","","spruce-fir"
"669","6/30/2023",18,"PIEN","15","",NA,NA,2.25,NA,"","0.8","","","spruce-fir"
"670","6/30/2023",18,"PSME","133","",NA,NA,24.4,24,"24.8","6.4","6","6.2","spruce-fir"
"671","6/30/2023",18,"PIEN","87","",NA,NA,18.4,17.8,"18.4","5.2","5.4","5.4","spruce-fir"
"672","6/30/2023",18,"POTR5","59","",NA,NA,13,13,"13.2","8.6","8.6","8.4","spruce-fir"
"673","6/30/2023",18,"POTR5","48","",NA,NA,14.4,14,"14","9.4","9.6","8.8","spruce-fir"
"674","6/30/2023",18,"POTR5","53","",NA,NA,14.8,14,"14.6","8","8.2","8","spruce-fir"
"675","6/30/2023",18,"PIPU","57","",NA,NA,2.8,2.8,"3.2","","","","spruce-fir"
"676","6/30/2023",18,"PIEN","77","",NA,NA,13.8,13.8,"13","3.2","3.8","3.4","spruce-fir"
"677","6/30/2023",18,"POTR5","13","",NA,NA,2.8,3.6,"3","","","","spruce-fir"
"678","6/30/2023",18,"PIEN","38","",NA,NA,9.6,10,"9.2","","","","spruce-fir"
"679","6/30/2023",18,"PIEN","103","",NA,NA,19.4,19,"18.6","3.6","3.2","3.4","spruce-fir"
"680","6/30/2023",18,"PIEN","140","",NA,NA,28.6,28.6,"30","11.6","11.4","11","spruce-fir"
"681","6/30/2023",18,"POTR5","36","",NA,NA,8.4,7.8,"8","","","","spruce-fir"
"682","6/30/2023",18,"POTR5","36","",NA,NA,8,8,"8.2","","","","spruce-fir"
"683","6/30/2023",18,"PIEN","126","",NA,NA,21.2,20.8,"21.4","5","4.2","5.6","spruce-fir"
"684","6/30/2023",18,"PIEN","134","",NA,NA,26.2,27.2,"27","10.2","10.6","10.6","spruce-fir"
"685","6/30/2023",18,"PIEN","138","",NA,NA,25.8,26,"25.8","7.4","8","7.8","spruce-fir"
"686","6/30/2023",18,"POTR5","76","",NA,NA,15.6,15.8,"15.6","8.8","8.8","8.8","spruce-fir"
"687","6/30/2023",18,"PIEN","15","",NA,NA,9.8,10.4,"10.2","4.6","4.8","4.8","spruce-fir"
"688","6/30/2023",18,"POTR5","49","",NA,NA,10.8,10.2,"10.8","","","","spruce-fir"
"689","6/30/2023",18,"PIEN","115","",NA,NA,20.6,20.4,"19.6","4.2","4.4","4.2","spruce-fir"
"690","6/30/2023",18,"PIEN","53","",NA,NA,6.2,6.6,"6","","","","spruce-fir"
"691","6/30/2023",18,"PIEN","130","",NA,NA,26.6,25.2,"26","6","5.6","6.2","spruce-fir"
"692","6/30/2023",18,"PSME","22","",NA,NA,2.6,2.6,"2.6","0.2","","","spruce-fir"
"693","6/30/2023",18,"POTR5","16","",NA,NA,3.6,3.6,"3.8","","","","spruce-fir"
"694","6/30/2023",18,"PORT5","66","",NA,NA,14.8,15.2,"15","7.6","7.2","7","spruce-fir"
"695","6/30/2023",18,"PORT5","59","",NA,NA,13.8,13.8,"13.4","","","","spruce-fir"
"696","6/30/2023",18,"PIEN","35","",NA,NA,2.07,NA,"","","","","spruce-fir"
"697","6/30/2023",18,"PIEN","52","",NA,NA,8.6,8.8,"8.8","","","","spruce-fir"
"698","7/3/2023",19,"PIED","39","38",36,28,4.8,5,"5","0.23","","","pinyon-juniper"
"699","7/3/2023",19,"JUMO","31","34",16,NA,4.4,4.4,"4.4","0.88","","","pinyon-juniper"
"700","7/3/2023",19,"PIED","23","",NA,NA,2.8,3,"3","0.32","","","pinyon-juniper"
"701","7/3/2023",19,"PIED","58","",NA,NA,4.4,4.6,"4.6","0.93","","","pinyon-juniper"
"702","7/3/2023",19,"PIED","43","",NA,NA,5,5,"4.8","0.84","","","pinyon-juniper"
"703","7/3/2023",19,"unknown","23","",NA,NA,2.6,2.6,"2.6","0.49","","","pinyon-juniper"
"704","7/3/2023",19,"","25","this the second circumference",NA,NA,NA,NA,"","","","","pinyon-juniper"
"705","7/3/2023",19,"PIED","71","",NA,NA,6.6,6.4,"6.6","1.37","","","pinyon-juniper"
"706","7/3/2023",19,"PIED","33","",NA,NA,2.8,3.2,"2.8","1.35","","","pinyon-juniper"
"707","7/3/2023",19,"PIED","88","",NA,NA,4,4,"4.4","","","","pinyon-juniper"
"708","7/3/2023",19,"PIED","67","",NA,NA,5.2,5.2,"5.4","1.04","","","pinyon-juniper"
"709","7/3/2023",19,"unknown","36","",NA,NA,2.8,3,"2.8","0.38","","","pinyon-juniper"
"710","7/3/2023",19,"","38","these are the second circumference",NA,NA,NA,NA,"","","","","pinyon-juniper"
"711","7/3/2023",19,"","28","these are the second circumference",NA,NA,NA,NA,"","","","","pinyon-juniper"
"712","7/3/2023",19,"PIED","54","",NA,NA,4.8,5,"4.8","0.45","","","pinyon-juniper"
"713","7/3/2023",19,"","32","",NA,NA,NA,NA,"","","","","pinyon-juniper"
"714","7/3/2023",19,"PIED","40","",NA,NA,4.2,4.4,"4.2","1.6","","","pinyon-juniper"
"715","7/3/2023",19,"PIED","23","",NA,NA,3.2,3.6,"3.2","1.83","","","pinyon-juniper"
"716","7/3/2023",19,"PIED","24","",NA,NA,3,2.8,"3","0.9","","","pinyon-juniper"
"717","7/3/2023",19,"PIED","80","",NA,NA,7.4,7.2,"7","1.6","","","pinyon-juniper"
"718","7/3/2023",19,"PIED","28","",NA,NA,3.6,3.8,"4","0.19","","","pinyon-juniper"
"719","7/3/2023",19,"PIED","72","",NA,NA,6.2,5.4,"5.6","0.42","","","pinyon-juniper"
"720","7/3/2023",19,"","38","",NA,NA,NA,NA,"","","","","pinyon-juniper"
"721","7/3/2023",19,"PIED","52","",NA,NA,4,4.6,"4.4","0.9","","","pinyon-juniper"
"722","7/3/2023",19,"","37","",NA,NA,NA,NA,"","","","","pinyon-juniper"
"723","7/3/2023",19,"PIED","13","",NA,NA,3,3,"2.8","1.66","","","pinyon-juniper"
"724","7/3/2023",19,"PIED","76","",NA,NA,4.8,5,"5","0.7","","","pinyon-juniper"
"725","7/3/2023",19,"","59","",NA,NA,NA,NA,"","","","","pinyon-juniper"
"726","7/3/2023",19,"","140","",NA,NA,NA,NA,"","","","","pinyon-juniper"
"727","7/3/2023",19,"PIED","39","",NA,NA,4.8,4.4,"4.2","0.1","","","pinyon-juniper"
"728","7/3/2023",20,"JUMO","18","",NA,NA,1.8,2.2,"2.2","0.02","","","pinyon-juniper"
"729","7/3/2023",20,"JUMO","20","",NA,NA,2.2,2.4,"2.6","0.3","","","pinyon-juniper"
"730","7/3/2023",20,"PIED","17","",NA,NA,2,2.2,"2","0.11","","","pinyon-juniper"
"731","7/3/2023",20,"PIED","36","",NA,NA,3.6,3.6,"3.6","0.01","","","pinyon-juniper"
"732","7/3/2023",20,"PIED","15","",NA,NA,2.6,2.6,"2.6","0.27","","","pinyon-juniper"
"733","7/3/2023",20,"JUMO","24","",NA,NA,2.8,3,"2.8","0.07","","","pinyon-juniper"
"734","7/3/2023",20,"JUMO","45","",NA,NA,4,4,"4","0.51","","","pinyon-juniper"
"735","7/3/2023",20,"JUMO","20","",NA,NA,2.8,2.8,"2.8","0.07","","","pinyon-juniper"
"736","7/3/2023",20,"PIED","15","",NA,NA,1.8,2,"1.8","0.03","","","pinyon-juniper"
"737","7/3/2023",20,"PIED","16","",NA,NA,2.4,2.4,"2.4","0.02","","","pinyon-juniper"
"738","7/3/2023",20,"PIED","14","",NA,NA,1.8,2,"2.2","0.01","","","pinyon-juniper"
"739","7/3/2023",20,"JUMO","46","",NA,NA,3.4,3.2,"3","0.01","","","pinyon-juniper"
"740","7/3/2023",20,"JUMO","43","",NA,NA,3.6,3.4,"3.6","0.03","","","pinyon-juniper"
"741","7/3/2023",20,"PIED","20","",NA,NA,3,2.6,"3","0.49","","","pinyon-juniper"
"742","7/3/2023",20,"PIED","38","",NA,NA,3.8,3.8,"4","0.47","","","pinyon-juniper"
"743","7/3/2023",20,"JUMO","46","",NA,NA,3.4,3.4,"3","0.01","","","pinyon-juniper"
"744","7/5/2023",21,"PIPO","189","",NA,NA,17.4,17,"17.2","3.6","3.6","3.6","spruce-fir"
"745","7/5/2023",21,"QUGA","13","",NA,NA,3.48,NA,"","1.24","","","spruce-fir"
"746","7/5/2023",21,"QUGA","12","",NA,NA,2.71,NA,"","1.24","","","spruce-fir"
"747","7/5/2023",21,"QUGA","16","",NA,NA,3.4,3.2,"3.4","0.16","","","spruce-fir"
"748","7/5/2023",21,"QUGA","17","",NA,NA,3.4,3.2,"3.2","0.16","","","spruce-fir"
"749","7/5/2023",21,"QUGA","38","",NA,NA,2.39,NA,"","","","","spruce-fir"
"750","7/5/2023",21,"QUGA","40","",NA,NA,5,5.2,"5.4","0.87","","","spruce-fir"
"751","7/5/2023",21,"JUSC2","16","",NA,NA,3.4,3.6,"3.6","1.15","","","spruce-fir"
"752","7/5/2023",21,"JUSC2","15","",NA,NA,3.4,3.4,"3.4","0.89","","","spruce-fir"
"753","7/5/2023",21,"PSME","170","",NA,NA,16.2,16.4,"16.4","5.6","5.6","5.6","spruce-fir"
"754","7/5/2023",21,"ABCO","101","",NA,NA,14.4,14.6,"14.8","1.99","","","spruce-fir"
"755","7/5/2023",21,"ABCO","103","",NA,NA,13.6,13.2,"13.4","1.98","","","spruce-fir"
"756","7/5/2023",21,"ABCO","136","",NA,NA,11.6,11.6,"11.8","0.01","","","spruce-fir"
"757","7/5/2023",22,"PSME","136","",NA,NA,15.4,15.4,"15.2","4.2","4.4","4","mixed conifer"
"758","7/5/2023",22,"PIEN","29","",NA,NA,7,7.4,"7","1.75","","","mixed conifer"
"759","7/5/2023",22,"ABCO","45","",NA,NA,7.6,7.4,"7.2","2.2","2","2","mixed conifer"
"760","7/5/2023",22,"JUSC2","48","",NA,NA,6.2,6.4,"5.8","1.01","","","mixed conifer"
"761","7/5/2023",22,"QUGA","20","",NA,NA,2.8,2.8,"2.8","1.41","","","mixed conifer"
"762","7/5/2023",22,"QUGA","19","",NA,NA,2.91,NA,"","1.33","","","mixed conifer"
"763","7/5/2023",22,"ABCO","28","",NA,NA,4.2,3.6,"4","0.34","","","mixed conifer"
"764","7/5/2023",22,"QUGA","17","",NA,NA,2.38,NA,"","1.17","","","mixed conifer"
"765","7/5/2023",22,"QUGA","13","",NA,NA,2.8,3,"3","0.36","","","mixed conifer"
"766","7/5/2023",22,"QUGA","27","",NA,NA,2.6,2.8,"2.8","1.38","","","mixed conifer"
"767","7/5/2023",22,"JUSC2","49","",NA,NA,6.2,6.4,"6.2","1.8","1.8","2","mixed conifer"
"768","7/5/2023",22,"JUSC2","30","",NA,NA,4.8,4.4,"4.6","1.14","","","mixed conifer"
"769","7/5/2023",22,"PSME","76","",NA,NA,9.8,9.6,"9.6","2.6","2.4","2.4","mixed conifer"
"770","7/5/2023",22,"QUGA","49","",NA,NA,3.4,3,"3","1.66","","","mixed conifer"
"771","7/5/2023",22,"JUSC2","14","",NA,NA,3.8,3.4,"3.6","0.62","","","mixed conifer"
"772","7/5/2023",22,"QUGA","38","",NA,NA,2.6,3.2,"2.8","","","","mixed conifer"
"773","7/5/2023",22,"JUSC2","13","",NA,NA,3.6,3.4,"3.8","1.42","","","mixed conifer"
"774","7/5/2023",22,"QUGA","40","",NA,NA,4.8,4.4,"4.4","1.79","","","mixed conifer"
"775","7/5/2023",22,"PIEN","20","",NA,NA,3.4,3.2,"3.2","1.17","","","mixed conifer"
"776","7/5/2023",22,"PSME","94","",NA,NA,10,9.6,"9.8","3.4","3","2.6","mixed conifer"
"777","7/5/2023",22,"JUSC2","44","",NA,NA,6,6.4,"6.4","1.31","","","mixed conifer"
"778","7/5/2023",22,"JUSC2","84","",NA,NA,8.2,8,"8","0.37","","","mixed conifer"
"779","7/5/2023",22,"QUGA","33","",NA,NA,3.2,3,"3.4","1.52","","","mixed conifer"
"780","7/5/2023",22,"JUSC2","92","",NA,NA,8.4,8,"8.2","0.7","","","mixed conifer"
"781","7/5/2023",22,"QUGA","25","",NA,NA,1.83,NA,"","","","","mixed conifer"
"782","7/5/2023",23,"JUDE2","21","",NA,NA,4,4.2,"4","1.2","","","ponderosa pine"
"783","7/5/2023",23,"PIED","33","",NA,NA,6.4,6.8,"6.6","1.23","","","ponderosa pine"
"784","7/5/2023",23,"PIPO","180","",NA,NA,29,28.6,"30","6.8","6.6","6.4","ponderosa pine"
"785","7/5/2023",23,"PIPO","159","",NA,NA,26.4,26.6,"27","6","5.8","5.8","ponderosa pine"
"786","7/5/2023",23,"JUSC2","52","",NA,NA,8.6,8.4,"8.8","1.3","","","ponderosa pine"
"787","7/5/2023",23,"PIPO","69","",NA,NA,7.4,7.4,"7.6","2.8","2.8","2.8","ponderosa pine"
"788","7/5/2023",23,"PIED","25","",NA,NA,5,5,"5","1.85","","","ponderosa pine"
"789","7/5/2023",23,"PIED","26","",NA,NA,5.4,5.4,"5","0.8","","","ponderosa pine"
"790","7/5/2023",23,"PIED","26","",NA,NA,5.2,5,"5.4","0.83","","","ponderosa pine"
"791","7/5/2023",23,"PIPO","141","",NA,NA,26.4,26.4,"25.2","6","5.4","6","ponderosa pine"
"792","7/5/2023",23,"JUDE2","67","",NA,NA,8.2,8.2,"8.2","0.62","","","ponderosa pine"
"793","7/5/2023",23,"PIPO","112","",NA,NA,18.4,18.4,"19","5.6","5.6","5.4","ponderosa pine"
"794","7/5/2023",23,"PIED","30","",NA,NA,7.6,7.8,"7.8","3.8","3.4","3.2","ponderosa pine"
"795","7/5/2023",23,"JUSC2","50","",NA,NA,9.4,9.8,"9","3.4","3.6","3.4","ponderosa pine"
"796","7/5/2023",23,"JUSC2","81","",NA,NA,9.2,9.2,"9.2","3","3","3","ponderosa pine"
"797","7/5/2023",23,"QUGA","13","",NA,NA,3.2,3.4,"3.4","0.67","","","ponderosa pine"
"798","7/5/2023",23,"PIED","38","",NA,NA,5.2,5.2,"5","2.13","","","ponderosa pine"
"799","7/5/2023",23,"JUSC2","29","41",NA,NA,5,4.8,"5","n","","","ponderosa pine"
"800","7/5/2023",23,"PIPO","44","",NA,NA,8.4,8.8,"8.8","1.72","","","ponderosa pine"
"801","7/5/2023",23,"JUSC2","52","",NA,NA,8.4,8,"8","1.22","","","ponderosa pine"
"802","7/5/2023",23,"QUGA","29","",NA,NA,4.4,4.6,"4.6","0.97","","","ponderosa pine"
"803","7/5/2023",23,"QUGA","25","",NA,NA,4.2,4,"4","2.15","","","ponderosa pine"
"804","7/5/2023",23,"QUGA","15","",NA,NA,2.8,2.6,"2.4","","","","ponderosa pine"
"805","7/5/2023",23,"JUSC2","53","",NA,NA,7,7,"7","2.2","2.2","2.2","ponderosa pine"
"806","7/5/2023",23,"PIPO","217","",NA,NA,21.2,21.6,"22.2","4.2","3.6","3.8","ponderosa pine"
"807","7/5/2023",23,"JUSC2","59","",NA,NA,8.6,8.4,"8.8","1.03","","","ponderosa pine"
"808","7/5/2023",23,"JUSC2","55","",NA,NA,7.4,7.2,"6.6","2.6","2.2","2.6","ponderosa pine"
"809","7/5/2023",23,"QUGA","47","",NA,NA,5.2,5,"5.2","1.43","","","ponderosa pine"
"810","7/5/2023",23,"QUGA","48","",NA,NA,4.8,4.8,"5","","","","ponderosa pine"
"811","7/5/2023",23,"QUGA","24","",NA,NA,4.2,4.2,"4.4","","","","ponderosa pine"
"812","7/5/2023",23,"QUGA","52","",NA,NA,6.8,7.2,"7.2","2.12","","","ponderosa pine"
"813","7/5/2023",23,"JUSC2","64","",NA,NA,10.4,10.6,"10.6","5.6","5.6","5.6","ponderosa pine"
"814","7/5/2023",23,"PIEN","42","",NA,NA,7.8,7.6,"8","2.8","2.8","2.8","ponderosa pine"
"815","7/5/2023",23,"QUGA","17","",NA,NA,4.8,5,"5.2","0.85","","","ponderosa pine"
"816","7/5/2023",23,"QUGA","16","",NA,NA,4,3.8,"3.6","0.58","","","ponderosa pine"
"817","7/5/2023",23,"QUGA","14","",NA,NA,2.4,2.6,"2.6","0.52","","","ponderosa pine"
"818","7/5/2023",23,"QUGA","19","",NA,NA,4.4,4.2,"4.4","0.45","","","ponderosa pine"
"819","7/5/2023",23,"QUGA","14","",NA,NA,3.2,3,"3","0.34","","","ponderosa pine"
"820","7/5/2023",23,"QUGA","18","",NA,NA,4.8,5,"5.2","0.55","","","ponderosa pine"
"821","7/5/2023",23,"QUGA","14","",NA,NA,0.4,3.6,"3.4","0.94","","","ponderosa pine"
"822","7/6/2023",24,"PIED","102","",NA,NA,6.6,6.8,"7","1.28","","","pinyon-juniper"
"823","7/6/2023",24,"JUMO","12","",NA,NA,2.85,NA,"","1.01","","","pinyon-juniper"
"824","7/6/2023",24,"PIED","50","",NA,NA,5,5,"5.2","0.34","","","pinyon-juniper"
"825","7/6/2023",24,"PIED","30","",NA,NA,3,3.2,"3.4","0.57","","","pinyon-juniper"
"826","7/6/2023",24,"JUMO","32","",NA,NA,3.1,NA,"","0.28","","","pinyon-juniper"
"827","7/6/2023",24,"PIED","16","",NA,NA,2.55,NA,"","0.1","","","pinyon-juniper"
"828","7/6/2023",24,"PIED","22","",NA,NA,3.01,NA,"","0.27","","","pinyon-juniper"
"829","7/6/2023",24,"JUMO","32","",NA,NA,2.4,NA,"","0.38","","","pinyon-juniper"
"830","7/6/2023",24,"PIED","32","",NA,NA,3.8,3.8,"3.8","0.68","","","pinyon-juniper"
"831","7/6/2023",24,"PIED","52","",NA,NA,3.4,3.4,"3.4","0.35","","","pinyon-juniper"
"832","7/6/2023",24,"PIED","41","",NA,NA,4.2,4.2,"4.2","0.1","","","pinyon-juniper"
"833","7/6/2023",24,"PIED","39","",NA,NA,4.4,4.4,"4.2","2.31","","","pinyon-juniper"
"834","7/6/2023",24,"PIED","27","",NA,NA,3.8,3.2,"4.4","1.09","","","pinyon-juniper"
"835","7/6/2023",24,"PIED","41","",NA,NA,4.8,4.8,"4.6","0.89","","","pinyon-juniper"
"836","7/6/2023",24,"PIED","93","",NA,NA,6,5.6,"5.6","","","","pinyon-juniper"
"837","7/6/2023",24,"PIED","150","76",NA,NA,6,5.8,"6.4","1.12","","","pinyon-juniper"
"838","7/6/2023",24,"JUMO","28","",NA,NA,4,3.8,"3.8","0.13","","","pinyon-juniper"
"839","7/6/2023",24,"PIED","53","",NA,NA,5.6,5.6,"5.6","2.28","","","pinyon-juniper"
"840","7/6/2023",24,"PIED","57","",NA,NA,5.8,5.6,"5.6","2.28","","","pinyon-juniper"
"841","7/6/2023",24,"PIED","68","",NA,NA,4.6,4.8,"4.6","1.83","","","pinyon-juniper"
"842","7/6/2023",24,"PIED","46","27",NA,31,2.6,3.4,"3.4","1.27","","","pinyon-juniper"
"843","7/6/2023",24,"PIED","62","",NA,NA,5.8,5.4,"5.6","3","3","3","pinyon-juniper"
"844","7/6/2023",24,"PIED","26","",NA,NA,3.4,3.4,"3.8","0.3","","","pinyon-juniper"
"845","7/6/2023",24,"PIED","30","",NA,NA,5,4.8,"4.4","0.3","","","pinyon-juniper"
"846","7/6/2023",24,"PIED","27","",NA,NA,3.6,3.6,"4","0.1","","","pinyon-juniper"
"847","7/6/2023",24,"PIED","21","",NA,NA,3.6,3.4,"3.4","2.4","","","pinyon-juniper"
"848","7/6/2023",24,"PIED","28","",NA,NA,3.6,3.6,"3","1.56","","","pinyon-juniper"
"849","7/6/2023",24,"PIED","15","",NA,NA,5,4.2,"4.4","0.1","","","pinyon-juniper"
"850","7/6/2023",24,"PIED","20","",NA,NA,3.8,4,"4","0.15","","","pinyon-juniper"
"851","7/6/2023",24,"PIED","41","",NA,NA,4.4,4.6,"4.4","0.79","","","pinyon-juniper"
"852","7/6/2023",24,"JUMO","117","34",42,68,4.8,4.6,"5","0.7","","","pinyon-juniper"
"853","7/6/2023",24,"PIED","15","",NA,NA,3,3,"3.2","0.8","","","pinyon-juniper"
"854","7/6/2023",24,"PIED","112","76",79,NA,8,8,"8","2.28","","","pinyon-juniper"
"855","7/6/2023",24,"PIED","18","",NA,NA,3.8,4,"3.6","1.52","","","pinyon-juniper"
"856","7/6/2023",24,"PIED","16","",NA,NA,3,2.8,"3","1.84","","","pinyon-juniper"
"857","7/6/2023",24,"PIED","42","",NA,NA,5.6,5.8,"5.4","1.47","","","pinyon-juniper"
"858","7/6/2023",24,"PIED","45","",NA,NA,7.2,6.4,"6.4","0.98","","","pinyon-juniper"
"859","7/6/2023",24,"PIED","30","",NA,NA,3,3,"3","0.54","","","pinyon-juniper"
"860","7/6/2023",24,"PIED","42","",NA,NA,5.4,5.4,"5.6","3.6","3.6","3.4","pinyon-juniper"
"861","7/6/2023",24,"PIED","19","",NA,NA,3.4,3.2,"3.4","0.43","","","pinyon-juniper"
"862","7/6/2023",24,"PIED","65","",NA,NA,5.4,5.6,"5.8","1.75","","","pinyon-juniper"
"863","7/6/2023",24,"PIED","19","",NA,NA,2.8,2.8,"2.6","0.67","","","pinyon-juniper"
"864","7/6/2023",24,"JUMO","22","",NA,NA,2.6,2,"2","0.75","","","pinyon-juniper"
"865","7/6/2023",25,"PIED","12","19",10,NA,1.8,1.8,"2","1.01","","","pinyon-juniper"
"866","7/6/2023",25,"PIED","10","",NA,NA,2.4,NA,"","0.67","","","pinyon-juniper"
"867","7/6/2023",25,"PIED","47","",NA,NA,2,2.2,"2.2","","","","pinyon-juniper"
"868","7/6/2023",25,"PIED","22","",NA,NA,3,2.8,"2.6","1","","","pinyon-juniper"
"869","7/6/2023",25,"PIED","23","",NA,NA,3,3,"2.9","0.46","","","pinyon-juniper"
"870","7/6/2023",25,"PIED","35","",NA,NA,3.4,3.6,"3.4","1.7","","","pinyon-juniper"
"871","7/6/2023",25,"PIED","96","",NA,NA,6.4,6.6,"6.4","1.49","","","pinyon-juniper"
"872","7/6/2023",25,"PIED","83","",NA,NA,6.2,6.4,"6","3.2","3.2","3.6","pinyon-juniper"
"873","7/6/2023",25,"PIED","75","",NA,NA,7,7.6,"7","2.8","2.6","2.6","pinyon-juniper"
"874","7/6/2023",25,"PIED","45","",NA,NA,3.8,3.4,"3.8","1.17","","","pinyon-juniper"
"875","7/6/2023",25,"PIED","80","",NA,NA,7.6,7.4,"7","1.43","","","pinyon-juniper"
"876","7/6/2023",25,"Unknown","23","33",26,NA,3.6,3.6,"3.4","0.2","","","pinyon-juniper"
"877","7/6/2023",25,"PIED","90","",NA,NA,6.8,6.2,"6","1.9","","","pinyon-juniper"
"878","7/6/2023",25,"PIED","72","",NA,NA,5.6,5.2,"5.8","","","","pinyon-juniper"
"879","7/6/2023",25,"PIED","62","",NA,NA,5.6,5,"5.4","0.72","","","pinyon-juniper"
"880","7/6/2023",25,"PIED","22","",NA,NA,2.4,2.4,"2.2","","","","pinyon-juniper"
"881","7/6/2023",25,"PIED","88","",NA,NA,3.2,3.6,"3.6","","","","pinyon-juniper"
"882","7/6/2023",25,"PIED","27","",NA,NA,2,2,"2","","","","pinyon-juniper"
"883","7/6/2023",25,"PIED","56","",NA,NA,5.4,5.2,"5","0.01","","","pinyon-juniper"
"884","7/6/2023",25,"PIED","42","",NA,NA,4.8,4.8,"5.2","1.22","","","pinyon-juniper"
"885","7/6/2023",25,"PIED","27","",NA,NA,3.6,4.2,"4.2","0.1","","","pinyon-juniper"
"886","7/6/2023",25,"PIED","58","",NA,NA,5.8,6,"6.2","3.4","3.2","3.2","pinyon-juniper"
"887","7/6/2023",25,"PIED","46","",NA,NA,6.2,6,"6.6","3","2.6","2.6","pinyon-juniper"
"888","7/6/2023",25,"PIED","20","",NA,NA,2.6,2.4,"2.6","0.01","","","pinyon-juniper"
"889","7/6/2023",25,"PIED","47","",NA,NA,4.8,4.8,"5","2","2","1.8","pinyon-juniper"
"890","7/6/2023",25,"PIED","41","",NA,NA,5,5,"4.6","0.01","","","pinyon-juniper"
"891","7/6/2023",25,"PIED","90","",NA,NA,7,6.6,"6.4","3","2.8","3.2","pinyon-juniper"
"892","7/6/2023",25,"PIED","76","121",70,NA,7.4,7.2,"7.6","0.16","","","pinyon-juniper"
"893","7/6/2023",25,"JUMO","55","61",33,NA,2.8,3,"3.2","0.18","","","pinyon-juniper"
"894","7/6/2023",25,"PIED","13","20",14,NA,2.2,2,"2.4","0.54","","","pinyon-juniper"
"895","7/6/2023",25,"PIED","106","",NA,NA,7.4,7.2,"7.4","4.6","4","4","pinyon-juniper"
"896","7/6/2023",25,"PIED","15","",NA,NA,2.3,3,"3","0.51","","","pinyon-juniper"
"897","7/6/2023",25,"PIED","30","",NA,NA,3.4,3,"3","1.2","","","pinyon-juniper"
"898","7/6/2023",25,"PIED","17","36",16,NA,2.4,2.2,"2.4","0.8","","","pinyon-juniper"
"899","7/6/2023",25,"PIED","26","",NA,NA,2.6,2.8,"2.6","0.31","","","pinyon-juniper"
"900","7/6/2023",25,"PIED","33","",NA,NA,4,3.8,"3.6","1.14","","","pinyon-juniper"
"901","7/6/2023",25,"PIED","41","",NA,NA,5.8,5.8,"5.8","0.01","","","pinyon-juniper"
"902","7/6/2023",25,"PIED","43","",NA,NA,5,5.4,"5","2","","","pinyon-juniper"
"903","7/6/2023",25,"PIED","56","",NA,NA,4.6,4.6,"4.6","1.15","","","pinyon-juniper"
"904","7/6/2023",25,"PIED","94","",NA,NA,6.6,6.6,"7","2.6","2.4","2.6","pinyon-juniper"
"905","7/6/2023",25,"PIED","35","",NA,NA,4.8,4.8,"4.8","0.45","","","pinyon-juniper"
"906","7/6/2023",26,"PIED","80","108",65,NA,8.2,8.6,"8.6","0.59","","","pinyon-juniper"
"907","7/6/2023",26,"PIED","60","101",49,NA,5.8,6,"5.8","0.82","","","pinyon-juniper"
"908","7/6/2023",26,"PIED","14","",NA,NA,2.8,2.8,"2.8","0.2","","","pinyon-juniper"
"909","7/6/2023",26,"PIED","65","",NA,NA,3.6,3.6,"4","","","","pinyon-juniper"
"910","7/6/2023",26,"PIED","40","61",42,NA,4.8,4.8,"5","0.48","","","pinyon-juniper"
"911","7/6/2023",26,"PIED","91","",NA,NA,6,6.2,"6.2","0.55","","","pinyon-juniper"
"912","7/6/2023",26,"PIED","71","",NA,NA,6.4,6.4,"6.2","1.13","","","pinyon-juniper"
"913","7/6/2023",26,"PIED","109","139",95,NA,7,7.2,"7","0.47","","","pinyon-juniper"
"914","7/6/2023",26,"PIED","85","",NA,NA,6,6,"5.8","1.35","","","pinyon-juniper"
"915","7/6/2023",26,"PIED","51","",NA,NA,3.2,3.4,"3.4","","","","pinyon-juniper"
"916","7/6/2023",26,"PIED","24","",NA,NA,3.2,3.6,"3.4","0.3","","","pinyon-juniper"
"917","7/6/2023",26,"JUMO","72","111",NA,NA,2.8,2.8,"2.8","0.21","","","pinyon-juniper"
"918","7/6/2023",26,"PIED","38","",NA,NA,3,2.4,"3","0.85","","","pinyon-juniper"
"919","7/6/2023",26,"PIED","36","",NA,NA,5.2,4.8,"4.8","0.5","","","pinyon-juniper"
"920","7/6/2023",26,"PIED","54","",NA,NA,3.6,3.6,"3.4","0.5","","","pinyon-juniper"
"921","7/6/2023",26,"JUMO","26","58",22,NA,3.4,3.4,"3.4","0.55","","","pinyon-juniper"
"922","7/6/2023",26,"PIED","14","",NA,NA,2.2,2,"2","0.2","","","pinyon-juniper"
"923","7/6/2023",26,"PIED","40","66",35,NA,3.6,4,"4","0.85","","","pinyon-juniper"
"924","7/6/2023",26,"PIED","48","",NA,NA,4.6,4.8,"4.6","0.1","","","pinyon-juniper"
"925","7/6/2023",26,"PIED","41","",NA,NA,3.6,3.8,"3.8","0.29","","","pinyon-juniper"
"926","7/6/2023",26,"PIED","41","",NA,NA,5.2,5.4,"5","1.6","","","pinyon-juniper"
"927","7/6/2023",26,"PIED","49","",NA,NA,6.2,6,"6","0.71","","","pinyon-juniper"
"928","7/6/2023",26,"PIED","104","",NA,NA,5.8,6.2,"6","0.35","","","pinyon-juniper"
"929","7/6/2023",26,"PIED","22","",NA,NA,2.8,2.6,"2.8","0.1","","","pinyon-juniper"
"930","7/6/2023",26,"PIED","58","",NA,NA,6.2,6.2,"6.2","0.21","","","pinyon-juniper"
"931","7/6/2023",26,"PIED","73","",NA,NA,5,5.4,"4.8","","","","pinyon-juniper"
"932","7/6/2023",26,"PIED","16","",NA,NA,2.6,2.4,"2.4","0.3","","","pinyon-juniper"
"933","7/7/2023",27,"PSME","33","",NA,NA,6.2,6.6,"6.6","","","","mixed conifer"
"934","7/7/2023",27,"PSME","37","",NA,NA,7.6,7.8,"8","","","","mixed conifer"
"935","7/7/2023",27,"PSME","24","",NA,NA,4.8,4.6,"4.8","1.41","","","mixed conifer"
"936","7/7/2023",27,"PSME","20","",NA,NA,3.4,3.4,"3.4","1.66","","","mixed conifer"
"937","7/7/2023",27,"PSME","31","",NA,NA,5.8,5.8,"5.8","0.2","","","mixed conifer"
"938","7/7/2023",27,"PSME","237","",NA,NA,27.8,28,"28.4","11.8","11.8","11","mixed conifer"
"939","7/7/2023",27,"PSME","52","",NA,NA,7.6,8,"7.8","","","","mixed conifer"
"940","7/7/2023",27,"PSME","68","",NA,NA,10.4,10.4,"10.2","3.8","4","3.8","mixed conifer"
"941","7/7/2023",27,"PSME","97","",NA,NA,4,4.2,"4","","","","mixed conifer"
"942","7/7/2023",27,"PSME","43","",NA,NA,4,3.6,"3.8","","","","mixed conifer"
"943","7/7/2023",27,"PSME","66","",NA,NA,11.2,11.8,"12","4.8","5","4.8","mixed conifer"
"944","7/7/2023",27,"PSME","51","",NA,NA,3.8,3.8,"3.8","","","","mixed conifer"
"945","7/7/2023",27,"PSME","48","",NA,NA,7.8,8.4,"8.2","1.25","","","mixed conifer"
"946","7/7/2023",27,"PSME","48","",NA,NA,5.2,5.4,"5.2","","","","mixed conifer"
"947","7/7/2023",27,"PIEN","53","",NA,NA,10.6,10.8,"10.6","6.2","6.2","6.2","mixed conifer"
"948","7/7/2023",27,"PSME","78","",NA,NA,14.6,14.4,"14.4","","","","mixed conifer"
"949","7/7/2023",27,"PSME","28","",NA,NA,5,5.2,"5","1.81","","","mixed conifer"
"950","7/7/2023",27,"PSME","31","",NA,NA,5.8,5.6,"5.6","1.51","","","mixed conifer"
"951","7/7/2023",27,"PSME","70","",NA,NA,2.6,2.8,"2.8","","","","mixed conifer"
"952","7/7/2023",27,"PSME","37","",NA,NA,7,7,"7","1.13","","","mixed conifer"
"953","7/7/2023",27,"PSME","60","",NA,NA,13,12.8,"12.8","3.8","3.8","3.6","mixed conifer"
"954","7/7/2023",27,"PSME","41","",NA,NA,9.2,7.6,"8","2.66","","","mixed conifer"
"955","7/7/2023",27,"PSME","31","",NA,NA,8,7.6,"8","2.66","","","mixed conifer"
"956","7/7/2023",27,"PSME","56","",NA,NA,12.4,12.4,"12.4","3.8","3.8","3.8","mixed conifer"
"957","7/7/2023",27,"PSME","32","",NA,NA,6.6,5.8,"5.8","1.22","","","mixed conifer"
"958","7/7/2023",27,"PSME","77","",NA,NA,14,14,"14.4","4","4.2","4","mixed conifer"
"959","7/7/2023",27,"PSME","165","",NA,NA,14,13.8,"13.8","","","","mixed conifer"
"960","7/7/2023",27,"PSME","67","",NA,NA,12.8,12.8,"13","1.51","","","mixed conifer"
"961","7/7/2023",27,"PSME","20","",NA,NA,3.6,3.6,"3.6","0.09","","","mixed conifer"
"962","7/7/2023",27,"PIEN","156","",NA,NA,24.4,24.8,"24.6","","","","mixed conifer"
"963","7/7/2023",27,"PSME","30","",NA,NA,5.6,5.6,"5.6","0.82","","","mixed conifer"
"964","7/7/2023",27,"PSME","52","",NA,NA,10.4,10.4,"10.4","0.72","","","mixed conifer"
"965","7/7/2023",27,"PSME","61","",NA,NA,11.2,11.2,"11.2","","","","mixed conifer"
"966","7/7/2023",27,"PSME","117","",NA,NA,4.8,4.8,"4.8","","","","mixed conifer"
"967","7/7/2023",27,"PSME","57","",NA,NA,11.2,11.4,"10.6","1.44","","","mixed conifer"
"968","7/7/2023",27,"PSME","50","",NA,NA,7,7.6,"7.4","","","","mixed conifer"
"969","7/7/2023",27,"PSME","16","",NA,NA,4.4,4.4,"4.2","1.2","","","mixed conifer"
"970","7/7/2023",27,"PSME","30","",NA,NA,7.2,7.2,"7.6","","","","mixed conifer"
"971","7/7/2023",27,"PSME","20","",NA,NA,4,4.2,"4","1.3","","","mixed conifer"
"972","7/7/2023",27,"PSME","152","",NA,NA,18.6,17.2,"17.6","","","","mixed conifer"
"973","7/7/2023",27,"PSME","28","",NA,NA,5.2,4.6,"4.4","0.95","","","mixed conifer"
"974","7/7/2023",27,"PSME","85","",NA,NA,14.2,13.8,"13.8","","","","mixed conifer"
"975","7/7/2023",27,"PSME","30","",NA,NA,6.2,6,"6","0.91","","","mixed conifer"
"976","7/7/2023",27,"PSME","80","",NA,NA,13,13,"12.8","","","","mixed conifer"
"977","7/7/2023",27,"PSME","45","",NA,NA,6.2,6,"6","","","","mixed conifer"
"978","7/7/2023",27,"PSME","30","",NA,NA,3.8,3.8,"3.6","1.3","","","mixed conifer"
"979","7/7/2023",27,"PSME","28","",NA,NA,6.8,6.4,"6.6","2.8","3.2","3.2","mixed conifer"
"980","7/7/2023",27,"PSME","102","",NA,NA,17.2,17.8,"18","6","6","5.8","mixed conifer"
"981","7/7/2023",27,"PSME","49","",NA,NA,10,9.8,"9.8","7.6","7.4","8","mixed conifer"
"982","7/7/2023",27,"PSME","38","",NA,NA,9,9,"9.2","","","","mixed conifer"
"983","7/7/2023",27,"PSME","15","",NA,NA,2.6,2.8,"2.81.76","","","","mixed conifer"
"984","7/7/2023",27,"PSME","26","",NA,NA,4.6,4.6,"4.4","1.82","","","mixed conifer"
"985","7/7/2023",27,"PSME","129","",NA,NA,15,14.8,"15","","","","mixed conifer"
"986","7/7/2023",27,"PSME","30","",NA,NA,6.2,6.4,"6.8","","","","mixed conifer"
"987","7/7/2023",27,"PSME","102","",NA,NA,14.4,14,"14.4","","","","mixed conifer"
"988","7/7/2023",27,"PSME","92","",NA,NA,17.2,17.4,"17.4","","","","mixed conifer"
"989","7/7/2023",27,"PIEN","227","",NA,NA,28.4,29.4,"29","9","9.4","9","mixed conifer"
"990","7/7/2023",27,"PSME","35","",NA,NA,7.4,7.2,"7.4","","","","mixed conifer"
"991","7/7/2023",27,"PSME","35","",NA,NA,7.4,7.4,"7.4","1.3","","","mixed conifer"
"992","7/7/2023",27,"PSME","25","",NA,NA,4.4,4.8,"4.6","","","","mixed conifer"
"993","7/7/2023",27,"PSME","74","",NA,NA,14.6,14.6,"14.2","1.8","","","mixed conifer"
"994","7/7/2023",27,"PSME","43","",NA,NA,7.6,7.4,"7.4","1.1","","","mixed conifer"
"995","7/7/2023",27,"PSME","14","",NA,NA,2.6,2.8,"2.4","0.6","","","mixed conifer"
"996","7/7/2023",27,"PSME","76","",NA,NA,11.6,11.4,"11.4","","","","mixed conifer"
"997","7/7/2023",27,"PSME","93","",NA,NA,14.2,14.4,"14.6","","","","mixed conifer"
"998","7/7/2023",27,"PSME","20","",NA,NA,4,4,"4","0.15","","","mixed conifer"
"999","7/7/2023",28,"PSME","44","",NA,NA,7,6.8,"7","1.23","","","mixed conifer"
"1000","7/7/2023",28,"POTR5","82","",NA,NA,17.2,17.2,"16.6","10.8","11.6","12","mixed conifer"
"1001","7/7/2023",28,"PSME","52","",NA,NA,10.4,10.4,"10.4","3","3","3","mixed conifer"
"1002","7/7/2023",28,"PSME","40","",NA,NA,10,10,"9.4","1.28","","","mixed conifer"
"1003","7/7/2023",28,"PIEN","93","",NA,NA,14,13.8,"14.2","10","9.2","9.8","mixed conifer"
"1004","7/7/2023",28,"PSME","13","",NA,NA,2.2,2.2,"2.2","1.6","","","mixed conifer"
"1005","7/7/2023",28,"PSME","27","",NA,NA,4.2,4.6,"4.2","","","","mixed conifer"
"1006","7/7/2023",28,"PSME","82","",NA,NA,8.6,9,"9.4","","","","mixed conifer"
"1007","7/7/2023",28,"PSME","105","",NA,NA,15.6,16,"16","6.8","6.4","6.2","mixed conifer"
"1008","7/7/2023",28,"POTR5","57","",NA,NA,13.8,14.2,"14.2","10","10.2","10.2","mixed conifer"
"1009","7/7/2023",28,"PSME","40","",NA,NA,7.6,8,"8","","","","mixed conifer"
"1010","7/7/2023",28,"PSME","30","",NA,NA,5.4,5.2,"5.2","1.34","","","mixed conifer"
"1011","7/7/2023",28,"PSME","55","",NA,NA,9.4,10,"9.6","4.8","5","5","mixed conifer"
"1012","7/7/2023",28,"PSME","23","",NA,NA,3.2,3.2,"3.2","8.3","","","mixed conifer"
"1013","7/7/2023",28,"PSME","53","",NA,NA,5.2,5.2,"5.2","","","","mixed conifer"
"1014","7/7/2023",28,"POTR5","73","",NA,NA,17.6,18,"18.4","11","11.4","11.4","mixed conifer"
"1015","7/7/2023",28,"POTR5","117","",NA,NA,18.8,17.2,"18","10","10.2","10.2","mixed conifer"
"1016","7/7/2023",28,"PIEN","72","",NA,NA,15.2,15.2,"15.4","","","","mixed conifer"
"1017","7/7/2023",28,"PSME","82","",NA,NA,7.2,7.4,"7.4","","","","mixed conifer"
"1018","7/7/2023",28,"PSME","28","",NA,NA,4.4,4.4,"4.6","1.32","","","mixed conifer"
"1019","7/7/2023",28,"PSME","28","",NA,NA,5,5.2,"5","","","","mixed conifer"
"1020","7/7/2023",28,"PSME","40","",NA,NA,8.4,8.8,"8.6","1.93","","","mixed conifer"
"1021","7/7/2023",28,"PSME","30","",NA,NA,6.6,6.8,"6.6","","","","mixed conifer"
"1022","7/7/2023",28,"PSME","41","",NA,NA,8.6,8.2,"8.6","1.44","","","mixed conifer"
"1023","7/7/2023",28,"PSME","41","",NA,NA,9.2,9.6,"9.4","1.42","","","mixed conifer"
"1024","7/7/2023",28,"PSME","53","",NA,NA,10.2,9.8,"9.4","1.57","","","mixed conifer"
"1025","7/7/2023",28,"POTR5","82","",NA,NA,17.4,17.2,"17.2","12.4","12.2","13","mixed conifer"
"1026","7/7/2023",28,"POTR5","65","",NA,NA,17.6,17.2,"17.2","10.4","9.6","9.6","mixed conifer"
"1027","7/7/2023",28,"PSME","125","",NA,NA,13.8,14.2,"13.6","","","","mixed conifer"
"1028","7/7/2023",28,"PSME","67","",NA,NA,11.6,11.8,"10.8","","","","mixed conifer"
"1029","7/7/2023",28,"PSME","28","",NA,NA,4,4.2,"4","1.52","","","mixed conifer"
"1030","7/7/2023",28,"PSME","25","",NA,NA,6.8,6.8,"6.8","","","","mixed conifer"
"1031","7/7/2023",28,"PSME","94","",NA,NA,10.4,10.4,"10.4","","","","mixed conifer"
"1032","7/7/2023",28,"POTR5","90","",NA,NA,19.4,19,"18.8","13.4","13","13.2","mixed conifer"
"1033","7/7/2023",28,"PSME","44","",NA,NA,7.2,8,"7.2","","","","mixed conifer"
"1034","7/7/2023",28,"PSME","36","",NA,NA,5.4,5,"5.6","2.2","2.8","3.2","mixed conifer"
"1035","7/7/2023",28,"PSME","159","",NA,NA,19.8,18.8,"19.2","7.6","7","7","mixed conifer"
"1036","7/7/2023",28,"PSME","80","",NA,NA,15.8,15.8,"16.4","9.2","9.6","9.8","mixed conifer"
"1037","7/7/2023",28,"PSME","70","",NA,NA,7.6,7.6,"7.6","","","","mixed conifer"
"1038","7/7/2023",28,"POTR5","57","",NA,NA,5.6,5.6,"5.4","","","","mixed conifer"
"1039","7/7/2023",28,"PSME","15","",NA,NA,3,3.2,"3","1","","","mixed conifer"
"1040","7/7/2023",28,"PSME","56","",NA,NA,10.6,10,"9.8","2.2","2.4","2.6","mixed conifer"
"1041","7/7/2023",28,"PSME","48","",NA,NA,10.8,11,"11","","","","mixed conifer"
"1042","7/7/2023",28,"PSME","120","",NA,NA,20.2,19.8,"21.2","11.8","10.4","10.6","mixed conifer"
"1043","7/7/2023",28,"PSME","113","",NA,NA,18,18.4,"18.2","","","","mixed conifer"
"1044","7/7/2023",28,"POTR5","85","",NA,NA,24.6,25,"26.4","18.2","18.6","18.6","mixed conifer"
"1045","7/7/2023",28,"PSME","48","",NA,NA,11.8,12.4,"12.2","","","","mixed conifer"
"1046","7/7/2023",28,"PSME","28","",NA,NA,6.6,6.6,"5.8","","","","mixed conifer"
"1047","7/7/2023",28,"PSME","26","",NA,NA,4.6,4.2,"4.2","1.5","","","mixed conifer"
"1048","7/7/2023",28,"PSME","56","",NA,NA,10.4,10.6,"10.2","1.98","","","mixed conifer"
"1049","7/7/2023",28,"PSME","77","",NA,NA,16,16.2,"15.8","2.2","2.4","2.4","mixed conifer"
"1050","7/7/2023",28,"POTR5","85","",NA,NA,14.8,15.6,"14.6","","","","mixed conifer"
"1051","7/7/2023",28,"PSME","45","",NA,NA,5.4,5.6,"5.4","","","","mixed conifer"
"1052","7/7/2023",28,"POTR5","70","",NA,NA,9,8.8,"9.2","","","","mixed conifer"
"1053","7/7/2023",28,"PSME","36","",NA,NA,7,6.8,"6.8","1.45","","","mixed conifer"
"1054","7/7/2023",28,"POTR5","79","",NA,NA,24.4,24.2,"24.2","","","","mixed conifer"
"1055","7/7/2023",28,"PSME","70","",NA,NA,14.8,14.4,"14.6","4.4","4.4","4.6","mixed conifer"
"1056","7/7/2023",28,"PSME","30","",NA,NA,2.4,2.2,"1.8","","","","mixed conifer"
"1057","7/7/2023",28,"PIEN","25","",NA,NA,4.4,4.4,"4.6","3","3","3","mixed conifer"
"1058","7/7/2023",28,"POTR5","86","",NA,NA,19.2,18.8,"18","14","13","14.2","mixed conifer"
"1059","7/7/2023",28,"PIEN","137","",NA,NA,20,20.4,"21.2","8.6","8.6","9.4","mixed conifer"
"1060","7/7/2023",28,"PSME","46","",NA,NA,4.8,4.8,"5","","","","mixed conifer"
"1061","7/7/2023",28,"PSME","65","",NA,NA,10.4,10.4,"10.6","","","","mixed conifer"
"1062","7/7/2023",28,"PSME","28","",NA,NA,4.4,4.4,"4.6","1.04","","","mixed conifer"
"1063","7/7/2023",28,"PSME","48","",NA,NA,8.2,8.8,"8.6","2.69","","","mixed conifer"
"1064","7/7/2023",28,"POTR5","81","",NA,NA,19.2,19,"19.4","17.8","17.4","17.2","mixed conifer"
"1065","7/7/2023",28,"POTR5","74","",NA,NA,15.8,16.2,"16","11.6","11.8","11.4","mixed conifer"
"1066","7/7/2023",28,"PSME","17","",NA,NA,3.2,3.2,"2.8","","","","mixed conifer"
"1067","7/7/2023",28,"POTR5","100","",NA,NA,18.8,19,"19.6","10.8","10.4","10.4","mixed conifer"
"1068","7/7/2023",28,"PSME","48","",NA,NA,7.4,7.6,"7.2","2.2","","","mixed conifer"
"1069","7/7/2023",28,"PSME","37","",NA,NA,8.6,8.6,"8.4","","","","mixed conifer"
"1070","7/7/2023",28,"PSME","40","",NA,NA,9.4,9.2,"9.2","","","","mixed conifer"
"1071","7/7/2023",28,"PSME","21","",NA,NA,3.4,3.4,"3.4","1.17","","","mixed conifer"
"1072","7/7/2023",28,"PSME","89","",NA,NA,9.8,9.6,"10.2","","","","mixed conifer"
"1073","7/11/2023",29,"PIEN","25","",NA,NA,6.2,6,"6.2","1.96","","","spruce-fir"
"1074","7/11/2023",29,"PIEN","25","",NA,NA,11,11.2,"11.2","9","8.4","8.6","spruce-fir"
"1075","7/11/2023",29,"PSME","38","",NA,NA,7.2,7.8,"7.6","0.58","","","spruce-fir"
"1076","7/11/2023",29,"PIEN","137","",NA,NA,18.6,18.8,"18.4","6.6","6.4","7","spruce-fir"
"1077","7/11/2023",29,"POTR5","94","",NA,NA,10.8,10.6,"11","7.2","6.8","7","spruce-fir"
"1078","7/11/2023",29,"PSME","16","21",35,NA,4.8,4.6,"4.6","1.17","","","spruce-fir"
"1079","7/11/2023",29,"PIEN","16","",NA,NA,4.6,5,"4.8","","","","spruce-fir"
"1080","7/11/2023",29,"PIEN","18","",NA,NA,6,5.8,"6","","","","spruce-fir"
"1081","7/11/2023",29,"PIEN","13","",NA,NA,4,4.4,"4.4","","","","spruce-fir"
"1082","7/11/2023",29,"PIEN","13","",NA,NA,3.4,3.6,"3.4","","","","spruce-fir"
"1083","7/11/2023",29,"PIEN","33","",NA,NA,9.2,9.4,"9.4","3.6","3.8","3.6","spruce-fir"
"1084","7/11/2023",29,"PIEN","24","",NA,NA,6,5.8,"6.2","","","","spruce-fir"
"1085","7/11/2023",29,"PIEN","17","",NA,NA,4.6,4.8,"4.8","2.8","2.6","2","spruce-fir"
"1086","7/11/2023",29,"PIEN","14","",NA,NA,3.4,3.4,"3","1.57","","","spruce-fir"
"1087","7/11/2023",29,"PIEN","13","",NA,NA,3.2,3.2,"3.2","1.47","","","spruce-fir"
"1088","7/11/2023",29,"PSME","16","",NA,NA,3.2,3.2,"3","0.22","","","spruce-fir"
"1089","7/11/2023",29,"PIEN","70","",NA,NA,15.2,14.6,"14.8","3.2","2.8","2.6","spruce-fir"
"1090","7/11/2023",29,"PIEN","30","",NA,NA,9.8,9.6,"9.4","","","","spruce-fir"
"1091","7/11/2023",29,"POTR5","23","",NA,NA,5.8,5.8,"5.4","","","","spruce-fir"
"1092","7/11/2023",29,"PIEN","45","",NA,NA,11.8,12,"12","8.6","9.6","8.6","spruce-fir"
"1093","7/11/2023",29,"PIEN","50","",NA,NA,14,14.4,"14.2","8.2","8.8","8.2","spruce-fir"
"1094","7/11/2023",29,"PIEN","21","",NA,NA,5.2,4.6,"4.8","","","","spruce-fir"
"1095","7/11/2023",29,"PIEN","67","",NA,NA,16.2,16,"16","8.6","8.8","9.6","spruce-fir"
"1096","7/11/2023",29,"POTR5","23","",NA,NA,7.6,7.8,"7.6","5.2","6","5","spruce-fir"
"1097","7/11/2023",29,"POTR5","20","",NA,NA,7,7,"6.8","","","","spruce-fir"
"1098","7/11/2023",29,"PIEN","98","",NA,NA,17.8,19,"18.2","8.6","8.6","8.4","spruce-fir"
"1099","7/11/2023",29,"PIEN","54","",NA,NA,13.4,12.4,"13.2","9.8","9.6","10","spruce-fir"
"1100","7/11/2023",29,"PIEN","87","86",140,NA,17.8,17.8,"18.4","3.4","3.4","3.6","spruce-fir"
"1101","7/11/2023",29,"PIEN","23","",NA,NA,5,5.2,"5","2","2","1.8","spruce-fir"
"1102","7/11/2023",29,"ABLAA","75","",NA,NA,16.4,16.6,"16.4","2.2","2.4","2.4","spruce-fir"
"1103","7/11/2023",29,"PIEN","29","",NA,NA,9.4,9.4,"9.2","","","","spruce-fir"
"1104","7/11/2023",29,"PIEN","17","",NA,NA,6,6,"5.8","","","","spruce-fir"
"1105","7/11/2023",29,"PIEN","19","",NA,NA,6.8,6.6,"6.6","","","","spruce-fir"
"1106","7/11/2023",29,"PIEN","30","",NA,NA,10.2,9.6,"9.8","4.4","4.4","4","spruce-fir"
"1107","7/11/2023",29,"PIEN","17","",NA,NA,3.6,3.8,"3.2","1.83","","","spruce-fir"
"1108","7/11/2023",29,"PIEN","40","",NA,NA,10.6,11,"9.6","8","7.8","7.8","spruce-fir"
"1109","7/11/2023",29,"PIEN","29","",NA,NA,9.4,9.8,"9.2","","","","spruce-fir"
"1110","7/11/2023",29,"PIEN","37","",NA,NA,12.2,12.6,"12.2","9","9.6","8.8","spruce-fir"
"1111","7/11/2023",29,"PIEN","20","",NA,NA,7,6.8,"7","","","","spruce-fir"
"1112","7/11/2023",29,"PIEN","20","",NA,NA,6.8,6.4,"6.8","","","","spruce-fir"
"1113","7/11/2023",29,"PIEN","18","",NA,NA,5,5.4,"5.8","","","","spruce-fir"
"1114","7/11/2023",29,"PIEN","32","",NA,NA,11.6,11,"10.6","","","","spruce-fir"
"1115","7/11/2023",29,"PIEN","47","",NA,NA,13.6,13.2,"13.4","10.4","10.4","10.8","spruce-fir"
"1116","7/11/2023",29,"PIEN","26","",NA,NA,8.6,8.8,"9","","","","spruce-fir"
"1117","7/11/2023",29,"PIEN","147","",NA,NA,18.8,19,"19","2","2","1.8","spruce-fir"
"1118","7/11/2023",29,"PIEN","89","",NA,NA,17,17.4,"18","5.6","5.2","5.2","spruce-fir"
"1119","7/11/2023",29,"PIEN","135","",NA,NA,20,20.6,"19.4","5.8","6.2","5.8","spruce-fir"
"1120","7/11/2023",29,"PIEN","35","",NA,NA,7.6,8.2,"8.6","3.2","3.2","3","spruce-fir"
"1121","7/11/2023",29,"PIEN","24","",NA,NA,5.8,6,"5.8","1.62","","","spruce-fir"
"1122","7/11/2023",29,"PIEN","59","",NA,NA,12.6,12.6,"12.8","9","9.6","9.2","spruce-fir"
"1123","7/11/2023",29,"PSME","20","",NA,NA,2.6,3,"3.2","0.71","","","spruce-fir"
"1124","7/11/2023",29,"PIEN","34","",NA,NA,9.4,9.2,"8.6","","","","spruce-fir"
"1125","7/11/2023",29,"PIEN","21","",NA,NA,4.4,4,"4.2","1.7","","","spruce-fir"
"1126","7/11/2023",29,"PIEN","16","",NA,NA,2.8,3,"2.6","","","","spruce-fir"
"1127","7/11/2023",29,"PIEN","17","",NA,NA,3.2,3.6,"3.4","1.19","","","spruce-fir"
"1128","7/11/2023",29,"PIEN","25","",NA,NA,6.4,6.4,"6.4","3.6","4.2","4","spruce-fir"
"1129","7/11/2023",29,"PIEN","49","",NA,NA,9,9.2,"9.4","3.6","3.6","3.8","spruce-fir"
"1130","7/11/2023",29,"PIEN","70","",NA,NA,15,15.6,"15.4","3.8","3.8","3.8","spruce-fir"
"1131","7/11/2023",29,"POTR5","20","",NA,NA,5.4,6.2,"5.6","3.8","3.8","3.8","spruce-fir"
"1132","7/11/2023",29,"PSME","20","",NA,NA,4.2,4.4,"4.2","1.28","","","spruce-fir"
"1133","7/11/2023",29,"PIEN","68","",NA,NA,13.8,14,"13.2","8.2","8.2","7.6","spruce-fir"
"1134","7/11/2023",29,"PIEN","49","",NA,NA,8.6,8.2,"8.2","1.94","","","spruce-fir"
"1135","7/11/2023",29,"PIEN","15","",NA,NA,3.2,3.6,"3.2","2","2.2","2","spruce-fir"
"1136","7/11/2023",29,"PIEN","20","",NA,NA,4.6,5.2,"4.8","","","","spruce-fir"
"1137","7/11/2023",29,"PIEN","21","",NA,NA,5.2,5.4,"5.2","1.79","","","spruce-fir"
"1138","7/11/2023",29,"PIEN","28","",NA,NA,7.4,7.6,"7.4","","","","spruce-fir"
"1139","7/11/2023",29,"PIEN","34","",NA,NA,9.2,8.2,"8.4","2.13","","","spruce-fir"
"1140","7/11/2023",29,"PIEN","19","",NA,NA,4,4.2,"4","2.27","","","spruce-fir"
"1141","7/11/2023",29,"PIEN","79","",NA,NA,15.8,16,"15.8","7","6.8","6.6","spruce-fir"
"1142","7/11/2023",29,"PIEN","47","",NA,NA,13.6,13.6,"13.6","8","8.2","7.8","spruce-fir"
"1143","7/11/2023",29,"PIEN","36","",NA,NA,9.8,10,"10.4","","","","spruce-fir"
"1144","7/11/2023",29,"ABLAA","14","",NA,NA,3,2.8,"2.8","0.79","","","spruce-fir"
"1145","7/11/2023",29,"PIEN","29","",NA,NA,7.8,8,"8.2","","","","spruce-fir"
"1146","7/11/2023",29,"PIEN","16","",NA,NA,4,3.8,"4","","","","spruce-fir"
"1147","7/11/2023",29,"PSME","21","",NA,NA,3.8,3.8,"4","0.95","","","spruce-fir"
"1148","7/11/2023",29,"PIEN","70","",NA,NA,15.2,15.2,"14.6","7.6","7.2","7.4","spruce-fir"
"1149","7/11/2023",29,"PIEN","183","",NA,NA,19.8,19,"19.4","7.2","6.6","7.8","spruce-fir"
"1150","7/11/2023",29,"ABLAA","15","",NA,NA,2.2,2.6,"2.4","0.21","","","spruce-fir"
"1151","7/11/2023",29,"PIEN","51","",NA,NA,13.4,12.8,"13","3.2","3.4","3.2","spruce-fir"
"1152","7/11/2023",29,"ABLAA","112","",NA,NA,16.4,16.4,"16.6","1.19","","","spruce-fir"
"1153","7/11/2023",29,"PIEN","205","",NA,NA,20.6,21.6,"21.4","9.4","10.2","9.8","spruce-fir"
"1154","7/11/2023",29,"PIEN","31","",NA,NA,5,5.6,"5.6","1.69","","","spruce-fir"
"1155","7/11/2023",29,"ABLAA","17","",NA,NA,3.8,3.8,"3.8","0.77","","","spruce-fir"
"1156","7/11/2023",29,"ABLAA","45","",NA,NA,9.4,9.2,"9.2","1.06","","","spruce-fir"
"1157","7/11/2023",29,"PIEN","70","",NA,NA,13.6,15.6,"13.6","8.4","8","8.2","spruce-fir"
"1158","7/11/2023",29,"PIEN","142","",NA,NA,22.2,21.6,"22","9.8","10.2","10","spruce-fir"
"1159","7/11/2023",29,"PIEN","153","",NA,NA,22,22.2,"21.8","6","6.2","6.4","spruce-fir"
"1160","7/11/2023",30,"PIEN","154","",NA,NA,18.4,18.2,"18.2","6","6.2","6","spruce-fir"
"1161","7/11/2023",30,"PIEN","78","",NA,NA,16.8,16.8,"16.6","7.8","8.2","7.8","spruce-fir"
"1162","7/11/2023",30,"PIEN","43","",NA,NA,12.8,12.6,"12.8","2.1","","","spruce-fir"
"1163","7/11/2023",30,"PIEN","75","",NA,NA,12.8,12.6,"12.8","1.64","","","spruce-fir"
"1164","7/11/2023",30,"PIEN","115","",NA,NA,17.2,17.2,"17.2","3","3","3","spruce-fir"
"1165","7/11/2023",30,"PIEN","32","",NA,NA,8,8,"8","2.37","","","spruce-fir"
"1166","7/11/2023",30,"PIEN","13","",NA,NA,4,4,"3.6","1.14","","","spruce-fir"
"1167","7/11/2023",30,"PIEN","43","",NA,NA,13.2,12.8,"12.8","7.6","7.6","7.6","spruce-fir"
"1168","7/11/2023",30,"PIEN","30","",NA,NA,7.4,7.6,"7.6","2.55","","","spruce-fir"
"1169","7/11/2023",30,"PIEN","52","",NA,NA,10.6,10.8,"10.4","1.45","","","spruce-fir"
"1170","7/11/2023",30,"PIEN","34","",NA,NA,6,5.6,"5.6","4","","","spruce-fir"
"1171","7/11/2023",30,"PIEN","35","",NA,NA,7.8,7.6,"7.8","2.35","","","spruce-fir"
"1172","7/11/2023",30,"PIEN","78","",NA,NA,16.6,15.8,"16","4","4.2","3.8","spruce-fir"
"1173","7/11/2023",30,"PIEN","48","",NA,NA,12.2,12.2,"12","2.6","2.8","2.8","spruce-fir"
"1174","7/11/2023",30,"PIEN","70","",NA,NA,14.2,15,"15.2","3.8","3.8","4.2","spruce-fir"
"1175","7/11/2023",30,"PIEN","112","",NA,NA,16.6,16,"15.6","1.78","","","spruce-fir"
"1176","7/11/2023",30,"PIEN","28","",NA,NA,7.4,7.2,"7.6","3","3","3.4","spruce-fir"
"1177","7/11/2023",30,"PIEN","55","",NA,NA,13.2,13.2,"13.2","3.6","3.6","3.6","spruce-fir"
"1178","7/11/2023",30,"PIEN","65","",NA,NA,15.6,15.6,"15.4","2.35","","","spruce-fir"
"1179","7/11/2023",30,"PIEN","28","",NA,NA,6.6,6.8,"6.4","1.98","","","spruce-fir"
"1180","7/11/2023",30,"PIEN","55","",NA,NA,13.2,13.2,"13.2","3.6","3.6","3.6","spruce-fir"
"1181","7/11/2023",30,"PIEN","65","",NA,NA,15.6,15.6,"15.4","2.35","","","spruce-fir"
"1182","7/11/2023",30,"PIEN","28","",NA,NA,6.6,6.8,"6.4","1.98","","","spruce-fir"
"1183","7/11/2023",30,"PIEN","123","",NA,NA,17,16.8,"17","4.4","4.4","4.4","spruce-fir"
"1184","7/11/2023",30,"PIEN","67","",NA,NA,15,15.2,"15","3.6","3.6","3.4","spruce-fir"
"1185","7/11/2023",30,"PIEN","61","",NA,NA,11,10.8,"10.4","2.24","","","spruce-fir"
"1186","7/11/2023",30,"PIEN","90","",NA,NA,17.4,17.4,"17.2","4.6","4.8","4.6","spruce-fir"
"1187","7/11/2023",30,"PIEN","100","",NA,NA,17.4,18.4,"17.6","3.6","3.6","3.6","spruce-fir"
"1188","7/11/2023",30,"PIEN","16","",NA,NA,2.2,2.4,"2.6","1","","","spruce-fir"
"1189","7/11/2023",30,"PIEN","108","",NA,NA,17.2,17.2,"17.2","2.55","","","spruce-fir"
"1190","7/11/2023",30,"PIEN","96","",NA,NA,16.2,15.8,"15.8","3.8","3.8","3.6","spruce-fir"
"1191","7/11/2023",30,"PIEN","96","",NA,NA,16.6,15.6,"15.8","3.8","5","4.8","spruce-fir"
"1192","7/11/2023",30,"PIEN","18","",NA,NA,4.8,5,"4.8","2.17","","","spruce-fir"
"1193","7/11/2023",30,"PIEN","28","",NA,NA,7.6,7.2,"7.2","1.75","","","spruce-fir"
"1194","7/11/2023",30,"PIEN","70","",NA,NA,14.4,14.4,"14.4","1.97","","","spruce-fir"
"1195","7/11/2023",30,"PIEN","117","",NA,NA,20.8,19.6,"20","2.8","3.4","3.4","spruce-fir"
"1196","7/11/2023",30,"PIEN","18","",NA,NA,5.6,5.6,"5.6","2","","","spruce-fir"
"1197","7/11/2023",30,"PIEN","57","",NA,NA,18.8,17,"17.2","3","2.8","2.8","spruce-fir"
"1198","7/11/2023",30,"PIEN","112","75",41,NA,15.6,15.4,"15.2","2.11","","","spruce-fir"
"1199","7/11/2023",30,"PIEN","43","",NA,NA,10.6,10.6,"11","1.85","","","spruce-fir"
"1200","7/11/2023",30,"PIEN","18","",NA,NA,4,4,"3.8","1.65","","","spruce-fir"
"1201","7/11/2023",30,"PIEN","38","",NA,NA,8.8,8.8,"8.8","1.87","","","spruce-fir"
"1202","7/11/2023",30,"PIEN","30","",NA,NA,9.8,10,"10","2.43","","","spruce-fir"
"1203","7/12/2023",31,"PIEN","71","",NA,NA,14.6,13.8,"14.8","2.2","2.2","2.4","spruce-fir"
"1204","7/12/2023",31,"PIEN","72","",NA,NA,13,13.4,"13.4","6.8","7","6.8","spruce-fir"
"1205","7/12/2023",31,"PIEN","78","",NA,NA,15.4,15.2,"15.2","7.4","7.2","7.4","spruce-fir"
"1206","7/12/2023",31,"ABLAA","20","",NA,NA,3.4,3.4,"3.2","1.24","","","spruce-fir"
"1207","7/12/2023",31,"PIEN","48","",NA,NA,11.6,11.2,"11.2","5.2","5.2","5","spruce-fir"
"1208","7/12/2023",31,"PIEN","27","",NA,NA,7.8,7.4,"7.4","5","5","5.2","spruce-fir"
"1209","7/12/2023",31,"PIEN","36","",NA,NA,9,9.2,"9","3.2","3","3.2","spruce-fir"
"1210","7/12/2023",31,"PIEN","27","",NA,NA,7.6,8.2,"8","4.4","4.6","4.6","spruce-fir"
"1211","7/12/2023",31,"PIEN","45","",NA,NA,9.6,9.4,"9.4","3","3.4","3.4","spruce-fir"
"1212","7/12/2023",31,"PIEN","68","",NA,NA,12.2,11.4,"12.2","7.4","8.2","8","spruce-fir"
"1213","7/12/2023",31,"PIEN","49","",NA,NA,9.2,9.4,"9.4","1.08","","","spruce-fir"
"1214","7/12/2023",31,"PIEN","20","",NA,NA,4.4,4.2,"4.4","1.87","","","spruce-fir"
"1215","7/12/2023",31,"PIEN","65","",NA,NA,12.8,12.8,"12.8","7.2","6.8","7","spruce-fir"
"1216","7/12/2023",31,"ABLAA","37","",NA,NA,6.8,7,"6.8","1.36","","","spruce-fir"
"1217","7/12/2023",31,"PIEN","46","",NA,NA,12.2,12.4,"12.4","8.4","8.2","8","spruce-fir"
"1218","7/12/2023",31,"PIEN","45","",NA,NA,10.8,11,"11.2","2.6","2.6","2.4","spruce-fir"
"1219","7/12/2023",31,"PIEN","45","",NA,NA,10,10.6,"10.4","5.2","5.2","5.2","spruce-fir"
"1220","7/12/2023",31,"PIEN","49","",NA,NA,11.4,11.2,"11.2","7","7","7","spruce-fir"
"1221","7/12/2023",31,"PIEN","40","",NA,NA,10.6,10.4,"10.2","6","6.2","5.8","spruce-fir"
"1222","7/12/2023",31,"PIEN","33","",NA,NA,8.8,9,"8.6","4","4.4","4.2","spruce-fir"
"1223","7/12/2023",31,"PIEN","26","",NA,NA,7.4,7.4,"7","3.6","4","4","spruce-fir"
"1224","7/12/2023",31,"PIEN","70","",NA,NA,14.4,14.6,"14.4","5.6","5.6","5.2","spruce-fir"
"1225","7/12/2023",31,"PIEN","102","",NA,NA,16.8,17.2,"17.8","5.6","5.4","5.4","spruce-fir"
"1226","7/12/2023",31,"PIEN","48","",NA,NA,10.2,10.4,"9.8","6","5.4","5.6","spruce-fir"
"1227","7/12/2023",31,"ABLAA","23","",NA,NA,5,5,"4.8","1.03","","","spruce-fir"
"1228","7/12/2023",31,"PIEN","32","",NA,NA,7.6,8,"8","4.6","4.8","4.8","spruce-fir"
"1229","7/12/2023",31,"PIEN","46","",NA,NA,9.6,9.4,"9.8","","","","spruce-fir"
"1230","7/12/2023",31,"PIEN","77","",NA,NA,15.2,15.6,"15.2","9.4","8.8","9.6","spruce-fir"
"1231","7/12/2023",31,"PIEN","28","",NA,NA,5.4,5.2,"5","1.79","","","spruce-fir"
"1232","7/12/2023",31,"PIEN","46","",NA,NA,9.2,10.2,"9.2","1.66","","","spruce-fir"
"1233","7/12/2023",31,"PIEN","95","",NA,NA,14.2,13.8,"13.6","8.8","8.6","8.4","spruce-fir"
"1234","7/12/2023",31,"ABLAA","15","",NA,NA,2.2,2.8,"2.6","0.86","","","spruce-fir"
"1235","7/12/2023",31,"PIEN","104","",NA,NA,15.6,15.8,"16","5.2","5.6","5.2","spruce-fir"
"1236","7/12/2023",31,"PIEN","63","",NA,NA,12.2,12.4,"12","6.4","5.6","6.2","spruce-fir"
"1237","7/12/2023",31,"PIEN","56","",NA,NA,12,12.2,"12","6.2","6","6.4","spruce-fir"
"1238","7/12/2023",31,"PIEN","51","",NA,NA,10.4,10.6,"10","4","4","3.6","spruce-fir"
"1239","7/12/2023",31,"PIEN","29","",NA,NA,7,7.2,"7.2","5","4","5","spruce-fir"
"1240","7/12/2023",31,"PIEN","31","",NA,NA,9.2,9.2,"9.2","4.8","5","4.8","spruce-fir"
"1241","7/12/2023",31,"PIEN","25","",NA,NA,7,6.8,"6.4","2.07","","","spruce-fir"
"1242","7/12/2023",31,"PIEN","25","",NA,NA,7,6.8,"6.8","2.03","","","spruce-fir"
"1243","7/12/2023",31,"PIEN","17","",NA,NA,3.2,3.2,"3.2","","","","spruce-fir"
"1244","7/12/2023",31,"PIEN","16","",NA,NA,3.6,3.6,"3.4","","","","spruce-fir"
"1245","7/12/2023",31,"PIEN","27","",NA,NA,6,5.8,"6.2","3","2.8","2.8","spruce-fir"
"1246","7/12/2023",31,"PIEN","27","",NA,NA,5.2,5.2,"5.2","1.84","","","spruce-fir"
"1247","7/12/2023",31,"PIEN","43","",NA,NA,10.8,10.6,"10.6","5.6","5.2","5.2","spruce-fir"
"1248","7/12/2023",31,"PIEN","58","",NA,NA,11.6,11.4,"12","4.4","4.8","4.2","spruce-fir"
"1249","7/12/2023",31,"PIEN","15","",NA,NA,2.6,2,"2.8","2.12","","","spruce-fir"
"1250","7/12/2023",31,"PIEN","44","",NA,NA,12,12,"12","7","6.6","7","spruce-fir"
"1251","7/12/2023",31,"PIEN","30","",NA,NA,4.8,4.6,"4.8","1.78","","","spruce-fir"
"1252","7/12/2023",31,"ABLAA","75","",NA,NA,13.2,13,"13","1.94","","","spruce-fir"
"1253","7/12/2023",31,"PIEN","52","",NA,NA,11.4,11.4,"11.2","3.6","4","3.6","spruce-fir"
"1254","7/12/2023",31,"PIEN","25","",NA,NA,5.6,6,"6","1.65","","","spruce-fir"
"1255","7/12/2023",31,"PIEN","40","",NA,NA,7,7.4,"7.2","4.2","4.2","4","spruce-fir"
"1256","7/12/2023",31,"ABLAA","20","",NA,NA,4.8,4.8,"4.8","0.28","","","spruce-fir"
"1257","7/12/2023",31,"ABLAA","34","",NA,NA,4.8,4.8,"4.8","1.54","","","spruce-fir"
"1258","7/12/2023",31,"PIEN","42","",NA,NA,10.8,10.4,"10","5","5.4","5.6","spruce-fir"
"1259","7/12/2023",31,"PIEN","89","",NA,NA,15,14.8,"15.6","3.4","2.8","3","spruce-fir"
"1260","7/12/2023",31,"PIEN","38","",NA,NA,10.2,10.6,"10","7.4","7.2","7.4","spruce-fir"
"1261","7/12/2023",31,"PIEN","71","",NA,NA,15.4,14.8,"15.6","3.4","2.8","3","spruce-fir"
"1262","7/12/2023",31,"PIEN","59","",NA,NA,11.4,11.8,"12","4.6","5","4.6","spruce-fir"
"1263","7/12/2023",31,"PIEN","22","",NA,NA,4.6,4.6,"4.4","2.28","","","spruce-fir"
"1264","7/12/2023",31,"PIEN","98","",NA,NA,13,13.2,"13.2","4.6","4.6","4.6","spruce-fir"
"1265","7/12/2023",31,"PIEN","107","",NA,NA,16,16,"16.6","7.2","7.2","7.4","spruce-fir"
"1266","7/12/2023",31,"PIEN","13","",NA,NA,3.2,3.4,"3.2","","","","spruce-fir"
"1267","7/12/2023",31,"PIEN","21","",NA,NA,6,5.8,"5.8","","","","spruce-fir"
"1268","7/12/2023",31,"PIEN","29","",NA,NA,7.6,8,"7.6","3.8","3.6","3.8","spruce-fir"
"1269","7/12/2023",31,"PIEN","38","",NA,NA,8.6,9,"9.4","5.4","5.4","5","spruce-fir"
"1270","7/12/2023",31,"PIEN","147","",NA,NA,21.2,21.8,"22","8.4","8.4","8.4","spruce-fir"
"1271","7/12/2023",31,"PIEN","106","",NA,NA,18.4,18.4,"18.8","7.8","6.8","7.2","spruce-fir"
"1272","7/12/2023",31,"ABLAA","91","",NA,NA,15.6,16,"16","5","5.4","5","spruce-fir"
"1273","7/12/2023",31,"PIEN","27","",NA,NA,5.4,5.6,"6","1.88","","","spruce-fir"
"1274","7/12/2023",31,"PIEN","40","",NA,NA,9.6,9.4,"8.8","2.2","","","spruce-fir"
"1275","7/12/2023",31,"PIEN","104","",NA,NA,4.2,4,"4","","","","spruce-fir"
"1276","7/12/2023",31,"PIEN","212","",NA,NA,16,15.8,"16","6","6.6","6.2","spruce-fir"
"1277","7/12/2023",31,"PIEN","139","89",57,21,15.6,15.8,"16.2","1.63","","","spruce-fir"
"1278","7/12/2023",31,"PIEN","35","",NA,NA,9.4,9.4,"9","5.2","5.2","5.2","spruce-fir"
"1279","7/12/2023",31,"PIEN","21","",NA,NA,5.4,5.6,"5.6","1.71","","","spruce-fir"
"1280","7/12/2023",31,"ABLAA","37","",NA,NA,8.6,8.6,"9.2","1.56","","","spruce-fir"
"1281","7/12/2023",31,"PIEN","55","38",20,NA,9.6,9.8,"9.4","2.6","2.8","2.6","spruce-fir"
"1282","7/12/2023",31,"PIEN","19","",NA,NA,5.8,6.2,"5.6","","","","spruce-fir"
"1283","7/12/2023",31,"PIEN","16","",NA,NA,3.2,3.2,"3","2.56","","","spruce-fir"
"1284","7/12/2023",31,"PIEN","15","",NA,NA,2.6,2.6,"2.8","","","","spruce-fir"
"1285","7/12/2023",31,"PIEN","49","",NA,NA,10.2,10.2,"10.4","5","5.2","4.8","spruce-fir"
"1286","7/12/2023",31,"PIEN","58","",NA,NA,11,11,"10.8","4.8","4.6","5","spruce-fir"
"1287","7/12/2023",31,"PIEN","81","",NA,NA,13.6,14.2,"13.8","7.2","6.8","6.8","spruce-fir"
"1288","7/12/2023",31,"PIEN","61","36",31,NA,9.6,9.6,"9.6","3.8","4","3.8","spruce-fir"
"1289","7/12/2023",31,"PIEN","39","",NA,NA,9.4,9.4,"9.4","6.8","6","6.2","spruce-fir"
"1290","7/12/2023",31,"PIEN","18","",NA,NA,4.2,4.4,"4","2.8","2.6","2.6","spruce-fir"
"1291","7/12/2023",32,"PIEN","25","",NA,NA,2.8,2.6,"2.8","0.01","","","spruce-fir"
"1292","7/12/2023",32,"PIEN","88","",NA,NA,7.8,8,"8.4","","","","spruce-fir"
"1293","7/12/2023",32,"ABLAA","45","",NA,NA,7.4,7.4,"7.4","0.01","","","spruce-fir"
"1294","7/12/2023",32,"PIEN","41","",NA,NA,7.2,7.2,"7.4","0.2","","","spruce-fir"
"1295","7/12/2023",32,"PIEN","27","",NA,NA,4.8,4.6,"4.6","0.55","","","spruce-fir"
"1296","7/12/2023",32,"ABLAA","45","",NA,NA,5,5.6,"5.2","0.25","","","spruce-fir"
"1297","7/12/2023",32,"ABLAA","37","",NA,NA,6,6,"6","0.01","","","spruce-fir"
"1298","7/12/2023",32,"PIEN","35","",NA,NA,5,5,"5","","","","spruce-fir"
"1299","7/12/2023",32,"PIEN","15","",NA,NA,2.4,2.2,"2.4","0.58","","","spruce-fir"
"1300","7/12/2023",32,"PIEN","20","",NA,NA,3.2,3.2,"3.2","0.92","","","spruce-fir"
"1301","7/12/2023",32,"ABLAA","30","",NA,NA,5.2,5,"5.4","1.35","","","spruce-fir"
"1302","7/12/2023",32,"PIEN","47","",NA,NA,5.8,6,"6.2","1.45","","","spruce-fir"
"1303","7/12/2023",32,"PIEN","66","",NA,NA,7.6,7.8,"7.4","0.36","","","spruce-fir"
"1304","7/12/2023",32,"PIEN","82","",NA,NA,8.6,8.6,"8.4","0.48","","","spruce-fir"
"1305","7/12/2023",32,"ABLAA","56","",NA,NA,3,3,"2.8","","","","spruce-fir"
"1306","7/12/2023",32,"PIEN","31","",NA,NA,4.6,4.6,"4.4","1.64","","","spruce-fir"
"1307","7/12/2023",32,"ABLAA","38","",NA,NA,4.8,4.8,"4.6","0.32","","","spruce-fir"
"1308","7/12/2023",32,"PIEN","36","",NA,NA,5.4,5.2,"5.4","0.42","","","spruce-fir"
"1309","7/12/2023",32,"ABLAA","37","",NA,NA,5.8,6,"5.8","0.24","","","spruce-fir"
"1310","7/12/2023",32,"PIEN","32","",NA,NA,4.2,4.4,"4.6","0.75","","","spruce-fir"
"1311","7/12/2023",32,"ABLAA","36","",NA,NA,5.2,5,"5.2","0.48","","","spruce-fir"
"1312","7/12/2023",32,"PIEN","16","",NA,NA,1.93,NA,"","0.2","","","spruce-fir"
"1313","7/12/2023",32,"PIEN","26","",NA,NA,4,4,"4.4","0.75","","","spruce-fir"
"1314","7/12/2023",32,"ABLAA","60","",NA,NA,6.6,6.2,"6.6","0.02","","","spruce-fir"
"1315","7/12/2023",32,"POTR5","61","33",77,NA,5,5,"5","2.2","2.2","2.4","spruce-fir"
"1316","7/12/2023",32,"ABLAA","70","",NA,NA,6,5.6,"5.6","","","","spruce-fir"
"1317","7/12/2023",32,"POTR5","60","",NA,NA,5,5,"5.4","2.39","","","spruce-fir"
"1318","7/12/2023",32,"PIEN","15","",NA,NA,2.4,NA,"","0.22","","","spruce-fir"
"1319","7/12/2023",32,"PIEN","31","",NA,NA,2.8,2.8,"3","1.03","","","spruce-fir"
"1320","7/12/2023",32,"PIEN","26","",NA,NA,3,3.4,"3.4","0.96","","","spruce-fir"
"1321","7/12/2023",32,"PIEN","36","",NA,NA,4.8,5,"4.8","0.15","","","spruce-fir"
"1322","7/12/2023",32,"PIEN","23","",NA,NA,3.6,3.4,"3.6","0.26","","","spruce-fir"
"1323","7/12/2023",32,"PIEN","40","",NA,NA,5.2,5.2,"5.2","0.23","","","spruce-fir"
"1324","7/12/2023",32,"PIEN","23","",NA,NA,3.4,3.2,"3.4","0.26","","","spruce-fir"
"1325","7/12/2023",32,"PIEN","20","",NA,NA,3,3,"3.2","0.62","","","spruce-fir"
"1326","7/12/2023",32,"PIEN","30","",NA,NA,4,3.8,"3.8","0.33","","","spruce-fir"
"1327","7/12/2023",32,"PIEN","24","",NA,NA,3.8,3.8,"3.6","0.1","","","spruce-fir"
"1328","7/12/2023",32,"ABLAA","36","",NA,NA,6.2,6.2,"6.2","0.3","","","spruce-fir"
"1329","7/12/2023",32,"ABLAA","43","",NA,NA,7.6,7,"7","0.23","","","spruce-fir"
"1330","7/12/2023",32,"PIEN","50","",NA,NA,5.2,5,"5","0.08","","","spruce-fir"
"1331","7/12/2023",32,"PIEN","26","15",50,NA,3.8,3.8,"3.8","0.01","","","spruce-fir"
"1332","7/12/2023",32,"PIEN","25","",NA,NA,4.2,4,"4.2","0.01","","","spruce-fir"
"1333","7/12/2023",32,"PIEN","21","",NA,NA,3.4,3.2,"3.2","0.16","","","spruce-fir"
"1334","7/12/2023",32,"ABLAA","34","",NA,NA,4,4.2,"4.2","0.01","","","spruce-fir"
"1335","7/12/2023",32,"ABLAA","27","48",15,75,5.6,5.6,"5.4","0.24","","","spruce-fir"
"1336","7/12/2023",32,"PIEN","34","",NA,NA,3,3,"3","0.55","","","spruce-fir"
"1337","7/12/2023",33,"PIEN","111","83",208,NA,7,6.8,"7.4","1.46","","","spruce-fir"
"1338","7/12/2023",33,"ABLAA","22","",NA,NA,2.8,3,"2.8","0.15","","","spruce-fir"
"1339","7/12/2023",33,"ABLAA","86","",NA,NA,10.4,10.6,"11.4","0.18","","","spruce-fir"
"1340","7/12/2023",33,"PIEN","37","",NA,NA,3.4,3.6,"3.6","","","","spruce-fir"
"1341","7/12/2023",33,"ABLAA","22","",NA,NA,3.6,3.4,"3.2","0.9","","","spruce-fir"
"1342","7/12/2023",33,"ABLAA","67","",NA,NA,6.4,6.6,"6.4","0.4","","","spruce-fir"
"1343","7/12/2023",33,"ABLAA","34","",NA,NA,4.2,4.4,"4.4","1.13","","","spruce-fir"
"1344","7/12/2023",33,"ABLAA","44","",NA,NA,5.8,5.8,"6","","","","spruce-fir"
"1345","7/12/2023",33,"PIEN","19","",NA,NA,2.8,3,"2.6","0.54","","","spruce-fir"
"1346","7/12/2023",33,"PIEN","41","",NA,NA,5.8,5.8,"6.4","2.2","2.2","2.2","spruce-fir"
"1347","7/12/2023",33,"ABLAA","55","",NA,NA,6.8,6.2,"6.4","0.25","","","spruce-fir"
"1348","7/12/2023",33,"ABLAA","72","36",94,NA,6,6,"6","0.19","","","spruce-fir"
"1349","7/12/2023",33,"ABLAA","85","",NA,NA,7.2,7.8,"7.8","0.2","","","spruce-fir"
"1350","7/12/2023",33,"PIEN","30","",NA,NA,5.8,5.8,"6","0.2","","","spruce-fir"
"1351","7/12/2023",33,"ABLAA","55","",NA,NA,7.2,7.4,"7.4","0.2","","","spruce-fir"
"1352","7/12/2023",33,"ABLAA","50","",NA,NA,8.4,9,"9.2","0.94","","","spruce-fir"
"1353","7/12/2023",33,"PIEN","46","",NA,NA,5.8,6.2,"6","1.5","","","spruce-fir"
"1354","7/12/2023",33,"PIEN","82","",NA,NA,8.8,9,"9","0.71","","","spruce-fir"
"1355","7/12/2023",33,"PIEN","110","",NA,NA,9.6,10.4,"10.4","1.05","","","spruce-fir"
"1356","7/12/2023",33,"PIEN","38","",NA,NA,6.4,6.2,"6.4","","","","spruce-fir"
"1357","7/12/2023",33,"PIEN","108","",NA,NA,11.6,11.6,"11","1.08","","","spruce-fir"
"1358","7/12/2023",33,"ABLAA","65","",NA,NA,9.4,9.6,"9.6","0.01","","","spruce-fir"
"1359","7/12/2023",33,"PIEN","96","",NA,NA,10,10.8,"10.8","0.72","","","spruce-fir"
"1360","7/12/2023",33,"PIEN","82","",NA,NA,11.8,12.2,"12.2","1.25","","","spruce-fir"
"1361","7/12/2023",33,"PIEN","71","",NA,NA,11.6,11.2,"11.6","3","3.2","3","spruce-fir"
"1362","7/12/2023",33,"PIEN","86","",NA,NA,11.2,12,"11.2","0.4","","","spruce-fir"
"1363","7/12/2023",33,"PIEN","72","",NA,NA,12.2,12.4,"12.2","2.8","2.6","3","spruce-fir"
"1364","7/12/2023",33,"PIEN","40","",NA,NA,7.2,7.2,"7.2","1.3","","","spruce-fir"
"1365","7/12/2023",33,"PIEN","39","",NA,NA,5,5.2,"5.2","0.81","","","spruce-fir"
"1366","7/12/2023",33,"PIEN","75","",NA,NA,10.4,10.6,"11","0.3","","","spruce-fir"
"1367","7/12/2023",33,"PIEN","25","",NA,NA,3.8,3.6,"3.6","0.66","","","spruce-fir"
"1368","7/12/2023",33,"PIEN","44","",NA,NA,6.8,6.6,"6.6","0.36","","","spruce-fir"
"1369","7/12/2023",33,"PIEN","55","",NA,NA,4,4,"3.8","0.45","","","spruce-fir"
"1370","7/12/2023",33,"PIEN","52","",NA,NA,6.4,6.4,"6.4","0.3","","","spruce-fir"
"1371","7/12/2023",33,"PIEN","21","",NA,NA,1.92,NA,"","","","","spruce-fir"
"1372","7/12/2023",33,"ABLAA","13","",NA,NA,2.49,NA,"","0.16","","","spruce-fir"
"1373","7/12/2023",33,"PIEN","31","",NA,NA,3.2,3.2,"3.2","0.05","","","spruce-fir"
"1374","7/12/2023",33,"PIEN","18","",NA,NA,2.4,2.6,"2.2","0.2","","","spruce-fir"
"1375","7/13/2023",34,"PIEN","40","",NA,NA,7.6,7.2,"7.4","3.2","3","3.2","spruce-fir"
"1376","7/13/2023",34,"PIEN","47","",NA,NA,10.4,10.8,"11","0.21","","","spruce-fir"
"1377","7/13/2023",34,"PIEN","63","",NA,NA,11,11,"11.6","0.21","","","spruce-fir"
"1378","7/13/2023",34,"PIEN","45","",NA,NA,8.2,8.2,"8.2","4.4","4.2","4.2","spruce-fir"
"1379","7/13/2023",34,"PIEN","47","",NA,NA,9.4,9.2,"9","2.6","2.4","2.4","spruce-fir"
"1380","7/13/2023",34,"PIEN","71","",NA,NA,12.2,12,"12","4","4","3.8","spruce-fir"
"1381","7/13/2023",34,"PIEN","16","",NA,NA,2.4,2.4,"2.4","1.74","","","spruce-fir"
"1382","7/13/2023",34,"PIEN","34","",NA,NA,6.8,6.8,"6.6","1.87","","","spruce-fir"
"1383","7/13/2023",34,"PIEN","66","",NA,NA,11.8,11.8,"11.6","2","1.8","1.6","spruce-fir"
"1384","7/13/2023",34,"PIFL2","94","",NA,NA,11.2,10.8,"11.2","2.24","","","spruce-fir"
"1385","7/13/2023",34,"PIEN","100","",NA,NA,15.8,16,"16.4","2.6","2.2","2.2","spruce-fir"
"1386","7/13/2023",34,"PIEN","73","",NA,NA,11.4,12,"11.6","1.45","","","spruce-fir"
"1387","7/13/2023",34,"PIEN","17","",NA,NA,3.4,3.4,"3.6","1.63","","","spruce-fir"
"1388","7/13/2023",34,"PIEN","62","",NA,NA,14.8,14.6,"13.8","2.8","2.6","2.4","spruce-fir"
"1389","7/13/2023",34,"PIEN","26","",NA,NA,5,5.4,"5.4","","","","spruce-fir"
"1390","7/13/2023",34,"PIEN","18","",NA,NA,4,3.8,"3.8","0.97","","","spruce-fir"
"1391","7/13/2023",34,"PIEN","90","",NA,NA,14.4,14.4,"14.4","1.8","1.8","1.8","spruce-fir"
"1392","7/13/2023",34,"PIEN","79","",NA,NA,12.8,12.8,"12.8","2.8","2.6","2.6","spruce-fir"
"1393","7/13/2023",34,"PIEN","90","",NA,NA,14.4,14.4,"14.4","1.8","1.8","1.8","spruce-fir"
"1394","7/13/2023",34,"PIEN","79","",NA,NA,12.8,12.8,"12.8","2.8","2.6","2.6","spruce-fir"
"1395","7/13/2023",34,"PIEN","90","",NA,NA,15,14.4,"15.4","3.6","3.2","3.4","spruce-fir"
"1396","7/13/2023",34,"PIEN","47","",NA,NA,7,7,"7.2","1.62","","","spruce-fir"
"1397","7/13/2023",34,"PIEN","54","",NA,NA,10.2,10.2,"10.4","4.2","","","spruce-fir"
"1398","7/13/2023",34,"PIEN","66","",NA,NA,11,11,"11.8","5.2","","","spruce-fir"
"1399","7/13/2023",34,"PIEN","19","",NA,NA,3.6,4,"3.6","1.97","","","spruce-fir"
"1400","7/13/2023",34,"PIEN","16","",NA,NA,2.6,2.8,"2.8","1.01","","","spruce-fir"
"1401","7/13/2023",34,"PIEN","17","",NA,NA,3.4,3.4,"3.2","1.96","","","spruce-fir"
"1402","7/13/2023",34,"PIEN","20","",NA,NA,3.8,4,"3.6","1.76","","","spruce-fir"
"1403","7/13/2023",34,"PIEN","47","",NA,NA,8.4,8.8,"8.2","2.8","2.4","2.2","spruce-fir"
"1404","7/13/2023",34,"PIEN","44","",NA,NA,8.6,8.4,"8.4","2.4","2.4","2.6","spruce-fir"
"1405","7/13/2023",34,"PIEN","19","",NA,NA,4,4,"3.8","","","","spruce-fir"
"1406","7/13/2023",34,"PIEN","114","",NA,NA,15.4,15.8,"15","3","2.8","2.4","spruce-fir"
"1407","7/13/2023",34,"ABLAA","17","",NA,NA,3,3,"3","1.33","","","spruce-fir"
"1408","7/13/2023",34,"PIEN","46","",NA,NA,10.2,10.6,"10.4","4.4","4.4","4.6","spruce-fir"
"1409","7/13/2023",34,"PIEN","51","",NA,NA,9.2,9.2,"9.2","3","3.2","3.2","spruce-fir"
"1410","7/13/2023",34,"PIEN","42","",NA,NA,6.4,6.4,"6.4","3","3.2","3","spruce-fir"
"1411","7/13/2023",34,"PIEN","49","",NA,NA,10.2,10.2,"10.6","4.2","4.6","4.2","spruce-fir"
"1412","7/13/2023",34,"PIEN","57","",NA,NA,11.6,11.6,"11.6","1.66","","","spruce-fir"
"1413","7/13/2023",34,"PIEN","64","",NA,NA,10.6,10,"11.6","2.2","2.4","2.2","spruce-fir"
"1414","7/13/2023",34,"PIEN","86","44",110,NA,13.8,13.6,"13.8","2.05","","","spruce-fir"
"1415","7/13/2023",34,"PIEN","75","",NA,NA,12.2,12.4,"12.2","1.66","","","spruce-fir"
"1416","7/13/2023",34,"PIEN","18","",NA,NA,4.6,5,"5","2.06","","","spruce-fir"
"1417","7/13/2023",34,"PIEN","49","",NA,NA,11.2,11,"11.8","5.2","5","4.8","spruce-fir"
"1418","7/13/2023",34,"PIEN","50","",NA,NA,10.6,10.8,"10","5.2","4.8","4.8","spruce-fir"
"1419","7/13/2023",34,"PIEN","34","",NA,NA,7.4,7.8,"7.6","3.6","3.8","3.6","spruce-fir"
"1420","7/13/2023",34,"PIEN","32","32",58,NA,7.6,7.6,"7.8","1.63","","","spruce-fir"
"1421","7/13/2023",34,"PIEN","123","",NA,NA,15.6,NA,"","1.85","","","spruce-fir"
"1422","7/13/2023",34,"PIEN","79","",NA,NA,13.2,NA,"","1.86","","","spruce-fir"
"1423","7/13/2023",34,"PIEN","52","35",NA,NA,9.8,NA,"","2","","","spruce-fir"
"1424","7/13/2023",34,"ABLAA","55","50",111,NA,11.2,NA,"","0.7","","","spruce-fir"
"1425","7/13/2023",34,"ABLAA","58","",NA,NA,10.8,NA,"","0.01","","","spruce-fir"
"1426","7/13/2023",34,"PIEN","47","",NA,NA,9,9.2,"","2.11","","","spruce-fir"
"1427","7/13/2023",34,"PIEN","23","",NA,NA,5.6,NA,"","4","","","spruce-fir"
"1428","7/13/2023",34,"PIEN","27","",NA,NA,6.2,NA,"","4","","","spruce-fir"
"1429","7/13/2023",34,"ABLAA","47","20",18,41,5.6,NA,"","0.48","","","spruce-fir"
"1430","7/17/2023",35,"PSME","230","",NA,NA,4.4,4.2,"4.2","","","","mixed conifer"
"1431","7/17/2023",35,"PSME","45","",NA,NA,6.4,6.4,"6.6","2.4","2.4","2.4","mixed conifer"
"1432","7/17/2023",35,"POTR5","93","",NA,NA,16.4,15.8,"15.4","10.6","10.2","10","mixed conifer"
"1433","7/17/2023",35,"PSME","35","",NA,NA,4.6,4.8,"4.6","1.32","","","mixed conifer"
"1434","7/17/2023",35,"PSME","67","",NA,NA,8,8.2,"8.2","3.6","3.8","4","mixed conifer"
"1435","7/17/2023",35,"PSME","37","",NA,NA,4,4.2,"4.2","0.97","","","mixed conifer"
"1436","7/17/2023",35,"PSME","225","",NA,NA,24.6,24.8,"25","6.4","6.8","6.6","mixed conifer"
"1437","7/17/2023",35,"PSME","57","",NA,NA,6.2,6,"6","1.91","","","mixed conifer"
"1438","7/17/2023",35,"PSME","63","",NA,NA,6,5.8,"5.8","1.29","","","mixed conifer"
"1439","7/17/2023",35,"PSME","37","",NA,NA,4.8,5,"4.8","0.71","","","mixed conifer"
"1440","7/17/2023",35,"PSME","214","",NA,NA,3.4,3.4,"3.2","","","","mixed conifer"
"1441","7/17/2023",35,"PSME","56","",NA,NA,8.6,8.6,"8.8","","","","mixed conifer"
"1442","7/18/2023",36,"PSME","102","",NA,NA,11.6,11.6,"11.4","0.28","","","ponderosa pine"
"1443","7/18/2023",36,"PIPO","215","159",311,NA,21.8,21.8,"22","6.6","6.4","6.4","ponderosa pine"
"1444","7/18/2023",36,"PIPO","80","",NA,NA,11.2,11.6,"11.2","5","5","5","ponderosa pine"
"1445","7/18/2023",36,"PIPO","104","",NA,NA,17.2,17.4,"17.6","5.2","5.6","5.2","ponderosa pine"
"1446","7/18/2023",36,"PIPO","152","",NA,NA,21,21,"21.2","6.6","6.8","6.6","ponderosa pine"
"1447","7/18/2023",36,"PIPO","190","",NA,NA,19.4,20.2,"19.8","4.4","4.6","4.6","ponderosa pine"
"1448","7/18/2023",36,"QUGA","25","",NA,NA,2.6,2.6,"2.6","0.7","","","ponderosa pine"
"1449","7/18/2023",36,"QUGA","23","",NA,NA,2.8,2.8,"2.6","0.39","","","ponderosa pine"
"1450","7/18/2023",36,"PIPO","150","",NA,NA,20.8,20.8,"20.4","3","3","3.4","ponderosa pine"
"1451","7/18/2023",36,"PIPO","57","",NA,NA,7.6,7.4,"7.4","1.18","","","ponderosa pine"
"1452","7/18/2023",36,"PIPO","151","",NA,NA,23.6,23.2,"23.6","7.4","7.2","7.8","ponderosa pine"
"1453","7/18/2023",37,"PIPO","204","",NA,NA,24,24.2,"24.2","5.4","5.6","5.4","ponderosa pine"
"1454","7/18/2023",37,"PIPO","46","",NA,NA,8.8,8.8,"9","1.64","","","ponderosa pine"
"1455","7/18/2023",37,"PIPO","64","",NA,NA,12.2,12,"12","5.2","5.2","5.4","ponderosa pine"
"1456","7/18/2023",37,"PSME","74","",NA,NA,10.4,11,"10.8","","","","ponderosa pine"
"1457","7/18/2023",37,"PIPO","247","",NA,NA,23.8,23.2,"23","6.2","6.4","6","ponderosa pine"
"1458","7/18/2023",37,"PSME","44","",NA,NA,7.2,7.6,"7.8","1.12","","","ponderosa pine"
"1459","7/18/2023",37,"PSME","66","",NA,NA,6.6,6.2,"6.2","0.01","","","ponderosa pine"
"1460","7/18/2023",37,"PIPO","127","",NA,NA,19.8,19.8,"19.8","11","11.2","11.4","ponderosa pine"
"1461","7/18/2023",37,"PSME","42","",NA,NA,4,4.2,"4","0.5","","","ponderosa pine"
"1462","7/18/2023",37,"PIPO","142","",NA,NA,19.4,19.6,"19","8.4","8.8","9","ponderosa pine"
"1463","7/18/2023",37,"PIPO","141","",NA,NA,21.2,21.2,"20.8","13.6","13.8","13.6","ponderosa pine"
"1464","7/18/2023",37,"PSME","48","",NA,NA,5.8,5.6,"5.4","0.01","","","ponderosa pine"
"1465","7/18/2023",37,"PIPO","195","",NA,NA,1.82,NA,"","","","","ponderosa pine"
"1466","7/18/2023",37,"POTR5","68","",NA,NA,10.6,10.6,"10.4","","","","ponderosa pine"
"1467","7/18/2023",37,"PSME","76","",NA,NA,9.8,10,"10","0.01","","","ponderosa pine"
"1468","7/18/2023",37,"PSME","15","",NA,NA,2.8,2.6,"2.8","0.4","","","ponderosa pine"
"1469","7/18/2023",38,"PIPO","117","",NA,NA,15.6,15.6,"15.8","2.4","2.2","2.2","ponderosa pine"
"1470","7/18/2023",38,"PIPO","74","",NA,NA,11.6,11.2,"11.2","1.8","1.8","1.6","ponderosa pine"
"1471","7/18/2023",38,"PIPO","95","",NA,NA,14,14.6,"14.2","2.03","","","ponderosa pine"
"1472","7/18/2023",38,"PSME","149","",NA,NA,16.8,17.4,"16.8","2.4","2.8","2.6","ponderosa pine"
"1473","7/18/2023",38,"PIPO","96","",NA,NA,15.6,15.6,"15.6","1.57","","","ponderosa pine"
"1474","7/18/2023",38,"PSME","79","",NA,NA,10.4,10,"10","","","","ponderosa pine"
"1475","7/18/2023",38,"PSME","23","",NA,NA,2.8,3,"3.2","","","","ponderosa pine"
"1476","7/18/2023",38,"PSME","120","25",159,NA,17.2,17.6,"17.8","","","","ponderosa pine"
"1477","7/18/2023",38,"PSME","121","",NA,NA,12.2,13,"12.8","2.23","","","ponderosa pine"
"1478","7/18/2023",38,"PIPO","83","",NA,NA,14.2,14,"14.2","1.29","","","ponderosa pine"
"1479","7/18/2023",38,"PIPO","118","",NA,NA,15.2,15.8,"15","5.4","5","5.4","ponderosa pine"
"1480","7/18/2023",38,"PSME","89","",NA,NA,12.2,12,"12","1.15","","","ponderosa pine"
"1481","7/18/2023",38,"PIPO","99","",NA,NA,14.2,14.2,"14.2","1.08","","","ponderosa pine"
"1482","7/18/2023",38,"PIPO","190","",NA,NA,23.4,23,"23","3","2.8","2.6","ponderosa pine"
"1483","7/18/2023",38,"PIPO","124","",NA,NA,18,17.8,"17.6","4.6","4.4","4.6","ponderosa pine"
"1484","7/18/2023",38,"PIPO","77","",NA,NA,13.4,13,"13.8","3.4","3.4","3.4","ponderosa pine"
"1485","7/18/2023",39,"QUGA","23","",NA,NA,1.8,1.8,"2","","","","mixed conifer"
"1486","7/18/2023",39,"PSME","140","",NA,NA,18,17.6,"17.8","1.04","","","mixed conifer"
"1487","7/18/2023",39,"PSME","196","",NA,NA,11.2,11.8,"11.6","1.34","","","mixed conifer"
"1488","7/18/2023",39,"PSME","36","",NA,NA,4.6,4.8,"5.2","","","","mixed conifer"
"1489","7/18/2023",39,"PIPO","84","",NA,NA,16.2,16,"15.4","10.2","10.4","10.4","mixed conifer"
"1490","7/18/2023",39,"PIPO","150","",NA,NA,20.6,20.8,"21","5","5","5","mixed conifer"
"1491","7/18/2023",39,"PIPO","202","",NA,NA,21.8,21.2,"21.8","6","5.8","6.4","mixed conifer"
"1492","7/18/2023",39,"PSME","85","",NA,NA,7.8,8,"8.2","","","","mixed conifer"
"1493","7/18/2023",39,"PSME","75","",NA,NA,8.4,8.2,"8.8","","","","mixed conifer"
"1494","7/18/2023",39,"PSME","141","",NA,NA,17.4,17.6,"17.2","1.8","1.6","1.6","mixed conifer"
"1495","7/18/2023",39,"PSME","42","",NA,NA,4.8,4.2,"4.6","","","","mixed conifer"
"1496","7/18/2023",39,"POTR5","76","59",119,NA,12.8,12.4,"12.6","","","","mixed conifer"
"1497","7/18/2023",39,"PSME","141","90",188,NA,17.6,17.6,"17.4","1.8","1.8","1.8","mixed conifer"
"1498","7/18/2023",39,"PSME","138","",NA,NA,17.8,18,"11.8","","","","mixed conifer"
"1499","7/18/2023",39,"PSME","39","",NA,NA,5.6,5.6,"5.8","1.44","","","mixed conifer"
"1500","7/18/2023",40,"POTR5","87","",NA,NA,15.8,15.8,"16","6.2","6.2","6.4","spruce-fir"
"1501","7/18/2023",40,"POTR5","75","",NA,NA,12.2,12.2,"12.4","3.8","3.8","3.8","spruce-fir"
"1502","7/18/2023",40,"ABCO","57","",NA,NA,6.4,7,"6.8","0.48","","","spruce-fir"
"1503","7/18/2023",40,"PIPU","83","",NA,NA,14,14,"14","0.76","","","spruce-fir"
"1504","7/18/2023",40,"ABCO","192","",NA,NA,18.4,17.4,"17.8","1.48","","","spruce-fir"
"1505","7/18/2023",40,"JUSC2","25","",NA,NA,3,2.8,"3","0.01","","","spruce-fir"
"1506","7/18/2023",40,"ABCO","44","",NA,NA,5,5.2,"5.2","0.74","","","spruce-fir"
"1507","7/18/2023",40,"POTR5","97","",NA,NA,17.6,17.6,"17.8","8.2","8","8","spruce-fir"
"1508","7/18/2023",40,"POTR5","91","",NA,NA,15.2,15.8,"16.2","7.8","8","8.2","spruce-fir"
"1509","7/18/2023",40,"POTR5","76","",NA,NA,14.6,14.6,"14.6","","","","spruce-fir"
"1510","7/18/2023",40,"POTR5","108","99",165,NA,18,18,"18.4","5.2","5.2","5.2","spruce-fir"
"1511","7/18/2023",41,"POTR5","82","",NA,NA,15,15,"15.2","","","","mixed conifer"
"1512","7/18/2023",41,"POTR5","64","",NA,NA,14,14,"14","","","","mixed conifer"
"1513","7/18/2023",41,"POTR5","67","",NA,NA,13.4,12.8,"13.2","","","","mixed conifer"
"1514","7/18/2023",41,"PSME","72","",NA,NA,7.4,7,"7","1.45","","","mixed conifer"
"1515","7/18/2023",41,"PSME","134","",NA,NA,15.8,15.8,"16.4","1.19","","","mixed conifer"
"1516","7/18/2023",41,"PSME","144","",NA,NA,17.6,17.4,"16.6","4","4.4","4","mixed conifer"
"1517","7/18/2023",41,"PSME","50","",NA,NA,8.6,8.4,"8.8","1.62","","","mixed conifer"
"1518","7/18/2023",41,"POTR5","64","",NA,NA,13,13.2,"13.2","8","7.8","7.8","mixed conifer"
"1519","7/18/2023",41,"PSME","62","",NA,NA,8.8,8.8,"9","4","4","3.8","mixed conifer"
"1520","7/18/2023",41,"PSME","49","",NA,NA,7.2,6.6,"7.4","1.1","","","mixed conifer"
"1521","7/18/2023",41,"PSME","111","",NA,NA,14.6,14.6,"14.6","3.4","3.6","3.6","mixed conifer"
"1522","7/18/2023",41,"PSME","30","",NA,NA,3.8,3.8,"4","0.26","","","mixed conifer"
"1523","7/18/2023",41,"PSME","171","",NA,NA,18,18,"18.2","3.6","3.6","3.4","mixed conifer"
"1524","7/18/2023",42,"PIPO","210","",NA,NA,19.6,19.6,"19.8","2.11","","","spruce-fir"
"1525","7/18/2023",42,"ABCO","136","",NA,NA,11,10.2,"10.6","1.09","","","spruce-fir"
"1526","7/18/2023",42,"ABCO","86","",NA,NA,9.4,9.2,"9.2","3","2.8","2.8","spruce-fir"
"1527","7/18/2023",42,"PSME","88","",NA,NA,10.6,10.2,"10.4","3.4","3.4","3.4","spruce-fir"
"1528","7/18/2023",42,"ABCO","129","",NA,NA,13,12.6,"12.4","1.62","","","spruce-fir"
"1529","7/18/2023",42,"ABCO","88","",NA,NA,11,11.2,"10.8","0.32","","","spruce-fir"
"1530","7/18/2023",42,"PSME","105","",NA,NA,14.4,15,"14.8","2.02","","","spruce-fir"
"1531","7/18/2023",42,"ABCO","90","",NA,NA,14.8,14.8,"14.4","9.8","10","10","spruce-fir"
"1532","7/18/2023",42,"ABCO","89","",NA,NA,13.2,13,"12.6","","","","spruce-fir"
"1533","7/18/2023",42,"ABCO","88","",NA,NA,10.2,10.2,"10.8","1.41","","","spruce-fir"
"1534","7/18/2023",42,"ABCO","83","",NA,NA,10.8,11,"11","","","","spruce-fir"
"1535","7/18/2023",42,"ABCO","105","",NA,NA,2.17,NA,"","","","","spruce-fir"
"1536","7/19/2023",43,"QUGA","19","",NA,NA,2.6,2.8,"2.8","0.75","","","ponderosa pine"
"1537","7/19/2023",43,"QUGA","18","",NA,NA,2.6,2.4,"2.6","0.48","","","ponderosa pine"
"1538","7/19/2023",43,"ABCO","132","",NA,NA,12.2,12,"12.2","0.98","","","ponderosa pine"
"1539","7/19/2023",43,"PIPO","130","",NA,NA,15.6,15.4,"16","3","2.8","3","ponderosa pine"
"1540","7/19/2023",43,"PIPO","101","",NA,NA,15.8,15.4,"16","3.8","3.4","3.8","ponderosa pine"
"1541","7/19/2023",43,"ABCO","85","",NA,NA,9.6,10,"9.6","0.83","","","ponderosa pine"
"1542","7/19/2023",43,"ABCO","148","",NA,NA,14.8,15,"15.2","1.22","","","ponderosa pine"
"1543","7/19/2023",43,"ABCO","131","",NA,NA,16,16.6,"16.6","1.75","","","ponderosa pine"
"1544","7/19/2023",43,"POTR5","69","",NA,NA,13,13.4,"13","","","","ponderosa pine"
"1545","7/19/2023",43,"PIPO","165","",NA,NA,17,17.2,"17","1.8","1.6","1.8","ponderosa pine"
"1546","7/19/2023",43,"PIPO","134","",NA,NA,17.4,18,"17.8","3.4","3.2","3.2","ponderosa pine"
"1547","7/19/2023",43,"PIPO","121","",NA,NA,18.4,18.2,"18.2","5.8","5.6","5.2","ponderosa pine"
"1548","7/19/2023",44,"PIPO","31","",NA,NA,4.2,3.8,"4","","","","ponderosa pine"
"1549","7/19/2023",44,"PIPO","91","",NA,NA,12.8,12.4,"12.2","2.05","","","ponderosa pine"
"1550","7/19/2023",44,"POTR5","27","",NA,NA,8.8,8.6,"8.6","","","","ponderosa pine"
"1551","7/19/2023",44,"POTR5","85","",NA,NA,16.6,16.8,"16","13.2","13","13.2","ponderosa pine"
"1552","7/19/2023",44,"ABCO","141","",NA,NA,15,15.6,"15.4","0.64","","","ponderosa pine"
"1553","7/19/2023",44,"PIPO","72","",NA,NA,11.8,11.8,"11.8","1.3","","","ponderosa pine"
"1554","7/19/2023",44,"ABCO","72","",NA,NA,6.6,7,"6.8","0.01","","","ponderosa pine"
"1555","7/19/2023",44,"PIPO","134","",NA,NA,19.6,19.2,"19.6","6","5.8","5.8","ponderosa pine"
"1556","7/19/2023",44,"POTR5","89","",NA,NA,15.8,15.8,"15.8","8.2","8.2","8.2","ponderosa pine"
"1557","7/19/2023",44,"PIPO","93","",NA,NA,10.2,10.4,"10.2","1.05","","","ponderosa pine"
"1558","7/19/2023",44,"PIPO","113","",NA,NA,16.2,16.4,"16.4","7.6","7.6","7.8","ponderosa pine"
"1559","7/19/2023",44,"PIPO","87","",NA,NA,15.4,15.4,"15.6","9.6","9.4","9.2","ponderosa pine"
"1560","7/19/2023",44,"PIPO","37","",NA,NA,5.4,5.6,"5.4","","","","ponderosa pine"
"1561","7/19/2023",44,"PIPO","101","",NA,NA,17.8,17,"17.4","7.8","7.8","8","ponderosa pine"
"1562","7/19/2023",44,"POTR5","52","",NA,NA,12.4,12.6,"12.4","","","","ponderosa pine"
"1563","7/19/2023",44,"PIPO","112","",NA,NA,14.2,14.2,"14.2","4.6","4.4","4.4","ponderosa pine"
"1564","7/19/2023",45,"QUGA","35","",NA,NA,3,2.8,"2.8","1.15","","","spruce-fir"
"1565","7/19/2023",45,"PIPO","96","",NA,NA,14.2,14.4,"14.2","2.13","","","spruce-fir"
"1566","7/19/2023",45,"ABCO","161","",NA,NA,15.2,15,"15.4","1.54","","","spruce-fir"
"1567","7/19/2023",45,"ABCO","163","",NA,NA,16.8,16.8,"16.8","0.01","","","spruce-fir"
"1568","7/19/2023",45,"ABCO","104","",NA,NA,15.8,15.8,"16.2","1.32","","","spruce-fir"
"1569","7/19/2023",45,"PIPO","129","",NA,NA,18.8,19.4,"19.4","4.4","4.4","4.4","spruce-fir"
"1570","7/19/2023",45,"ABCO","66","",NA,NA,9.4,9.4,"10.2","","","","spruce-fir"
"1571","7/19/2023",45,"POTR5","64","",NA,NA,2,NA,"","","","","spruce-fir"
"1572","7/19/2023",45,"ABCO","39","",NA,NA,17.6,17.6,"17.6","2.2","","","spruce-fir"
"1573","7/19/2023",45,"PSME","97","",NA,NA,15.2,15.4,"15.8","4.8","5","5","spruce-fir"
"1574","7/19/2023",45,"ABCO","120","",NA,NA,12.4,12.4,"12.4","0.62","","","spruce-fir"
"1575","7/19/2023",45,"ABCO","28","",NA,NA,3.8,3.8,"3.6","","","","spruce-fir"
"1576","7/19/2023",45,"ABCO","155","",NA,NA,13.8,13.8,"13.8","2.3","","","spruce-fir"
"1577","7/19/2023",45,"ABCO","175","",NA,NA,16.8,16.8,"17.2","2.27","","","spruce-fir"
"1578","7/19/2023",45,"QUGA","26","",NA,NA,3.08,NA,"","1.45","","","spruce-fir"
"1579","7/19/2023",45,"QUGA","23","",NA,NA,2.6,NA,"","0.7","","","spruce-fir"
"1580","7/19/2023",46,"ABCO","100","",NA,NA,11.6,11.2,"11.2","3.4","3.2","3.2","spruce-fir"
"1581","7/19/2023",46,"ABCO","16","",NA,NA,3.4,3.2,"3.4","","","","spruce-fir"
"1582","7/19/2023",46,"ABCO","24","",NA,NA,4.8,5,"5","","","","spruce-fir"
"1583","7/19/2023",46,"ABCO","95","65",158,NA,13.8,13,"13","0.71","","","spruce-fir"
"1584","7/19/2023",46,"ABCO","79","",NA,NA,12,12.2,"12.2","0.75","","","spruce-fir"
"1585","7/19/2023",46,"ABCO","121","",NA,NA,13.2,12.2,"12.8","3.4","3.6","3.4","spruce-fir"
"1586","7/19/2023",46,"ABCO","68","",NA,NA,9.6,10.2,"9.8","0.48","","","spruce-fir"
"1587","7/19/2023",46,"PIPO","133","",NA,NA,16.8,16.2,"16.6","1.71","","","spruce-fir"
"1588","7/19/2023",46,"ABCO","79","",NA,NA,11.4,11.4,"12","0.79","","","spruce-fir"
"1589","7/19/2023",46,"ABCO","74","",NA,NA,10.2,10,"10","0.95","","","spruce-fir"
"1590","7/19/2023",46,"ABCO","114","",NA,NA,13.6,13.2,"13.4","4","3.8","4","spruce-fir"
"1591","7/19/2023",46,"ABCO","77","",NA,NA,8.4,8.4,"8.2","1.6","1.6","1.6","spruce-fir"
"1592","7/19/2023",46,"ABCO","239","",NA,NA,3.4,3.4,"3.6","","","","spruce-fir"
"1593","7/19/2023",46,"POTR5","70","",NA,NA,12.8,12.6,"13.2","7.4","7.4","7.6","spruce-fir"
"1594","7/19/2023",46,"ABCO","32","",NA,NA,4.4,4.6,"4.6","","","","spruce-fir"
"1595","7/19/2023",46,"PSME","117","",NA,NA,17,17.2,"17.2","3","3.2","3.2","spruce-fir"
"1596","7/19/2023",46,"ABCO","48","",NA,NA,2,2.2,"2.2","","","","spruce-fir"
"1597","7/19/2023",46,"ABCO","75","",NA,NA,13.2,13.4,"13.6","","","","spruce-fir"
"1598","7/19/2023",46,"PSME","73","",NA,NA,12.4,11.8,"11.8","","","","spruce-fir"
"1599","7/19/2023",46,"POTR5","70","",NA,NA,17.4,17.8,"18.2","11.4","11.2","11.2","spruce-fir"
"1600","7/19/2023",46,"ABCO","44","",NA,NA,9.2,9.8,"9.4","","","","spruce-fir"
"1601","7/19/2023",46,"PIPO","88","",NA,NA,12.4,12.2,"12.2","1.17","","","spruce-fir"
"1602","7/19/2023",46,"ABCO","17","",NA,NA,4.8,4.6,"4.8","","","","spruce-fir"
"1603","7/19/2023",46,"ABCO","15","",NA,NA,3.4,3.4,"3.4","","","","spruce-fir"
"1604","7/19/2023",46,"ABCO","58","",NA,NA,10.8,10.4,"10.6","","","","spruce-fir"
"1605","7/19/2023",47,"ABCO","144","",NA,NA,13.6,13.6,"13.2","0.67","","","spruce-fir"
"1606","7/19/2023",47,"ABCO","144","",NA,NA,14.8,15,"14.2","2.21","","","spruce-fir"
"1607","7/19/2023",47,"ABCO","26","",NA,NA,5,5.4,"5.4","","","","spruce-fir"
"1608","7/19/2023",47,"ABCO","65","",NA,NA,7.2,7.4,"7.6","","","","spruce-fir"
"1609","7/19/2023",47,"ABCO","103","",NA,NA,12.6,12.8,"12.8","","","","spruce-fir"
"1610","7/19/2023",47,"ABCO","107","",NA,NA,14.6,14.2,"15","3.6","3.6","3.6","spruce-fir"
"1611","7/19/2023",47,"PIPO","76","",NA,NA,14.2,13.8,"14.2","2.2","2","2","spruce-fir"
"1612","7/19/2023",47,"PIPO","130","",NA,NA,18,18.2,"18.4","1.42","","","spruce-fir"
"1613","7/19/2023",47,"ABCO","18","",NA,NA,2.4,2.4,"2.4","","","","spruce-fir"
"1614","7/19/2023",47,"ABCO","73","",NA,NA,11.8,12,"12","","","","spruce-fir"
"1615","7/19/2023",47,"ABCO","72","",NA,NA,11.6,11.6,"12","","","","spruce-fir"
"1616","7/19/2023",47,"ABCO","84","",NA,NA,13.2,13,"13.2","","","","spruce-fir"
"1617","7/19/2023",47,"ABCO","79","",NA,NA,10,9.6,"9.6","","","","spruce-fir"
"1618","7/19/2023",47,"PIPO","172","",NA,NA,17.8,17.8,"18.2","2.8","2.2","2.8","spruce-fir"
"1619","7/19/2023",48,"POTR5","100","",NA,NA,15.4,15.4,"15.2","6.8","6.4","7","spruce-fir"
"1620","7/19/2023",48,"POTR5","101","",NA,NA,17.2,16.6,"17","8.4","9.4","8.2","spruce-fir"
"1621","7/19/2023",48,"POTR5","80","",NA,NA,15.2,15,"15","9.8","9.8","9.8","spruce-fir"
"1622","7/19/2023",48,"POTR5","78","",NA,NA,12.2,11.8,"11.8","6","5.8","6","spruce-fir"
"1623","7/19/2023",48,"POTR5","88","",NA,NA,12.4,12.8,"12.4","5.6","5.8","5.6","spruce-fir"
"1624","7/19/2023",48,"ABCO","190","",NA,NA,21.2,21.2,"21.2","1.08","","","spruce-fir"
"1625","7/19/2023",48,"POTR5","94","",NA,NA,13.2,13,"13.2","9","9","9","spruce-fir"
"1626","7/19/2023",48,"POTR5","60","",NA,NA,6.2,6.2,"6.4","","","","spruce-fir"
"1627","7/19/2023",48,"POTR5","85","",NA,NA,14.2,14,"14.2","","","","spruce-fir"
"1628","7/19/2023",48,"POTR5","74","",NA,NA,12.2,12.6,"12.6","8.8","8.8","9.2","spruce-fir"
"1629","7/19/2023",48,"POTR5","82","",NA,NA,13.6,13.8,"13.8","","","","spruce-fir"
"1630","7/19/2023",48,"ABCO","96","",NA,NA,9.8,9.8,"9.6","1.25","","","spruce-fir"
"1631","7/19/2023",48,"ABCO","120","",NA,NA,18,18.4,"18.2","2.3","","","spruce-fir"
"1632","7/19/2023",48,"ABCO","105","26",134,NA,12,12.4,"12.4","1.45","","","spruce-fir"
"1633","7/19/2023",48,"ABCO","107","",NA,NA,16,15.4,"16.2","4.6","4","4.2","spruce-fir"
"1634","7/19/2023",48,"ABCO","74","",NA,NA,9,8.6,"9","1.79","","","spruce-fir"
"1635","7/19/2023",48,"ABCO","125","",NA,NA,16.2,15.6,"15.8","8","8.2","8.4","spruce-fir"
"1636","7/19/2023",48,"PSME","106","",NA,NA,12.6,12.8,"13","1.58","","","spruce-fir"
"1637","7/19/2023",48,"ABCO","95","64",190,NA,12.6,12.6,"12.4","0.6","","","spruce-fir"
"1638","7/19/2023",48,"ABCO","145","",NA,NA,16.6,16.4,"16.4","2.35","","","spruce-fir"
"1639","7/19/2023",48,"ABCO","89","",NA,NA,11.4,11.2,"11.4","2.13","","","spruce-fir"
"1640","7/19/2023",48,"ABCO","103","",NA,NA,14.8,14.8,"14.8","0.42","","","spruce-fir"
"1641","7/19/2023",48,"PSME","74","97",76,271,15.8,15.4,"16","1.35","","","spruce-fir"
"1642","7/19/2023",49,"PORT5","78","",NA,NA,3.2,3.2,"3.4","","","","aspen"
"1643","7/19/2023",49,"PORT5","125","",NA,NA,16.6,16,"16","8.6","8.6","8.8","aspen"
"1644","7/19/2023",49,"PORT5","108","",NA,NA,16.6,16.6,"16.4","4.4","4.4","4.8","aspen"
"1645","7/19/2023",49,"PORT5","82","",NA,NA,15,15.4,"15.4","","","","aspen"
"1646","7/19/2023",49,"PORT5","105","",NA,NA,17.6,17.6,"17.6","10","10.2","9.8","aspen"
"1647","7/19/2023",49,"PORT5","95","",NA,NA,17.6,17.6,"17.6","11.8","12","11.8","aspen"
"1648","7/19/2023",49,"PORT5","75","",NA,NA,14.6,15,"14.6","9.4","9.8","9.8","aspen"
"1649","7/19/2023",49,"PORT5","91","107",182,NA,21.4,21.6,"20.6","16.5","","","aspen"
"1650","7/19/2023",49,"PSME","115","",NA,NA,15,15.4,"15.4","2.12","","","aspen"
"1651","7/19/2023",49,"ABCO","153","",NA,NA,12,11.8,"11.2","0.88","","","aspen"
"1652","7/19/2023",49,"POTR5","104","",NA,NA,16,15.8,"15.2","10.2","10.2","10.6","aspen"
"1653","7/19/2023",49,"POTR5","154","",NA,NA,17,17.4,"17","3.8","3.8","3.8","aspen"
"1654","7/20/2023",50,"ABCO","118","",NA,NA,14.4,14.6,"14.4","0.91","","","spruce-fir"
"1655","7/20/2023",50,"POTR5","49","",NA,NA,7.6,7.8,"7.8","","","","spruce-fir"
"1656","7/20/2023",50,"POTR5","68","",NA,NA,12.4,11.2,"12.2","","","","spruce-fir"
"1657","7/20/2023",50,"ABCO","93","",NA,NA,12.2,12.2,"12.2","1.18","","","spruce-fir"
"1658","7/20/2023",50,"ABCO","79","",NA,NA,16,15.4,"16.2","8.8","9","9","spruce-fir"
"1659","7/20/2023",50,"ABCO","85","",NA,NA,14.4,14.4,"14.8","7.6","8","7.8","spruce-fir"
"1660","7/20/2023",50,"POTR5","71","",NA,NA,7.4,7,"7.2","","","","spruce-fir"
"1661","7/20/2023",50,"ABCO","50","",NA,NA,12.6,12,"13","2.44","","","spruce-fir"
"1662","7/20/2023",50,"ABCO","106","",NA,NA,17,16.8,"17.4","0.33","","","spruce-fir"
"1663","7/20/2023",50,"ABCO","90","",NA,NA,12.6,12.8,"12.6","2.16","","","spruce-fir"
"1664","7/20/2023",50,"POTR5","83","",NA,NA,12.2,11.8,"12","","","","spruce-fir"
"1665","7/20/2023",50,"ABCO","70","",NA,NA,11.2,11.2,"11.4","4.4","4.2","4.2","spruce-fir"
"1666","7/20/2023",50,"ABCO","75","",NA,NA,8,8.8,"8.6","","","","spruce-fir"
"1667","7/20/2023",50,"ABCO","115","",NA,NA,12.8,12.4,"12.8","4.4","4.8","4.4","spruce-fir"
"1668","7/20/2023",50,"ABCO","45","",NA,NA,7.6,7.4,"7.6","","","","spruce-fir"
"1669","7/20/2023",50,"ABCO","21","",NA,NA,4.6,4.4,"4.4","","","","spruce-fir"
"1670","7/20/2023",50,"ABCO","77","",NA,NA,11.4,11.4,"12.4","1.32","","","spruce-fir"
"1671","7/20/2023",50,"ABCO","99","",NA,NA,14.6,14.8,"14.8","0.91","","","spruce-fir"
"1672","7/20/2023",50,"ABCO","120","",NA,NA,13.2,13.4,"13.2","","","","spruce-fir"
"1673","7/20/2023",50,"PSME","101","",NA,NA,12.8,13.2,"13.2","1.35","","","spruce-fir"
"1674","7/20/2023",50,"ABCO","132","",NA,NA,15.6,15.4,"16","1.71","","","spruce-fir"
"1675","7/20/2023",50,"ABCO","16","",NA,NA,2.2,2,"2.2","0.52","","","spruce-fir"
"1676","7/20/2023",50,"ABCO","120","",NA,NA,14.4,14.2,"14.6","1.69","","","spruce-fir"
"1677","7/20/2023",50,"POTR5","55","",NA,NA,5.4,5,"5","","","","spruce-fir"
"1678","7/20/2023",50,"ABCO","151","",NA,NA,18.6,18.6,"19.2","1.69","","","spruce-fir"
"1679","7/20/2023",50,"ABCO","146","",NA,NA,22.4,22,"22.6","","","","spruce-fir"
"1680","7/20/2023",50,"ABCO","141","",NA,NA,16,16.2,"16","6.6","7","6.6","spruce-fir"
"1681","7/20/2023",50,"ABCO","57","",NA,NA,3,3,"2.8","0.52","","","spruce-fir"
"1682","7/20/2023",51,"POTR5","24","",NA,NA,9.2,8.8,"8.8","","","","aspen"
"1683","7/20/2023",51,"POTR5","56","",NA,NA,10.8,10.8,"10.4","","","","aspen"
"1684","7/20/2023",51,"POTR5","53","",NA,NA,11,11.4,"11.4","3.8","4.2","4","aspen"
"1685","7/20/2023",51,"ABCO","95","",NA,NA,8.2,8.2,"8","1.17","","","aspen"
"1686","7/20/2023",51,"POTR5","69","",NA,NA,15.8,15.2,"15.2","8.4","8.4","8.2","aspen"
"1687","7/20/2023",51,"PSME","76","",NA,NA,6.8,6.6,"6.4","1.51","","","aspen"
"1688","7/20/2023",51,"POTR5","79","",NA,NA,19,19.4,"18.6","8.2","8.8","8.6","aspen"
"1689","7/20/2023",51,"POTR5","15","",NA,NA,4.8,5,"5","","","","aspen"
"1690","7/20/2023",51,"POTR5","16","",NA,NA,7.4,7.2,"7.8","","","","aspen"
"1691","7/20/2023",51,"POTR5","43","",NA,NA,11,11,"10.8","4","4.2","4","aspen"
"1692","7/20/2023",51,"PSME","17","",NA,NA,2.4,2.4,"2.2","0.11","","","aspen"
"1693","7/20/2023",51,"POTR5","17","",NA,NA,4.2,4.6,"4","","","","aspen"
"1694","7/20/2023",51,"POTR5","51","",NA,NA,14.2,14,"13.8","5.6","5.4","5.4","aspen"
"1695","7/20/2023",51,"POTR5","50","",NA,NA,15.2,14.8,"15.2","7.6","8.2","8","aspen"
"1696","7/20/2023",51,"POTR5","31","",NA,NA,8.6,8,"7.8","","","","aspen"
"1697","7/20/2023",51,"POTR5","51","",NA,NA,12.4,11.8,"12.2","4.8","5.6","5.2","aspen"
"1698","7/20/2023",51,"POTR5","48","",NA,NA,12.4,12.6,"12.4","8.2","8.4","8.2","aspen"
"1699","7/20/2023",51,"POTR5","44","",NA,NA,9.6,9,"9.6","5","5","5.6","aspen"
"1700","7/20/2023",51,"POTR5","58","",NA,NA,15.4,14.6,"14.8","6","5.8","6.2","aspen"
"1701","7/20/2023",51,"POTR5","47","",NA,NA,11,11,"11","","","","aspen"
"1702","7/20/2023",51,"POTR5","19","",NA,NA,5,5.4,"5.6","","","","aspen"
"1703","7/20/2023",51,"POTR5","39","17",56,NA,10.4,10.6,"11","","","","aspen"
"1704","7/20/2023",51,"POTR5","54","",NA,NA,9.4,9.4,"9.4","5.4","5.2","5.8","aspen"
"1705","7/20/2023",51,"POTR5","67","",NA,NA,17,16.6,"16.2","7.2","6.6","6.8","aspen"
"1706","7/20/2023",51,"POTR5","51","",NA,NA,11.8,12,"12.6","3","3","2.8","aspen"
"1707","7/20/2023",51,"POTR5","26","",NA,NA,6.2,6,"6.6","","","","aspen"
"1708","7/20/2023",51,"POTR5","56","",NA,NA,13,13.2,"13.4","5.2","5.8","5.2","aspen"
"1709","7/20/2023",51,"POTR5","66","",NA,NA,18.2,18.2,"19.4","9.4","8.8","9","aspen"
"1710","7/20/2023",51,"POTR5","55","",NA,NA,15.8,15.8,"15.6","6.2","5.6","6.6","aspen"
"1711","7/20/2023",51,"POTR5","58","",NA,NA,9,8.6,"9.4","5","4.4","5","aspen"
"1712","7/20/2023",51,"POTR5","94","",NA,NA,16.6,16.2,"15.8","7.6","8","7.6","aspen"
"1713","7/20/2023",51,"POTR5","99","",NA,NA,17.2,17.8,"16.8","8","8.6","8.6","aspen"
"1714","7/20/2023",51,"POTR5","32","",NA,NA,9.4,8.6,"8.8","","","","aspen"
"1715","7/20/2023",51,"POTR5","63","",NA,NA,10.6,10.6,"10","3.2","2.8","3.2","aspen"
"1716","7/20/2023",51,"POTR5","33","",NA,NA,7,7.2,"7.6","","","","aspen"
"1717","7/20/2023",51,"POTR5","58","",NA,NA,11.8,12.2,"11.6","4.2","3.6","3.6","aspen"
"1718","7/20/2023",51,"POTR5","61","21",82,NA,12.4,12,"13.4","5.2","6","5.4","aspen"
"1719","7/20/2023",51,"POTR5","63","",NA,NA,14.4,15,"14.4","5.8","5.8","5.6","aspen"
"1720","7/20/2023",51,"POTR5","45","",NA,NA,13.4,12.4,"13.2","6.2","5.4","6.2","aspen"
"1721","7/20/2023",51,"POTR5","42","",NA,NA,8,8.4,"8.2","4.4","4.8","4.8","aspen"
"1722","7/20/2023",51,"POTR5","57","",NA,NA,14.8,15,"14.6","8","7.6","8.4","aspen"
"1723","7/20/2023",51,"POTR5","45","",NA,NA,11.6,11.8,"11.6","7.8","7","7.6","aspen"
"1724","7/20/2023",51,"POTR5","35","",NA,NA,8.8,8.8,"9","4.2","4.4","4","aspen"
"1725","7/20/2023",51,"POTR5","54","",NA,NA,12.4,11.8,"12.2","5","4.8","5.4","aspen"
"1726","7/20/2023",51,"POTR5","127","",NA,NA,18.8,18.4,"17.8","15.2","13","14.6","aspen"
"1727","7/20/2023",51,"POTR5","68","",NA,NA,16.2,15.4,"15.4","7","6.6","6.8","aspen"
"1728","7/25/2023",52,"JUMO","45","",NA,NA,3,2.8,"2.8","0.58","","","pinyon-juniper"
"1729","7/25/2023",52,"JUMO","17","",NA,NA,1.6,2,"1.4","0.01","","","pinyon-juniper"
"1730","7/25/2023",52,"JUMO","50","",NA,NA,2.8,2.6,"2.6","0.78","","","pinyon-juniper"
"1731","7/25/2023",52,"JUMO","38","",NA,NA,3,3,"3.2","0.01","","","pinyon-juniper"
"1732","7/25/2023",52,"JUMO","23","23",47,NA,2.4,2.2,"2.4","0.01","","","pinyon-juniper"
"1733","7/25/2023",52,"JUMO","15","",NA,NA,2.84,NA,"","0.3","","","pinyon-juniper"
"1734","7/25/2023",52,"JUMO","50","",NA,NA,3.2,3.4,"3.6","0.9","","","pinyon-juniper"
"1735","7/25/2023",52,"PIED","29","20",39,NA,3.6,3.6,"3.8","0.3","","","pinyon-juniper"
"1736","7/25/2023",52,"PIED","45","",NA,NA,3.4,3.2,"3","0.79","","","pinyon-juniper"
"1737","7/25/2023",52,"JUMO","38","",NA,NA,2.6,2.8,"2.8","0.01","","","pinyon-juniper"
"1738","7/25/2023",52,"PIED","15","",NA,NA,2.6,2.8,"2.6","1.19","","","pinyon-juniper"
"1739","7/25/2023",52,"PIED","50","",NA,NA,3.6,3.4,"3.4","","","","pinyon-juniper"
"1740","7/25/2023",52,"PIED","35","",NA,NA,4.2,4,"4.2","","","","pinyon-juniper"
"1741","7/25/2023",52,"PIED","24","23",45,NA,4.2,4.2,"4.2","","","","pinyon-juniper"
"1742","7/25/2023",52,"JUMO","27","",NA,NA,2.8,3,"2.8","0.15","","","pinyon-juniper"
"1743","7/25/2023",52,"JUMO","22","",NA,NA,2.6,2.4,"2.8","0.15","","","pinyon-juniper"
"1744","7/25/2023",52,"JUMO","24","",NA,NA,2.4,2.4,"2.4","0.7","","","pinyon-juniper"
"1745","7/25/2023",52,"PIED","44","",NA,NA,3.8,3.8,"3.8","","","","pinyon-juniper"
"1746","7/25/2023",52,"JUMO","13","",NA,NA,4,3.6,"4","0.01","","","pinyon-juniper"
"1747","7/25/2023",52,"PIED","48","",NA,NA,3.8,3.6,"3.8","","","","pinyon-juniper"
"1748","7/25/2023",52,"PIED","48","",NA,NA,4.2,4.2,"4.2","0.01","","","pinyon-juniper"
"1749","7/25/2023",52,"PIED","16","",NA,NA,1.8,2,"1.6","0.82","","","pinyon-juniper"
"1750","7/25/2023",52,"PIED","13","",NA,NA,2.8,2.6,"2.8","0.01","","","pinyon-juniper"
"1751","7/25/2023",52,"PIED","21","",NA,NA,1.93,NA,"","","","","pinyon-juniper"
"1752","7/25/2023",52,"JUMO","40","",NA,NA,3.2,3,"3.2","0.47","","","pinyon-juniper"
"1753","7/25/2023",52,"JUMO","26","",NA,NA,2.6,2.6,"2.6","0.2","","","pinyon-juniper"
"1754","7/25/2023",53,"PIED","52","",NA,NA,8,7.8,"8","","","","pinyon-juniper"
"1755","7/25/2023",53,"PIED","80","",NA,NA,8.8,9,"9.2","0.3","","","pinyon-juniper"
"1756","7/25/2023",53,"PIED","30","",NA,NA,4.4,4,"4","0.01","","","pinyon-juniper"
"1757","7/25/2023",53,"PIED","71","",NA,NA,9.4,10,"9.4","0.46","","","pinyon-juniper"
"1758","7/25/2023",53,"PIED","46","",NA,NA,5.2,5.2,"5.2","2.62","","","pinyon-juniper"
"1759","7/25/2023",53,"PIED","33","",NA,NA,4.4,4.6,"4.6","0.79","","","pinyon-juniper"
"1760","7/25/2023",53,"PIED","13","",NA,NA,3.6,3.4,"3.4","0.36","","","pinyon-juniper"
"1761","7/25/2023",53,"PIED","136","",NA,NA,12.2,11.8,"12.2","1.64","","","pinyon-juniper"
"1762","7/25/2023",53,"PIED","15","",NA,NA,2.8,2.8,"2.8","0.01","","","pinyon-juniper"
"1763","7/25/2023",53,"PIED","44","",NA,NA,5.4,5.4,"5.4","1.21","","","pinyon-juniper"
"1764","7/25/2023",53,"JUMO","26","18",55,NA,2.44,NA,"","0.23","","","pinyon-juniper"
"1765","7/25/2023",53,"JUMO","54","",NA,NA,4.2,4.4,"4.2","0.52","","","pinyon-juniper"
"1766","7/25/2023",53,"PIED","66","",NA,NA,8,8,"8","0.46","","","pinyon-juniper"
"1767","7/25/2023",53,"PIED","13","",NA,NA,2.97,NA,"","0.3","","","pinyon-juniper"
"1768","7/25/2023",53,"PIED","20","",NA,NA,2.65,NA,"","0.6","","","pinyon-juniper"
"1769","7/25/2023",53,"PIED","45","",NA,NA,5.4,5.6,"5.6","0.23","","","pinyon-juniper"
"1770","7/25/2023",53,"PIED","26","",NA,NA,3.8,3.8,"3.8","0.56","","","pinyon-juniper"
"1771","7/25/2023",53,"PIED","29","",NA,NA,4,3.8,"3.8","0.56","","","pinyon-juniper"
"1772","7/25/2023",53,"PIED","29","16",26,40,4,4,"4.2","0.51","","","pinyon-juniper"
"1773","7/25/2023",53,"PIED","46","",NA,NA,4.8,5.2,"4.8","0.61","","","pinyon-juniper"
"1774","7/25/2023",53,"PIED","27","",NA,NA,3.8,4,"4.2","0.88","","","pinyon-juniper"
"1775","7/25/2023",53,"PIED","13","",NA,NA,3,3.2,"3.6","1.04","","","pinyon-juniper"
"1776","7/25/2023",53,"JUMO","61","52",106,NA,5,5.2,"5","0.57","","","pinyon-juniper"
"1777","7/25/2023",53,"PIED","14","",NA,NA,2.97,NA,"","0.15","","","pinyon-juniper"
"1778","7/25/2023",53,"PIED","49","",NA,NA,7.4,7.4,"7.4","0.58","","","pinyon-juniper"
"1779","7/25/2023",53,"PIED","18","",NA,NA,2.8,3,"2.4","0.2","","","pinyon-juniper"
"1780","7/25/2023",53,"PIED","15","",NA,NA,3,3,"3.2","0.49","","","pinyon-juniper"
"1781","7/25/2023",53,"PIED","66","22",77,NA,7.4,7.4,"7.4","0.94","","","pinyon-juniper"
"1782","7/25/2023",53,"JUMO","64","",NA,NA,3.8,3.4,"3.8","0.01","","","pinyon-juniper"
"1783","7/25/2023",53,"PIED","75","55",97,NA,7,7,"7.4","0.48","","","pinyon-juniper"
"1784","7/25/2023",53,"PIED","64","80",121,NA,8.8,8.8,"8.8","0.55","","","pinyon-juniper"
"1785","7/25/2023",53,"PIED","35","",NA,NA,4.6,4.6,"4.6","0.41","","","pinyon-juniper"
"1786","7/25/2023",54,"PIED","17","",NA,NA,3,3,"2.6","0.83","","","pinyon-juniper"
"1787","7/25/2023",54,"PIED","13","",NA,NA,2.8,2.8,"3","0.45","","","pinyon-juniper"
"1788","7/25/2023",54,"JUMO","40","",NA,NA,2.8,2.8,"2-Jan","0.01","","","pinyon-juniper"
"1789","7/25/2023",54,"JUMO","65","",NA,NA,5,4.8,"5","0.01","","","pinyon-juniper"
"1790","7/25/2023",54,"JUMO","17","",NA,NA,2,2,"2-Jan","0.01","","","pinyon-juniper"
"1791","7/25/2023",54,"PIED","25","15",55,NA,3.2,3.2,"3.2","0.47","","","pinyon-juniper"
"1792","7/25/2023",54,"JUMO","28","",NA,NA,2.8,2.6,"2-Jan","0.01","","","pinyon-juniper"
"1793","7/25/2023",54,"JUMO","36","",NA,NA,2.8,2.4,"2.4","0.01","","","pinyon-juniper"
"1794","7/25/2023",54,"JUMO","13","",NA,NA,2.2,2.4,"2-Jan","0.01","","","pinyon-juniper"
"1795","7/25/2023",54,"JUMO","36","",NA,NA,2.2,2.2,"2.2","0.01","","","pinyon-juniper"
"1796","7/25/2023",54,"JUMO","36","19",18,NA,3,3,"3-Jan","0.01","","","pinyon-juniper"
"1797","7/25/2023",54,"JUMO","38","",NA,NA,2.2,2.4,"2.2","0.42","","","pinyon-juniper"
"1798","7/25/2023",54,"JUMO","40","",NA,NA,2.8,3,"3-Jan","0.45","","","pinyon-juniper"
"1799","7/25/2023",54,"JUMO","43","",NA,NA,3,3,"3","0.15","","","pinyon-juniper"
"1800","7/25/2023",54,"JUMO","20","",NA,NA,1.6,1.4,"1-Jan","0.01","","","pinyon-juniper"
"1801","7/25/2023",54,"JUMO","32","25",51,NA,3,2.8,"3","0.01","","","pinyon-juniper"
"1802","7/25/2023",54,"JUMO","23","28",33,NA,2.8,3.2,"3-Jan","0.01","","","pinyon-juniper"
"1803","7/25/2023",54,"PIED","30","",NA,NA,3.2,3.2,"3","0.01","","","pinyon-juniper"
"1804","7/25/2023",54,"JUMO","47","",NA,NA,3.6,3.4,"3-Jan","0.88","","","pinyon-juniper"
"1805","7/25/2023",54,"JUMO","20","17",33,NA,3.2,3.2,"3.4","0.91","","","pinyon-juniper"
"1806","7/25/2023",54,"JUMO","22","",NA,NA,2.6,NA,"","0.65","","","pinyon-juniper"
"1807","7/25/2023",54,"JUMO","24","",NA,NA,1.6,1.8,"1.8","0.01","","","pinyon-juniper"
"1808","7/25/2023",54,"JUMO","16","",NA,NA,3.4,3.4,"3-Jan","0.16","","","pinyon-juniper"
"1809","7/25/2023",54,"JUMO","35","",NA,NA,2.8,2.8,"2-Jan","0.3","","","pinyon-juniper"
"1810","7/25/2023",54,"JUMO","40","33",44,100,3.2,3.4,"3","0.01","","","pinyon-juniper"
"1811","7/25/2023",54,"JUMO","14","15",20,NA,2,2,"2-Jan","0.01","","","pinyon-juniper"
"1812","7/25/2023",54,"JUMO","44","46",NA,NA,3,2.8,"3-Jan","0.01","","","pinyon-juniper"
"1813","7/25/2023",54,"JUMO","55","",NA,NA,3.6,3.6,"3.6","0.01","","","pinyon-juniper"
"1814","7/25/2023",54,"JUMO","22","26",NA,NA,2.4,2.8,"2-Jan","0.01","","","pinyon-juniper"
"1815","7/25/2023",54,"JUMO","18","",NA,NA,2.4,2.6,"2-Jan","1.78","","","pinyon-juniper"
"1816","7/25/2023",55,"JUMO","119","32",55,30,4.6,4.8,"4.8","0.01","","","pinyon-juniper"
"1817","7/25/2023",55,"JUMO","70","25",22,NA,3,2.6,"2.6","0.01","","","pinyon-juniper"
"1818","7/25/2023",55,"JUMO","50","25",72,NA,4,4,"4.4","1.83","","","pinyon-juniper"
"1819","7/25/2023",55,"JUMO","65","25",27,32,2.6,2.4,"2.2","0.01","","","pinyon-juniper"
"1820","7/25/2023",55,"JUMO","25","29",38,NA,4.6,3.8,"4.4","0.15","","","pinyon-juniper"
"1821","7/25/2023",55,"JUMO","24","",NA,NA,2.4,2.4,"2.4","0.01","","","pinyon-juniper"
"1822","7/25/2023",55,"JUMO","46","29",68,NA,2.8,3.2,"3.4","","","","pinyon-juniper"
"1823","7/25/2023",55,"PIED","36","",NA,NA,3.4,3.2,"3.4","0.01","","","pinyon-juniper"
"1824","7/25/2023",55,"JUMO","156","26",32,45,5,5,"5","0.57","","","pinyon-juniper"
"1825","7/25/2023",55,"JUMO","39","",NA,NA,2.8,3.2,"3.2","0.01","","","pinyon-juniper"
"1826","7/25/2023",55,"JUMO","42","",NA,NA,3,3.2,"2.8","0.1","","","pinyon-juniper"
"1827","7/25/2023",55,"JUMO","20","",NA,NA,2.4,3,"2.8","0.6","","","pinyon-juniper"
"1828","7/25/2023",55,"JUMO","64","",NA,NA,3.2,3.2,"3.2","0.18","","","pinyon-juniper"
"1829","7/25/2023",56,"JUMO","34","28",76,NA,2.4,2.4,"2.6","0.1","","","pinyon-juniper"
"1830","7/25/2023",56,"PIED","20","",NA,NA,2.2,2.6,"2.6","0.54","","","pinyon-juniper"
"1831","7/25/2023",56,"JUMO","30","28",NA,NA,2.4,2.4,"2.4","0.1","","","pinyon-juniper"
"1832","7/25/2023",56,"JUMO","108","20",30,NA,1.8,2,"1.8","0.01","","","pinyon-juniper"
"1833","7/25/2023",56,"PIED","18","",NA,NA,2.2,2.4,"2.2","0.62","","","pinyon-juniper"
"1834","7/25/2023",56,"JUMO","35","",NA,NA,2.8,2.8,"2.8","","","","pinyon-juniper"
"1835","7/25/2023",56,"PIED","56","",NA,NA,4,4,"3.6","0.01","","","pinyon-juniper"
"1836","7/25/2023",56,"PIED","20","13",NA,NA,2.4,2.2,"2.2","0.01","","","pinyon-juniper"
"1837","7/25/2023",56,"JUMO","30","",NA,NA,2,2,"2","0.41","","","pinyon-juniper"
"1838","7/25/2023",56,"JUMO","23","",NA,NA,1.82,NA,"","0.38","","","pinyon-juniper"
"1839","7/25/2023",56,"JUMO","39","",NA,NA,2.6,3.2,"3","0.01","","","pinyon-juniper"
"1840","7/25/2023",56,"PIED","24","",NA,NA,3.2,3.2,"3.2","0.44","","","pinyon-juniper"
"1841","7/25/2023",56,"PIED","20","",NA,NA,2.6,2.8,"2.6","0.7","","","pinyon-juniper"
"1842","7/25/2023",56,"JUMO","34","20",NA,NA,2.4,2.4,"2","0.01","","","pinyon-juniper"
"1843","7/25/2023",56,"PIED","27","",NA,NA,3.2,3.4,"3.4","1.03","","","pinyon-juniper"
"1844","7/25/2023",56,"JUMO","27","",NA,NA,2,2.2,"2.2","0.2","","","pinyon-juniper"
"1845","7/25/2023",56,"PIED","22","",NA,NA,2,2,"2","0.01","","","pinyon-juniper"
"1846","7/25/2023",56,"JUMO","27","",NA,NA,2.6,2.4,"2.4","0.51","","","pinyon-juniper"
"1847","7/26/2023",57,"PIED","76","72",62,NA,7.6,7.4,"7.6","1.2","","","pinyon-juniper"
"1848","7/26/2023",57,"JUMO","39","",NA,NA,4,4,"4","0.25","","","pinyon-juniper"
"1849","7/26/2023",57,"PIED","30","",NA,NA,3.6,4,"4","1.52","","","pinyon-juniper"
"1850","7/26/2023",57,"JUMO","29","",NA,NA,3.6,3.6,"4","0.13","","","pinyon-juniper"
"1851","7/26/2023",57,"PIED","99","",NA,NA,8,7.8,"7.8","0.1","","","pinyon-juniper"
"1852","7/26/2023",57,"JUMO","25","",NA,NA,3,3.2,"3.2","0.58","","","pinyon-juniper"
"1853","7/26/2023",57,"PIED","30","",NA,NA,3.8,3.6,"4","1.09","","","pinyon-juniper"
"1854","7/26/2023",57,"PIED","67","",NA,NA,8,7.8,"8","0.1","","","pinyon-juniper"
"1855","7/26/2023",57,"JUMO","55","",NA,NA,5.2,5,"5","0.01","","","pinyon-juniper"
"1856","7/26/2023",57,"PIED","30","",NA,NA,3.4,3.4,"3.4","0.01","","","pinyon-juniper"
"1857","7/26/2023",57,"PIED","20","",NA,NA,2.6,2.8,"2.8","0.01","","","pinyon-juniper"
"1858","7/26/2023",57,"PIED","62","75",127,NA,3.6,3.6,"3.4","","","","pinyon-juniper"
"1859","7/26/2023",57,"JUMO","20","",NA,NA,2.2,2.4,"2.4","0.05","","","pinyon-juniper"
"1860","7/26/2023",57,"PIED","39","",NA,NA,3.6,3.6,"3.8","0.56","","","pinyon-juniper"
"1861","7/26/2023",57,"JUMO","15","",NA,NA,2.4,2.4,"2.4","0.01","","","pinyon-juniper"
"1862","7/26/2023",57,"PIED","59","",NA,NA,7.4,7.4,"7.2","0.41","","","pinyon-juniper"
"1863","7/26/2023",57,"JUMO","33","",NA,NA,3.4,3.4,"3.2","0.55","","","pinyon-juniper"
"1864","7/26/2023",57,"PIED","65","",NA,NA,7.4,7.4,"8","0.85","","","pinyon-juniper"
"1865","7/26/2023",57,"JUMO","62","55",130,NA,4,4,"4","0.55","","","pinyon-juniper"
"1866","7/26/2023",57,"PIED","38","",NA,NA,5.2,5,"5","1.52","","","pinyon-juniper"
"1867","7/26/2023",57,"JUMO","28","17",53,NA,3.6,3.6,"3.6","0.01","","","pinyon-juniper"
"1868","7/26/2023",57,"PIED","52","38",82,NA,6,6,"6","","","","pinyon-juniper"
"1869","7/26/2023",57,"PIED","36","",NA,NA,5.6,6,"5.6","","","","pinyon-juniper"
"1870","7/26/2023",57,"PIED","29","",NA,NA,4.8,4.6,"4.8","","","","pinyon-juniper"
"1871","7/26/2023",57,"PIED","25","",NA,NA,2.4,2.6,"2.6","","","","pinyon-juniper"
"1872","7/26/2023",57,"PIED","42","",NA,NA,5.2,5.2,"5.4","","","","pinyon-juniper"
"1873","7/26/2023",57,"PIED","32","",NA,NA,4.4,4.8,"4.6","","","","pinyon-juniper"
"1874","7/26/2023",57,"JUMO","34","31",NA,NA,2.6,2.6,"2.4","0.46","","","pinyon-juniper"
"1875","7/26/2023",57,"JUMO","46","",NA,NA,2.6,2.2,"2.2","0.01","","","pinyon-juniper"
"1876","7/26/2023",57,"PIED","34","",NA,NA,3.4,3.2,"3.4","","","","pinyon-juniper"
"1877","7/26/2023",57,"PIED","15","",NA,NA,2.8,2.6,"2.6","0.01","","","pinyon-juniper"
"1878","7/26/2023",57,"PIED","24","",NA,NA,2.6,2.6,"3","0.22","","","pinyon-juniper"
"1879","7/26/2023",57,"PIED","13","",NA,NA,2.4,2.4,"2.4","0.25","","","pinyon-juniper"
"1880","7/26/2023",57,"PIED","26","",NA,NA,3.8,4,"4","","","","pinyon-juniper"
"1881","7/26/2023",57,"PIED","37","",NA,NA,5.2,5.2,"5.2","0.59","","","pinyon-juniper"
"1882","7/26/2023",57,"JUMO","17","",NA,NA,2.4,NA,"","0.16","","","pinyon-juniper"
"1883","7/26/2023",57,"JUMO","41","",NA,NA,2.4,2.6,"2.8","0.67","","","pinyon-juniper"
"1884","7/26/2023",58,"PIED","20","15",30,NA,2.8,2.6,"2.6","0.2","","","pinyon-juniper"
"1885","7/26/2023",58,"PIED","13","18",57,NA,2.8,2.8,"3","0.19","","","pinyon-juniper"
"1886","7/26/2023",58,"JUMO","30","",NA,NA,2,2,"2","0.31","","","pinyon-juniper"
"1887","7/26/2023",58,"PIED","18","",NA,NA,2.6,2.6,"2.6","0.95","","","pinyon-juniper"
"1888","7/26/2023",58,"JUMO","66","48",105,NA,2.8,2.8,"3","0.18","","","pinyon-juniper"
"1889","7/26/2023",58,"PIED","19","",NA,NA,2.4,2.4,"2.4","0.1","","","pinyon-juniper"
"1890","7/26/2023",58,"PIED","20","",NA,NA,3.2,3.2,"3.2","0.2","","","pinyon-juniper"
"1891","7/26/2023",58,"JUMO","45","",NA,NA,2.8,2.8,"3.2","0.48","","","pinyon-juniper"
"1892","7/26/2023",58,"PIED","26","",NA,NA,3.6,3.4,"4","0.46","","","pinyon-juniper"
"1893","7/26/2023",58,"JUMO","48","41",58,140,3.8,3.8,"3.8","0.87","","","pinyon-juniper"
"1894","7/26/2023",58,"PIED","13","",NA,NA,2.2,2.2,"2.2","0.1","","","pinyon-juniper"
"1895","7/26/2023",58,"PIED","13","",NA,NA,1.8,2,"2.2","0.15","","","pinyon-juniper"
"1896","7/26/2023",58,"JUMO","43","",NA,NA,3.2,2.6,"2.8","0.05","","","pinyon-juniper"
"1897","7/26/2023",58,"PIED","20","",NA,NA,3,3,"3.2","0.01","","","pinyon-juniper"
"1898","7/26/2023",58,"PIED","18","",NA,NA,2.4,2.6,"2.2","0.38","","","pinyon-juniper"
"1899","7/26/2023",58,"PIED","19","",NA,NA,2.12,NA,"","0.45","","","pinyon-juniper"
"1900","7/26/2023",58,"PIED","29","",NA,NA,3.2,3.2,"3.2","0.18","","","pinyon-juniper"
"1901","7/26/2023",58,"PIED","23","",NA,NA,2.6,2.4,"2.4","0.05","","","pinyon-juniper"
"1902","7/26/2023",58,"PIED","13","",NA,NA,2.36,NA,"","0.15","","","pinyon-juniper"
"1903","7/26/2023",58,"PIED","23","",NA,NA,2.6,2.8,"2.6","0.01","","","pinyon-juniper"
"1904","7/26/2023",58,"JUMO","14","",NA,NA,2.42,NA,"","0.38","","","pinyon-juniper"
"1905","7/26/2023",58,"PIED","19","13",30,NA,2.67,NA,"","0.68","","","pinyon-juniper"
"1906","7/26/2023",58,"PIED","15","",NA,NA,2,2.4,"2.2","0.01","","","pinyon-juniper"
"1907","7/26/2023",58,"PIED","19","",NA,NA,2,1.8,"1.8","0.2","","","pinyon-juniper"
"1908","7/26/2023",58,"JUMO","50","",NA,NA,2.2,2.4,"2.4","0.1","","","pinyon-juniper"
"1909","7/26/2023",58,"PIED","34","",NA,NA,3.2,3.4,"3.2","0.05","","","pinyon-juniper"
"1910","7/26/2023",58,"PIED","22","",NA,NA,2.8,2.6,"3","0.1","","","pinyon-juniper"
"1911","7/26/2023",58,"JUMO","16","",NA,NA,2.33,NA,"","0.1","","","pinyon-juniper"
"1912","7/26/2023",58,"PIED","20","",NA,NA,2.2,2.4,"2.2","","","","pinyon-juniper"
"1913","7/26/2023",58,"JUMO","42","",NA,NA,2,2,"2.2","","","","pinyon-juniper"
"1914","7/26/2023",58,"PIED","31","",NA,NA,2.6,2.4,"2.4","","","","pinyon-juniper"
"1915","7/26/2023",58,"PIED","18","",NA,NA,2.4,2.2,"2.2","0.05","","","pinyon-juniper"
"1916","7/26/2023",59,"JUMO","35","",NA,NA,2.6,2.2,"2.4","0.03","","","pinyon-juniper"
"1917","7/26/2023",59,"PIED","17","",NA,NA,1.8,2,"2","0.89","","","pinyon-juniper"
"1918","7/26/2023",59,"JUMO","38","",NA,NA,2.8,2.6,"2.8","0.41","","","pinyon-juniper"
"1919","7/26/2023",59,"JUMO","20","",NA,NA,2,2.2,"2","0.35","","","pinyon-juniper"
"1920","7/26/2023",59,"JUMO","29","",NA,NA,3,3.2,"3.2","0.35","","","pinyon-juniper"
"1921","7/26/2023",59,"JUMO","19","",NA,NA,2.6,2.6,"2.6","0.81","","","pinyon-juniper"
"1922","7/26/2023",59,"PIED","19","",NA,NA,2.4,2.4,"2.4","0.18","","","pinyon-juniper"
"1923","7/26/2023",59,"JUMO","64","",NA,NA,2.4,2.6,"2.6","0.01","","","pinyon-juniper"
"1924","7/26/2023",59,"PIED","17","",NA,NA,2.6,2.4,"2.6","0.99","","","pinyon-juniper"
"1925","7/26/2023",59,"JUMO","18","",NA,NA,2.6,2.8,"2.6","0.01","","","pinyon-juniper"
"1926","7/26/2023",59,"JUMO","14","",NA,NA,1.6,1.8,"1.6","0.01","","","pinyon-juniper"
"1927","7/26/2023",59,"JUMO","43","",NA,NA,2,2.4,"2.2","0.46","","","pinyon-juniper"
"1928","7/26/2023",59,"JUMO","35","28",70,NA,2.2,2.2,"2.2","1.34","","","pinyon-juniper"
"1929","7/26/2023",59,"PIED","27","",NA,NA,2.4,2.4,"2.4","0.89","","","pinyon-juniper"
"1930","7/26/2023",59,"JUMO","23","",NA,NA,2.4,2.2,"2.2","0.76","","","pinyon-juniper"
"1931","7/26/2023",59,"JUMO","39","",NA,NA,2.2,2.2,"2.4","0.02","","","pinyon-juniper"
"1932","7/26/2023",59,"PIED","19","",NA,NA,2.6,2.6,"2.6","0.96","","","pinyon-juniper"
"1933","7/26/2023",59,"PIED","39","",NA,NA,3.4,3.6,"3.6","0.47","","","pinyon-juniper"
"1934","7/26/2023",59,"JUMO","13","",NA,NA,2,2.2,"2.2","0.03","","","pinyon-juniper"
"1935","7/26/2023",59,"PIED","14","",NA,NA,2.4,2.6,"2.6","0.17","","","pinyon-juniper"
"1936","7/26/2023",59,"JUMO","34","",NA,NA,2.6,2.4,"2.4","0.22","","","pinyon-juniper"
"1937","7/26/2023",59,"PIED","20","",NA,NA,2.4,2.6,"2.6","0.46","","","pinyon-juniper"
"1938","7/26/2023",59,"PIED","28","20",35,NA,3.4,3.4,"3.4","0.42","","","pinyon-juniper"
"1939","7/26/2023",59,"PIED","14","",NA,NA,2.8,2.6,"2.4","0.1","","","pinyon-juniper"
"1940","7/26/2023",59,"PIED","22","",NA,NA,2.8,2.8,"2.6","0.2","","","pinyon-juniper"
"1941","7/26/2023",59,"PIED","33","",NA,NA,3.8,4,"3.8","0.27","","","pinyon-juniper"
"1942","7/26/2023",59,"PIED","22","",NA,NA,3.4,3.4,"3.2","0.29","","","pinyon-juniper"
"1943","7/26/2023",59,"PIED","30","",NA,NA,3.8,3.8,"3.8","0.95","","","pinyon-juniper"
"1944","7/26/2023",59,"JUMO","21","",NA,NA,2.8,2.6,"2.4","0.1","","","pinyon-juniper"
"1945","7/26/2023",59,"PIED","40","",NA,NA,4,4,"4.2","0.01","","","pinyon-juniper"
"1946","7/26/2023",59,"JUMO","16","",NA,NA,2.6,2.6,"2.4","0.01","","","pinyon-juniper"
"1947","7/26/2023",59,"JUMO","25","",NA,NA,2.2,2.2,"2.2","0.2","","","pinyon-juniper"
"1948","7/26/2023",59,"JUMO","31","",NA,NA,2.6,2.6,"2.6","0.01","","","pinyon-juniper"
"1949","7/26/2023",60,"PIED","43","",NA,NA,3,3.2,"3","0.01","","","pinyon-juniper"
"1950","7/26/2023",60,"JUMO","18","",NA,NA,2.4,2.4,"2.4","0.05","","","pinyon-juniper"
"1951","7/26/2023",60,"JUMO","21","",NA,NA,2,1.8,"1.8","0.01","","","pinyon-juniper"
"1952","7/26/2023",60,"JUMO","13","",NA,NA,2.07,NA,"","0.05","","","pinyon-juniper"
"1953","7/26/2023",60,"JUMO","26","",NA,NA,2.4,2.6,"2.4","0.23","","","pinyon-juniper"
"1954","7/26/2023",60,"JUMO","18","",NA,NA,2.2,2.2,"2.2","0.01","","","pinyon-juniper"
"1955","7/26/2023",60,"JUMO","30","",NA,NA,2.2,2.4,"2.2","0.01","","","pinyon-juniper"
"1956","7/26/2023",60,"PIED","14","",NA,NA,2,2.2,"2.2","0.59","","","pinyon-juniper"
"1957","7/26/2023",60,"PIED","37","46",78,NA,2.8,2.8,"2.6","0.01","","","pinyon-juniper"
"1958","7/26/2023",60,"JUMO","18","",NA,NA,1.6,1.6,"1.6","0.01","","","pinyon-juniper"
"1959","7/26/2023",60,"PIED","25","",NA,NA,3.4,3.4,"3.2","0.25","","","pinyon-juniper"
"1960","7/26/2023",60,"JUMO","25","",NA,NA,1.8,1.8,"2","0.05","","","pinyon-juniper"
"1961","7/26/2023",60,"PIED","52","42",32,90,4.6,4.6,"4.8","0.05","","","pinyon-juniper"
"1962","7/26/2023",60,"PIED","48","",NA,NA,3.8,3.6,"3.6","0.01","","","pinyon-juniper"
"1963","7/26/2023",60,"JUMO","30","",NA,NA,2.4,2.2,"2.2","0.16","","","pinyon-juniper"
"1964","7/26/2023",61,"PIED","25","",NA,NA,2.6,2.6,"2.6","0.01","","","pinyon-juniper"
"1965","7/26/2023",61,"JUMO","31","",NA,NA,2.4,2.2,"2.4","0.34","","","pinyon-juniper"
"1966","7/26/2023",61,"PIED","33","",NA,NA,4.4,4.8,"4","1.25","","","pinyon-juniper"
"1967","7/26/2023",61,"JUMO","28","",NA,NA,2.2,2.4,"2.4","0.33","","","pinyon-juniper"
"1968","7/26/2023",61,"JUMO","27","",NA,NA,2,1.8,"2","0.29","","","pinyon-juniper"
"1969","7/26/2023",61,"JUMO","13","",NA,NA,2.05,NA,"","0.05","","","pinyon-juniper"
"1970","7/26/2023",61,"JUMO","13","",NA,NA,2.24,NA,"","0.01","","","pinyon-juniper"
"1971","7/26/2023",61,"JUMO","19","",NA,NA,2.1,NA,"","0.01","","","pinyon-juniper"
"1972","7/26/2023",61,"JUMO","29","",NA,NA,2.4,2.2,"2","0.01","","","pinyon-juniper"
"1973","7/26/2023",61,"JUMO","32","",NA,NA,2.2,2.2,"2.4","0.01","","","pinyon-juniper"
"1974","7/26/2023",61,"JUMO","20","",NA,NA,2.25,NA,"","0.05","","","pinyon-juniper"
"1975","7/26/2023",61,"JUMO","21","",NA,NA,2.42,NA,"","0.01","","","pinyon-juniper"
"1976","7/26/2023",61,"JUMO","28","",NA,NA,1.97,NA,"","0.05","","","pinyon-juniper"
"1977","7/26/2023",61,"JUMO","18","",NA,NA,1.75,NA,"","","","","pinyon-juniper"
"1978","7/26/2023",61,"JUMO","29","",NA,NA,2,NA,"","0.91","","","pinyon-juniper"
"1979","7/26/2023",61,"JUMO","26","",NA,NA,2,2.4,"2","0.31","","","pinyon-juniper"
"1980","7/26/2023",61,"PIED","13","",NA,NA,1.8,2.2,"2","0.82","","","pinyon-juniper"
"1981","7/26/2023",61,"JUMO","13","",NA,NA,1.8,NA,"","0.01","","","pinyon-juniper"
"1982","7/26/2023",61,"JUMO","18","",NA,NA,1.8,1.6,"2","0.01","","","pinyon-juniper"
"1983","7/26/2023",61,"JUMO","21","",NA,NA,2.05,NA,"","0.4","","","pinyon-juniper"
"1984","7/26/2023",61,"JUMO","28","",NA,NA,1.97,NA,"","0.27","","","pinyon-juniper"
"1985","7/26/2023",61,"JUMO","18","",NA,NA,2.2,2.2,"2.2","0.1","","","pinyon-juniper"
"1986","7/27/2023",62,"PIED","55","",NA,NA,7.6,7.6,"7.6","0.01","","","pinyon-juniper"
"1987","7/27/2023",62,"PIED","22","22",38,NA,2.8,2.8,"2.8","0.11","","","pinyon-juniper"
"1988","7/27/2023",62,"PIED","15","",NA,NA,2.4,2.8,"2.4","0.77","","","pinyon-juniper"
"1989","7/27/2023",62,"PIED","71","",NA,NA,5.4,5.2,"5.4","0.6","","","pinyon-juniper"
"1990","7/27/2023",62,"PIED","25","",NA,NA,2.6,2.2,"2.2","","","","pinyon-juniper"
"1991","7/27/2023",62,"PIED","24","",NA,NA,2,2.2,"2.2","","","","pinyon-juniper"
"1992","7/27/2023",62,"PIED","63","",NA,NA,7.8,7.8,"7.8","1.48","","","pinyon-juniper"
"1993","7/27/2023",62,"PIED","98","",NA,NA,4.4,4,"4","","","","pinyon-juniper"
"1994","7/27/2023",62,"JUMO","67","30",39,63,3.6,3.6,"3.2","0.91","","","pinyon-juniper"
"1995","7/27/2023",62,"PIED","35","35",54,NA,5,5.2,"5","0.01","","","pinyon-juniper"
"1996","7/27/2023",62,"PIED","26","",NA,NA,3.6,3.6,"3.8","0.01","","","pinyon-juniper"
"1997","7/27/2023",62,"PIED","24","",NA,NA,2.2,2.2,"2","0.52","","","pinyon-juniper"
"1998","7/27/2023",62,"PIED","20","",NA,NA,3.4,3.6,"3.6","1.42","","","pinyon-juniper"
"1999","7/27/2023",62,"PIED","15","",NA,NA,2.4,2.8,"2.4","0.35","","","pinyon-juniper"
"2000","7/27/2023",62,"PIED","36","",NA,NA,3.6,3.4,"3.6","","","","pinyon-juniper"
"2001","7/27/2023",62,"PIED","19","",NA,NA,3.2,3.2,"3","0.92","","","pinyon-juniper"
"2002","7/27/2023",62,"PIED","66","",NA,NA,7.6,7.6,"7.4","2.4","2.6","2.8","pinyon-juniper"
"2003","7/27/2023",62,"PIED","29","13",31,NA,4.4,4.4,"4.2","0.09","","","pinyon-juniper"
"2004","7/27/2023",62,"JUMO","28","",NA,NA,3.6,3.4,"3.4","0.01","","","pinyon-juniper"
"2005","7/27/2023",62,"PIED","48","",NA,NA,6.8,6.8,"7","0.37","","","pinyon-juniper"
"2006","7/27/2023",62,"PIED","30","",NA,NA,4.4,4.4,"4.4","1.35","","","pinyon-juniper"
"2007","7/27/2023",62,"PIED","63","46",40,106,7.2,7.4,"7.4","1.83","","","pinyon-juniper"
"2008","7/27/2023",62,"PIED","34","",NA,NA,5.2,5,"4.8","0.7","","","pinyon-juniper"
"2009","7/27/2023",62,"PIED","20","",NA,NA,2.2,2.4,"2.2","","","","pinyon-juniper"
"2010","7/27/2023",62,"PIED","30","",NA,NA,4.8,5,"5","1.03","","","pinyon-juniper"
"2011","7/27/2023",62,"PIED","30","",NA,NA,3,3.2,"3.2","","","","pinyon-juniper"
"2012","7/27/2023",62,"PIED","58","",NA,NA,6.8,6.4,"6.6","3.6","3.8","3.8","pinyon-juniper"
"2013","7/27/2023",62,"PIED","63","",NA,NA,6.8,6.6,"6.8","2.8","2.6","2.8","pinyon-juniper"
"2014","7/27/2023",62,"PIED","39","",NA,NA,6.8,7,"6.8","3","3.2","3","pinyon-juniper"
"2015","7/27/2023",62,"PIED","32","",NA,NA,3,3,"3","0.17","","","pinyon-juniper"
"2016","7/27/2023",62,"PIED","46","",NA,NA,6.4,6.4,"6.2","1.01","","","pinyon-juniper"
"2017","7/27/2023",62,"PIED","72","",NA,NA,6.4,6.6,"6.4","1.57","","","pinyon-juniper"
"2018","7/27/2023",62,"PIED","101","",NA,NA,8.2,8,"8.2","0.61","","","pinyon-juniper"
"2019","7/27/2023",62,"PIED","49","",NA,NA,6.6,6.6,"6.6","0.64","","","pinyon-juniper"
"2020","7/27/2023",62,"PIED","47","",NA,NA,5.4,5.6,"5.6","0.92","","","pinyon-juniper"
"2021","7/27/2023",62,"PIED","13","",NA,NA,1.71,NA,"","0.5","","","pinyon-juniper"
"2022","7/27/2023",62,"PIED","15","",NA,NA,2.6,2.4,"2.6","0.4","","","pinyon-juniper"
"2023","7/27/2023",62,"PIED","69","",NA,NA,6.4,6.2,"6.6","0.05","","","pinyon-juniper"
"2024","7/27/2023",63,"PIED","108","",NA,NA,9.4,9.2,"9.4","0.34","","","pinyon-juniper"
"2025","7/27/2023",63,"PIED","50","",NA,NA,5.8,5.6,"6","1.65","","","pinyon-juniper"
"2026","7/27/2023",63,"JUMO","32","",NA,NA,4.6,4.8,"5.2","0.01","","","pinyon-juniper"
"2027","7/27/2023",63,"JUMO","27","",NA,NA,2.8,2.8,"2.8","0.05","","","pinyon-juniper"
"2028","7/27/2023",63,"JUMO","27","22",55,NA,4.4,4.6,"4.8","0.01","","","pinyon-juniper"
"2029","7/27/2023",63,"PIED","39","16",47,NA,3.8,3.6,"3.8","0.35","","","pinyon-juniper"
"2030","7/27/2023",63,"PIED","33","",NA,NA,4.4,4.2,"4.2","","","","pinyon-juniper"
"2031","7/27/2023",63,"PIED","29","",NA,NA,4.4,4.4,"4.4","0.12","","","pinyon-juniper"
"2032","7/27/2023",63,"PIPO","59","",NA,NA,8.2,8.2,"8","4.2","4","4.2","pinyon-juniper"
"2033","7/27/2023",63,"JUMO","28","",NA,NA,3.6,3.4,"3.6","0.26","","","pinyon-juniper"
"2034","7/27/2023",63,"PIED","16","",NA,NA,2.4,2.8,"2.4","1.84","","","pinyon-juniper"
"2035","7/27/2023",63,"PIED","36","",NA,NA,4.4,4.2,"4.4","","","","pinyon-juniper"
"2036","7/27/2023",63,"PIED","59","",NA,NA,2.8,2.6,"2.6","","","","pinyon-juniper"
"2037","7/27/2023",63,"PIED","31","",NA,NA,5,4.6,"4.4","0.1","","","pinyon-juniper"
"2038","7/27/2023",63,"PIED","22","",NA,NA,3.4,3.4,"3.8","0.01","","","pinyon-juniper"
"2039","7/27/2023",63,"PIED","75","50",103,NA,7.4,7.2,"7","3.2","3.4","3.2","pinyon-juniper"
"2040","7/27/2023",63,"PIED","18","",NA,NA,2.4,2.6,"2.4","0.54","","","pinyon-juniper"
"2041","7/27/2023",63,"JUMO","20","",NA,NA,2.8,2.8,"2.8","0.37","","","pinyon-juniper"
"2042","7/27/2023",63,"PIED","13","",NA,NA,2.8,2.8,"3","0.55","","","pinyon-juniper"
"2043","7/27/2023",63,"PIED","30","",NA,NA,3.4,3.2,"3","0.01","","","pinyon-juniper"
"2044","7/27/2023",63,"PIED","50","",NA,NA,5.6,5.8,"5.6","","","","pinyon-juniper"
"2045","7/27/2023",63,"PIED","25","15",36,NA,3.2,3.2,"3","","","","pinyon-juniper"
"2046","7/27/2023",63,"PIED","63","",NA,NA,6,6.8,"7","1.02","","","pinyon-juniper"
"2047","7/27/2023",63,"JUMO","28","",NA,NA,3.6,3.2,"3.4","0.01","","","pinyon-juniper"
"2048","7/27/2023",63,"PIED","28","",NA,NA,2,1.8,"2.2","","","","pinyon-juniper"
"2049","7/27/2023",63,"PIED","15","",NA,NA,3,3,"3","0.78","","","pinyon-juniper"
"2050","7/27/2023",63,"PIED","13","",NA,NA,3,3,"2.6","0.1","","","pinyon-juniper"
"2051","7/27/2023",63,"PIED","21","",NA,NA,2.6,2.6,"2.8","1.02","","","pinyon-juniper"
"2052","7/27/2023",63,"JUMO","17","",NA,NA,2.8,2.8,"2.8","0.01","","","pinyon-juniper"
"2053","7/27/2023",63,"PIED","16","",NA,NA,2.2,2.6,"2.4","1.17","","","pinyon-juniper"
"2054","7/27/2023",63,"PIED","16","",NA,NA,2.6,2.6,"2.6","","","","pinyon-juniper"
"2055","7/27/2023",63,"PIED","70","79",120,NA,6.6,7,"6.8","","","","pinyon-juniper"
"2056","7/27/2023",63,"PIED","27","",NA,NA,3.4,3.6,"3.2","","","","pinyon-juniper"
"2057","7/27/2023",63,"PIED","31","",NA,NA,4.6,4.6,"4.4","","","","pinyon-juniper"
"2058","7/27/2023",63,"PIED","23","",NA,NA,4.2,4.2,"4.2","","","","pinyon-juniper"
"2059","7/27/2023",63,"JUMO","30","",NA,NA,4.2,4.2,"4","0.15","","","pinyon-juniper"
"2060","7/27/2023",63,"PIED","50","",NA,NA,6,6.2,"5.6","","","","pinyon-juniper"
"2061","7/27/2023",63,"PIED","18","",NA,NA,2.8,2.8,"2.8","2.1","","","pinyon-juniper"
"2062","7/27/2023",63,"PIED","23","",NA,NA,3,2.6,"2.8","0.01","","","pinyon-juniper"
"2063","7/27/2023",63,"PIED","49","",NA,NA,6.6,6.8,"6.8","0.21","","","pinyon-juniper"
"2064","7/27/2023",63,"PIED","28","39",51,NA,4.4,3.8,"4","0.01","","","pinyon-juniper"
"2065","7/27/2023",63,"PIED","43","",NA,NA,5.6,5.6,"5.8","0.2","","","pinyon-juniper"
"2066","7/27/2023",63,"PIED","27","",NA,NA,4.2,4,"4","1.83","","","pinyon-juniper"
"2067","7/27/2023",63,"PIED","20","",NA,NA,3.8,3.6,"3.8","0.26","","","pinyon-juniper"
"2068","7/27/2023",63,"PIED","40","",NA,NA,5,5,"5","0.53","","","pinyon-juniper"
"2069","7/27/2023",63,"PIED","57","50",99,NA,6,6.2,"6.2","","","","pinyon-juniper"
"2070","7/27/2023",63,"PIED","41","",NA,NA,6,5.8,"6.2","","","","pinyon-juniper"
"2071","7/27/2023",63,"PIED","45","",NA,NA,6.4,6.4,"6.6","","","","pinyon-juniper"
"2072","7/27/2023",63,"PIED","30","",NA,NA,5,5.2,"5","0.01","","","pinyon-juniper"
"2073","7/27/2023",63,"JUMO","23","",NA,NA,2.41,NA,"","0.05","","","pinyon-juniper"
"2074","7/27/2023",63,"PIED","13","",NA,NA,2.37,NA,"","0.42","","","pinyon-juniper"
"2075","7/27/2023",63,"PIED","25","",NA,NA,3.2,3.4,"3.2","0.1","","","pinyon-juniper"
"2076","7/27/2023",63,"PIED","39","",NA,NA,5.6,5.8,"5.6","0.05","","","pinyon-juniper"
"2077","7/27/2023",63,"PIED","35","",NA,NA,5.8,6,"5.6","","","","pinyon-juniper"
"2078","7/31/2023",64,"PIFL2","99","",NA,NA,14.6,15.2,"18.8","0.36","","","spruce-fir"
"2079","7/31/2023",64,"ABCO","102","",NA,NA,13.8,13.6,"13.4","","","","spruce-fir"
"2080","7/31/2023",64,"ABCO","23","",NA,NA,3.4,3.4,"3.4","0.01","","","spruce-fir"
"2081","7/31/2023",64,"PIFL2","127","",NA,NA,14.2,14.2,"14.6","0.23","","","spruce-fir"
"2082","7/31/2023",64,"ABCO","30","",NA,NA,3,3,"3.2","0.38","","","spruce-fir"
"2083","7/31/2023",64,"PIFL2","14","",NA,NA,3.2,3.2,"3.2","0.01","","","spruce-fir"
"2084","7/31/2023",64,"ABCO","99","",NA,NA,16.6,16.8,"16.6","","","","spruce-fir"
"2085","7/31/2023",64,"PIPO","146","",NA,NA,19.4,19.2,"18.8","9.6","9.6","9.4","spruce-fir"
"2086","7/31/2023",64,"ABCO","122","",NA,NA,13.6,13.6,"13.4","1.45","","","spruce-fir"
"2087","7/31/2023",64,"ABCO","89","",NA,NA,13.4,13,"12.8","","","","spruce-fir"
"2088","7/31/2023",64,"ABCO","64","",NA,NA,11.6,12,"12.2","","","","spruce-fir"
"2089","7/31/2023",64,"ABCO","91","19",NA,NA,11.2,11.2,"11.2","1.65","","","spruce-fir"
"2090","7/31/2023",64,"ABCO","38","",NA,NA,5.8,5.4,"5.4","1","","","spruce-fir"
"2091","7/31/2023",64,"PIPO","47","",NA,NA,9,9.2,"9","","","","spruce-fir"
"2092","7/31/2023",64,"PIPO","81","",NA,NA,13.2,13.2,"13.4","7.8","8.2","7.8","spruce-fir"
"2093","7/31/2023",64,"ABCO","92","",NA,NA,12.2,12.2,"12.2","0.1","","","spruce-fir"
"2094","7/31/2023",64,"ABCO","73","",NA,NA,8.6,9,"8.6","","","","spruce-fir"
"2095","7/31/2023",64,"PIPO","104","",NA,NA,10.8,10.8,"11","5","5","5","spruce-fir"
"2096","7/31/2023",64,"ABCO","37","",NA,NA,4.6,4.8,"4.6","0.01","","","spruce-fir"
"2097","7/31/2023",64,"ABCO","33","",NA,NA,4.4,4.6,"4.6","0.75","","","spruce-fir"
"2098","7/31/2023",64,"ABCO","60","33",NA,NA,10.8,10.8,"10.8","","","","spruce-fir"
"2099","7/31/2023",64,"ABCO","23","",NA,NA,4,4.2,"4.6","","","","spruce-fir"
"2100","7/31/2023",64,"PIFL2","55","",NA,NA,8.4,8.4,"8.4","0.15","","","spruce-fir"
"2101","7/31/2023",64,"ABCO","95","",NA,NA,11.8,11.8,"11.8","0.83","","","spruce-fir"
"2102","7/31/2023",64,"PIFL2","13","",NA,NA,2.02,NA,"","0.3","","","spruce-fir"
"2103","8/1/2023",65,"ABCO","36","",NA,NA,5.6,5.8,"5.4","","","","spruce-fir"
"2104","8/1/2023",65,"ABCO","78","20",NA,NA,10.6,10.6,"10.2","1.47","","","spruce-fir"
"2105","8/1/2023",65,"ABCO","44","",NA,NA,7.6,7.2,"7.2","1.73","","","spruce-fir"
"2106","8/1/2023",65,"ABCO","29","",NA,NA,3.6,3.6,"3.6","","","","spruce-fir"
"2107","8/1/2023",65,"ABCO","44","",NA,NA,7,7.4,"7.2","","","","spruce-fir"
"2108","8/1/2023",65,"ABCO","61","",NA,NA,9.4,9.2,"9.6","1.83","","","spruce-fir"
"2109","8/1/2023",65,"ABCO","55","29",79,NA,8.8,8.8,"9","0.95","","","spruce-fir"
"2110","8/1/2023",65,"ABCO","40","",NA,NA,6.2,6.2,"6.8","0.33","","","spruce-fir"
"2111","8/1/2023",65,"ABCO","45","",NA,NA,6.8,6.8,"6.4","1.04","","","spruce-fir"
"2112","8/1/2023",65,"ABCO","33","",NA,NA,6.8,6.6,"6.6","","","","spruce-fir"
"2113","8/1/2023",65,"QUGA","25","",NA,NA,3.2,3.6,"3","","","","spruce-fir"
"2114","8/1/2023",65,"QUGA","24","",NA,NA,3.8,3.8,"3.6","2.4","2.8","2.2","spruce-fir"
"2115","8/1/2023",65,"QUGA","19","",NA,NA,2.4,2.8,"2.8","1.28","","","spruce-fir"
"2116","8/1/2023",65,"QUGA","32","",NA,NA,3.4,3.6,"3.2","","","","spruce-fir"
"2117","8/1/2023",65,"QUGA","27","",NA,NA,3,2.8,"3.4","","","","spruce-fir"
"2118","8/1/2023",65,"PIPO","200","",NA,NA,25.4,25.8,"25.2","7","6.8","6.8","spruce-fir"
"2119","8/1/2023",65,"PSME","17","",NA,NA,3.2,3.2,"3","0.7","","","spruce-fir"
"2120","8/1/2023",65,"ABCO","48","",NA,NA,5.8,5.4,"5.8","0.65","","","spruce-fir"
"2121","8/1/2023",65,"ABCO","114","",NA,NA,10.8,10.6,"11.2","3.4","4.2","3.4","spruce-fir"
"2122","8/1/2023",65,"PSME","132","",NA,NA,7.4,7.6,"7.4","","","","spruce-fir"
"2123","8/1/2023",65,"ABCO","84","82",139,NA,17,17.8,"17.4","3.4","3.4","3.4","spruce-fir"
"2124","8/1/2023",65,"ABCO","49","",NA,NA,5.4,5.6,"5.8","0.01","","","spruce-fir"
"2125","8/1/2023",65,"ABCO","28","",NA,NA,2.6,2.8,"2.8","0.62","","","spruce-fir"
"2126","8/1/2023",65,"PSME","120","",NA,NA,7.8,8,"7.8","","","","spruce-fir"
"2127","8/1/2023",65,"JUSC2","36","",NA,NA,5.2,5,"5","1.63","","","spruce-fir"
"2128","8/1/2023",65,"ABCO","35","",NA,NA,5.6,5.6,"5.2","0.95","","","spruce-fir"
"2129","8/1/2023",65,"ABCO","30","",NA,NA,3.6,3.6,"3.6","1.15","","","spruce-fir"
"2130","8/1/2023",65,"ABCO","71","",NA,NA,8,8.4,"8.2","1.68","","","spruce-fir"
"2131","8/1/2023",65,"ABCO","20","",NA,NA,3.2,2.8,"3","0.25","","","spruce-fir"
"2132","8/1/2023",65,"ABCO","40","",NA,NA,5.4,4.6,"4.8","0.48","","","spruce-fir"
"2133","8/1/2023",65,"ABCO","71","",NA,NA,10.2,10.2,"10.4","0.69","","","spruce-fir"
"2134","8/1/2023",65,"ABCO","25","",NA,NA,3.6,3.6,"3.6","0.82","","","spruce-fir"
"2135","8/1/2023",65,"ABCO","38","",NA,NA,4,4.2,"4.2","0.57","","","spruce-fir"
"2136","8/1/2023",65,"ABCO","93","119",41,204,13,13.4,"12.8","0.92","","","spruce-fir"
"2137","8/1/2023",65,"JUSC2","33","",NA,NA,4.6,4.6,"4.4","1.32","","","spruce-fir"
"2138","8/1/2023",65,"ABCO","64","",NA,NA,5,5,"4.8","","","","spruce-fir"
"2139","8/1/2023",65,"JUSC2","29","",NA,NA,4,4.2,"4","","","","spruce-fir"
"2140","8/1/2023",65,"ABCO","55","",NA,NA,6.4,6.2,"6.2","","","","spruce-fir"
"2141","8/1/2023",66,"ABCO","17","",NA,NA,3.2,3.2,"3.2","0.48","","","ponderosa pine"
"2142","8/1/2023",66,"ABCO","19","",NA,NA,2.4,2.6,"2.6","0.25","","","ponderosa pine"
"2143","8/1/2023",66,"ABCO","13","",NA,NA,2.8,2.8,"2.6","1.2","","","ponderosa pine"
"2144","8/1/2023",66,"PSME","15","",NA,NA,2.4,2.4,"2.6","1.38","","","ponderosa pine"
"2145","8/1/2023",66,"PSME","18","",NA,NA,3.4,3.2,"3","0.29","","","ponderosa pine"
"2146","8/1/2023",66,"PSME","26","",NA,NA,3.6,3.8,"3.8","1.4","","","ponderosa pine"
"2147","8/1/2023",66,"PSME","20","",NA,NA,2,2.2,"2.4","1.2","","","ponderosa pine"
"2148","8/1/2023",66,"QUGA","30","",NA,NA,4.4,4.2,"4.4","","","","ponderosa pine"
"2149","8/1/2023",66,"JUSC2","18","",NA,NA,2.8,2.8,"2.6","0.01","","","ponderosa pine"
"2150","8/1/2023",66,"PSME","83","",NA,NA,11,10.8,"10.8","1.6","","","ponderosa pine"
"2151","8/1/2023",66,"PSME","30","",NA,NA,4.4,4.2,"4.4","","","","ponderosa pine"
"2152","8/1/2023",66,"PSME","65","",NA,NA,7.8,7.8,"7.8","1.7","","","ponderosa pine"
"2153","8/1/2023",66,"PIPO","90","",NA,NA,12.8,12.8,"12.6","4.4","4.8","4.6","ponderosa pine"
"2154","8/1/2023",66,"PSME","53","",NA,NA,7,6.8,"7","2.8","2.4","2.6","ponderosa pine"
"2155","8/1/2023",66,"PSME","15","",NA,NA,2.6,3,"2.8","0.74","","","ponderosa pine"
"2156","8/1/2023",66,"PSME","35","",NA,NA,4.6,4.6,"5","","","","ponderosa pine"
"2157","8/1/2023",66,"PSME","34","21",70,NA,3.8,4,"4","1.2","","","ponderosa pine"
"2158","8/1/2023",66,"JUSC2","61","",NA,NA,8.6,8.2,"7.8","1.12","","","ponderosa pine"
"2159","8/1/2023",66,"PIPO","208","",NA,NA,15,15,"14.6","","","","ponderosa pine"
"2160","8/1/2023",66,"ABCO","55","",NA,NA,7.2,7.6,"7.2","0.75","","","ponderosa pine"
"2161","8/1/2023",66,"QUGA","18","",NA,NA,4,4,"4","1.45","","","ponderosa pine"
"2162","8/1/2023",66,"QUGA","22","",NA,NA,3.6,3.8,"3.4","1.83","","","ponderosa pine"
"2163","8/1/2023",66,"ABCO","25","",NA,NA,2.4,2.4,"2.4","0.32","","","ponderosa pine"
"2164","8/1/2023",66,"PIPO","193","",NA,NA,26.2,25.8,"25","7.6","7.8","7.8","ponderosa pine"
"2165","8/1/2023",66,"JUSC2","14","",NA,NA,2.4,2.4,"2.4","0.01","","","ponderosa pine"
"2166","8/1/2023",66,"ABCO","138","",NA,NA,5.8,5.6,"5.8","","","","ponderosa pine"
"2167","8/1/2023",66,"ABCO","28","",NA,NA,2.4,2.4,"2.4","0.22","","","ponderosa pine"
"2168","8/1/2023",66,"JUSC2","59","",NA,NA,5.4,5.6,"5.6","1.2","","","ponderosa pine"
"2169","8/1/2023",66,"ABCO","155","",NA,NA,4.4,4.4,"4.4","","","","ponderosa pine"
"2170","8/1/2023",66,"QUGA","35","",NA,NA,2.8,2.8,"2.8","1.5","","","ponderosa pine"
"2171","8/1/2023",66,"QUGA","24","",NA,NA,3.6,3.8,"4","1.42","","","ponderosa pine"
"2172","8/1/2023",66,"ABCO","25","",NA,NA,3,3,"3","0.41","","","ponderosa pine"
"2173","8/1/2023",66,"QUGA","22","",NA,NA,3.6,3.4,"3.6","","","","ponderosa pine"
"2174","8/1/2023",66,"QUGA","27","",NA,NA,2.4,2.8,"2.8","","","","ponderosa pine"
"2175","8/1/2023",66,"QUGA","21","",NA,NA,2,1.8,"2","0.56","","","ponderosa pine"
"2176","8/1/2023",66,"ABCO","21","",NA,NA,3,2.8,"3","","","","ponderosa pine"
"2177","8/1/2023",66,"ABCO","34","",NA,NA,3.8,3.8,"3.8","0.9","","","ponderosa pine"
"2178","8/1/2023",66,"ABCO","40","",NA,NA,6.2,6.2,"6.2","0.41","","","ponderosa pine"
"2179","8/1/2023",66,"ABCO","60","",NA,NA,7.8,8.2,"8","1.86","","","ponderosa pine"
"2180","8/1/2023",66,"ABCO","21","",NA,NA,2.6,3,"2.8","0.46","","","ponderosa pine"
"2181","8/1/2023",66,"ABCO","73","",NA,NA,10,9.8,"9.8","0.1","","","ponderosa pine"
"2182","8/1/2023",66,"PSME","31","",NA,NA,4.8,4.4,"4","0.91","","","ponderosa pine"
"2183","8/1/2023",66,"PSME","18","",NA,NA,3,3.2,"2.8","","","","ponderosa pine"
"2184","8/1/2023",66,"ABCO","61","",NA,NA,8.6,8.8,"9","3","3","2.8","ponderosa pine"
"2185","8/1/2023",66,"PIPO","180","",NA,NA,20.4,20.8,"20.4","7.2","7","7","ponderosa pine"
"2186","8/1/2023",66,"ABCO","20","",NA,NA,2.6,2.6,"2.6","0.32","","","ponderosa pine"
"2187","8/1/2023",66,"ABCO","13","",NA,NA,2.4,2.4,"2.4","0.13","","","ponderosa pine"
"2188","8/1/2023",66,"PSME","48","",NA,NA,5.2,5.2,"5.2","0.48","","","ponderosa pine"
"2189","8/1/2023",66,"PSME","20","",NA,NA,3.2,3.4,"3.2","0.1","","","ponderosa pine"
"2190","8/1/2023",66,"PSME","40","",NA,NA,5.2,5.4,"5.6","","","","ponderosa pine"
"2191","8/1/2023",66,"PSME","30","",NA,NA,4.4,4.2,"4.2","","","","ponderosa pine"
"2192","8/1/2023",66,"PSME","45","",NA,NA,6.4,6.4,"6.4","0.36","","","ponderosa pine"
"2193","8/1/2023",67,"ABCO","92","",NA,NA,16.6,16.6,"16.2","5","4.8","5.2","mixed conifer"
"2194","8/1/2023",67,"ABCO","58","",NA,NA,10.6,10,"10","1.73","","","mixed conifer"
"2195","8/1/2023",67,"ABCO","63","",NA,NA,13,13,"12.4","","","","mixed conifer"
"2196","8/1/2023",67,"ABCO","47","",NA,NA,5.4,6,"5.4","1.03","","","mixed conifer"
"2197","8/1/2023",67,"ABCO","48","",NA,NA,9.6,9.6,"9.6","","","","mixed conifer"
"2198","8/1/2023",67,"ABCO","74","",NA,NA,13.6,13.4,"14.2","","","","mixed conifer"
"2199","8/1/2023",67,"ABCO","37","",NA,NA,2.6,2.8,"2.6","","","","mixed conifer"
"2200","8/1/2023",67,"ABCO","54","",NA,NA,13.6,13.2,"13","","","","mixed conifer"
"2201","8/1/2023",67,"ABCO","83","",NA,NA,11,11.2,"11","","","","mixed conifer"
"2202","8/1/2023",67,"PSME","60","",NA,NA,13.8,13.2,"12.8","4.2","4.2","4.2","mixed conifer"
"2203","8/1/2023",67,"PIFL2","45","",NA,NA,9.8,9.6,"9.8","2.1","","","mixed conifer"
"2204","8/1/2023",67,"PIFL2","44","",NA,NA,6.8,6.6,"6.8","3.6","3.2","3","mixed conifer"
"2205","8/1/2023",67,"PSME","92","105",160,NA,13.2,13,"13.6","3.8","3.8","3.8","mixed conifer"
"2206","8/1/2023",67,"PSME","99","",NA,NA,16.2,16.4,"16","2.14","","","mixed conifer"
"2207","8/1/2023",67,"PSME","64","",NA,NA,2.6,2.4,"2.6","","","","mixed conifer"
"2208","8/1/2023",67,"PSME","20","",NA,NA,2.8,3,"2.8","","","","mixed conifer"
"2209","8/1/2023",67,"PSME","97","",NA,NA,16.4,16.8,"16.4","3.4","3.6","3.4","mixed conifer"
"2210","8/1/2023",67,"ABCO","45","",NA,NA,6.8,6.6,"6.4","0.55","","","mixed conifer"
"2211","8/1/2023",67,"PSME","23","",NA,NA,2.83,NA,"","0.26","","","mixed conifer"
"2212","8/1/2023",67,"PSME","19","",NA,NA,3,3.2,"3","","","","mixed conifer"
"2213","8/1/2023",67,"PSME","19","",NA,NA,2.6,2.6,"2.6","0.46","","","mixed conifer"
"2214","8/1/2023",67,"PIPO","85","",NA,NA,15.4,15.8,"16","4.6","4.8","4.4","mixed conifer"
"2215","8/1/2023",67,"PSME","17","",NA,NA,2.4,2.4,"2.4","0.32","","","mixed conifer"
"2216","8/1/2023",67,"PSME","39","",NA,NA,4.4,4.4,"4.2","0.36","","","mixed conifer"
"2217","8/1/2023",67,"POTR5","83","",NA,NA,2.4,2.6,"2.6","","","","mixed conifer"
"2218","8/1/2023",67,"POTR5","17","",NA,NA,4.8,4.8,"4.8","1.75","","","mixed conifer"
"2219","8/1/2023",67,"POTR5","13","",NA,NA,3,3.2,"3.2","1.66","","","mixed conifer"
"2220","8/1/2023",67,"POTR5","17","",NA,NA,5.8,5.6,"5.6","1.84","","","mixed conifer"
"2221","8/1/2023",67,"PSME","65","50",113,NA,7.8,8.2,"8.4","0.87","","","mixed conifer"
"2222","8/1/2023",67,"PSME","77","",NA,NA,10,9.6,"9.8","0.77","","","mixed conifer"
"2223","8/1/2023",67,"POTR5","13","",NA,NA,4.2,4.6,"4.4","2.05","","","mixed conifer"
"2224","8/1/2023",67,"PSME","27","",NA,NA,3.8,3.8,"4","0.6","","","mixed conifer"
"2225","8/1/2023",67,"POTR5","14","",NA,NA,4.3,4.4,"4.6","2.4","2.2","2.2","mixed conifer"
"2226","8/1/2023",67,"PSME","25","",NA,NA,3.8,3.6,"3.6","0.51","","","mixed conifer"
"2227","8/1/2023",67,"PSME","35","",NA,NA,4.2,4,"4","1.21","","","mixed conifer"
"2228","8/1/2023",67,"PSME","37","",NA,NA,3.6,4,"3.8","","","","mixed conifer"
"2229","8/1/2023",67,"PSME","37","",NA,NA,4.6,4.8,"4.8","1.22","","","mixed conifer"
"2230","8/1/2023",67,"ABCO","37","",NA,NA,4.4,4.4,"4.4","1.46","","","mixed conifer"
"2231","8/1/2023",67,"ABCO","117","",NA,NA,16.8,17.4,"17","","","","mixed conifer"
"2232","8/1/2023",67,"PSME","48","",NA,NA,5,5,"5","0.86","","","mixed conifer"
"2233","8/1/2023",67,"ABCO","19","",NA,NA,2.4,2.6,"2.4","0.85","","","mixed conifer"
"2234","8/1/2023",67,"ABCO","29","",NA,NA,3.4,3.2,"3.2","1.05","","","mixed conifer"
"2235","8/1/2023",67,"PSME","86","",NA,NA,14.2,14.2,"14.6","6.4","6.4","6.4","mixed conifer"
"2236","8/1/2023",67,"PSME","23","",NA,NA,3.2,3.2,"3.2","0.21","","","mixed conifer"
"2237","8/1/2023",67,"PSME","50","",NA,NA,8.2,7.6,"8","0.67","","","mixed conifer"
"2238","8/1/2023",67,"ABCO","18","",NA,NA,2.6,2.6,"2.6","0.2","","","mixed conifer"
"2239","8/1/2023",67,"PSME","54","",NA,NA,7.2,7.4,"7.6","1.47","","","mixed conifer"
"2240","8/1/2023",67,"PSME","42","",NA,NA,7.4,7.4,"7.4","3.6","3.4","3.4","mixed conifer"
"2241","8/1/2023",67,"ABCO","29","",NA,NA,4.6,4,"4.6","0.61","","","mixed conifer"
"2242","8/2/2023",68,"PIPO","133","",NA,NA,23.2,22.4,"22.6","9.2","9","9.2","ponderosa pine"
"2243","8/2/2023",68,"ABCO","25","",NA,NA,3.8,3.6,"3.8","0.05","","","ponderosa pine"
"2244","8/2/2023",68,"PIPO","115","",NA,NA,20.8,21.4,"21.1","5.8","5.8","6","ponderosa pine"
"2245","8/2/2023",68,"PIPO","120","",NA,NA,21.6,22,"22","4.4","4","4.2","ponderosa pine"
"2246","8/2/2023",68,"ABCO","31","",NA,NA,4.2,4,"4.2","0.1","","","ponderosa pine"
"2247","8/2/2023",68,"PIPO","40","",NA,NA,4,4.2,"4.2","2.8","2.8","2.2","ponderosa pine"
"2248","8/2/2023",68,"ABCO","21","",NA,NA,3,2.8,"3.4","","","","ponderosa pine"
"2249","8/2/2023",68,"ABCO","28","",NA,NA,4,3.8,"3.6","0.15","","","ponderosa pine"
"2250","8/2/2023",68,"QUGA","19","22",NA,NA,2.6,2.4,"2.6","0.21","","","ponderosa pine"
"2251","8/2/2023",68,"QUGA","20","",NA,NA,2.6,2.4,"2.4","1.51","","","ponderosa pine"
"2252","8/2/2023",68,"ABCO","21","",NA,NA,2.2,2.2,"2","0.01","","","ponderosa pine"
"2253","8/2/2023",68,"PIPO","141","",NA,NA,23.6,23.6,"23.4","5.6","5.6","5.4","ponderosa pine"
"2254","8/2/2023",68,"PSME","130","99",208,NA,18.8,19.4,"19.8","3.6","3.8","3.6","ponderosa pine"
"2255","8/2/2023",68,"ABCO","20","",NA,NA,3.4,3.4,"3.6","","","","ponderosa pine"
"2256","8/2/2023",68,"ABCO","14","",NA,NA,2.8,2.6,"2.6","0.05","","","ponderosa pine"
"2257","8/2/2023",68,"ABCO","16","",NA,NA,2.8,2.6,"3","0.01","","","ponderosa pine"
"2258","8/2/2023",68,"PIPO","97","",NA,NA,17.4,17.6,"17.6","5","5","5","ponderosa pine"
"2259","8/2/2023",68,"ABCO","13","",NA,NA,2.4,2.6,"2.6","0.65","","","ponderosa pine"
"2260","8/2/2023",68,"ABCO","113","",NA,NA,2,2,"2.2","","","","ponderosa pine"
"2261","8/2/2023",68,"ABCO","25","",NA,NA,2.4,2.4,"2.6","0.1","","","ponderosa pine"
"2262","8/2/2023",68,"PIPO","125","",NA,NA,20.4,20.8,"20.4","8","8.2","8.6","ponderosa pine"
"2263","8/2/2023",68,"ABCO","25","",NA,NA,3.6,3.4,"3.6","0.65","","","ponderosa pine"
"2264","8/2/2023",68,"ABCO","22","",NA,NA,5,5,"5.2","","","","ponderosa pine"
"2265","8/2/2023",68,"PIPO","165","",NA,NA,20.2,20.8,"21","7.2","7.2","7.4","ponderosa pine"
"2266","8/2/2023",68,"PSME","92","90",156,NA,15.8,15.8,"15.4","1.75","","","ponderosa pine"
"2267","8/2/2023",69,"PIPO","74","",NA,NA,12.8,13,"12.6","1.02","","","mixed conifer"
"2268","8/2/2023",69,"PSME","22","",NA,NA,2.2,2.2,"2","0.01","","","mixed conifer"
"2269","8/2/2023",69,"PSME","125","",NA,NA,20.4,19.8,"20.4","1.1","","","mixed conifer"
"2270","8/2/2023",69,"PSME","15","",NA,NA,1.98,NA,"","0.01","","","mixed conifer"
"2271","8/2/2023",69,"PSME","19","",NA,NA,2.48,NA,"","0.01","","","mixed conifer"
"2272","8/2/2023",69,"PSME","23","",NA,NA,3,3.4,"3.2","0.01","","","mixed conifer"
"2273","8/2/2023",69,"PSME","151","",NA,NA,23,23,"23","9.4","9.6","10.6","mixed conifer"
"2274","8/2/2023",69,"PSME","43","",NA,NA,5,5.2,"5.4","0.01","","","mixed conifer"
"2275","8/2/2023",69,"PIPO","165","",NA,NA,23.8,23.6,"23.4","7.8","8","8.2","mixed conifer"
"2276","8/2/2023",69,"PSME","52","",NA,NA,9.8,9.8,"9.4","0.01","","","mixed conifer"
"2277","8/2/2023",69,"PSME","83","",NA,NA,14,14.4,"14.4","0.01","","","mixed conifer"
"2278","8/2/2023",69,"PSME","25","",NA,NA,3.4,3.2,"3.4","1.29","","","mixed conifer"
"2279","8/2/2023",69,"PSME","83","",NA,NA,11.4,11.8,"12","0.27","","","mixed conifer"
"2280","8/2/2023",69,"PSME","119","",NA,NA,19.8,19,"20.2","4.6","4.2","4.6","mixed conifer"
"2281","8/2/2023",69,"PSME","47","",NA,NA,9,9,"9.2","2.4","2.4","2.4","mixed conifer"
"2282","8/2/2023",69,"PSME","39","",NA,NA,3.8,4,"4","0.01","","","mixed conifer"
"2283","8/2/2023",69,"PSME","56","",NA,NA,7.2,7.2,"7.4","","","","mixed conifer"
"2284","8/2/2023",69,"PSME","64","",NA,NA,9.4,9.8,"9.8","","","","mixed conifer"
"2285","8/2/2023",69,"PSME","118","112",182,NA,16.8,16.8,"16.8","3","3","3","mixed conifer"
"2286","8/2/2023",69,"PSME","16","",NA,NA,2.4,2.2,"2.2","0.01","","","mixed conifer"
"2287","8/2/2023",69,"PSME","33","",NA,NA,4.4,4.6,"4.6","0.19","","","mixed conifer"
"2288","8/2/2023",69,"PSME","19","",NA,NA,2.8,2.6,"2.4","0.51","","","mixed conifer"
"2289","8/2/2023",69,"PSME","16","",NA,NA,2,2,"1.8","0.66","","","mixed conifer"
"2290","8/2/2023",69,"PSME","39","",NA,NA,4,4,"4","0.01","","","mixed conifer"
"2291","8/2/2023",69,"PSME","35","",NA,NA,4,4.4,"4","0.01","","","mixed conifer"
"2292","8/2/2023",69,"PSME","69","",NA,NA,8.8,8.8,"8.8","1.21","","","mixed conifer"
"2293","8/2/2023",69,"PSME","35","",NA,NA,4.8,4.8,"5","0.5","","","mixed conifer"
"2294","8/2/2023",69,"PIPO","44","",NA,NA,4.6,4.6,"5","2.8","2.4","2.6","mixed conifer"
"2295","8/2/2023",70,"PSME","39","",NA,NA,4.8,4.8,"4.8","0.35","","","spruce-fir"
"2296","8/2/2023",70,"ABCO","71","",NA,NA,8.6,8.8,"8.4","2.2","","","spruce-fir"
"2297","8/2/2023",70,"PIPO","190","",NA,NA,25.6,26.6,"26.2","9.8","8.8","8.8","spruce-fir"
"2298","8/2/2023",70,"ABCO","104","",NA,NA,15,15.2,"15.2","0.85","","","spruce-fir"
"2299","8/2/2023",70,"ABCO","60","",NA,NA,1.52,NA,"","","","","spruce-fir"
"2300","8/2/2023",70,"ABCO","66","",NA,NA,10.4,10.6,"10.4","0.9","","","spruce-fir"
"2301","8/2/2023",70,"ABCO","51","",NA,NA,7.4,7.4,"7.4","0.05","","","spruce-fir"
"2302","8/2/2023",70,"PSME","17","",NA,NA,1.2,1.4,"1.8","1.27","","","spruce-fir"
"2303","8/2/2023",70,"ABCO","18","",NA,NA,2.2,1.8,"2","0.73","","","spruce-fir"
"2304","8/2/2023",70,"ABCO","36","",NA,NA,2.8,2.6,"2.8","0.72","","","spruce-fir"
"2305","8/2/2023",70,"ABCO","17","",NA,NA,1.2,1.4,"1.8","0.26","","","spruce-fir"
"2306","8/2/2023",70,"QUGA","18","",NA,NA,3.2,3.4,"2.8","2.03","","","spruce-fir"
"2307","8/2/2023",70,"QUGA","22","",NA,NA,4.6,4.4,"4.2","","","","spruce-fir"
"2308","8/2/2023",70,"QUGA","24","",NA,NA,3.4,3.2,"3.4","1.3","","","spruce-fir"
"2309","8/2/2023",70,"QUGA","14","",NA,NA,2.07,NA,"","","","","spruce-fir"
"2310","8/2/2023",70,"ABCO","36","",NA,NA,4.8,4.6,"4.6","1","","","spruce-fir"
"2311","8/2/2023",70,"ABCO","105","",NA,NA,14.8,15.2,"15","0.91","","","spruce-fir"
"2312","8/2/2023",70,"JUSC2","41","",NA,NA,5.8,5.6,"6","2.6","2.6","2.4","spruce-fir"
"2313","8/2/2023",70,"ABCO","40","",NA,NA,6.4,6.4,"7.6","","","","spruce-fir"
"2314","8/2/2023",70,"ABCO","18","",NA,NA,3,3.2,"3","","","","spruce-fir"
"2315","8/2/2023",70,"ABCO","36","23",17,NA,3.6,3.6,"3.6","0.1","","","spruce-fir"
"2316","8/2/2023",70,"ABCO","38","25",21,NA,4.2,4.2,"4.2","0.73","","","spruce-fir"
"2317","8/2/2023",70,"JUSC2","35","",NA,NA,4.6,4.8,"4.6","2.6","2.8","2.6","spruce-fir"
"2318","8/2/2023",70,"QUGA","19","",NA,NA,2.8,2.8,"2.2","2.6","","","spruce-fir"
"2319","8/2/2023",70,"ABCO","27","",NA,NA,2.4,2.4,"2.4","0.36","","","spruce-fir"
"2320","8/2/2023",70,"ABCO","19","",NA,NA,2.8,2.8,"2.8","0.01","","","spruce-fir"
"2321","8/2/2023",70,"ABCO","31","",NA,NA,3.8,4,"4","0.01","","","spruce-fir"
"2322","8/2/2023",70,"JUSC2","90","",NA,NA,10.2,10.4,"10.6","2.18","","","spruce-fir"
"2323","8/2/2023",70,"ABCO","18","",NA,NA,2.4,2.4,"2.4","0.45","","","spruce-fir"
"2324","8/2/2023",70,"ABCO","14","",NA,NA,2.12,NA,"","0.3","","","spruce-fir"
"2325","8/2/2023",70,"ABCO","22","",NA,NA,3,3.2,"3","1.01","","","spruce-fir"
"2326","8/2/2023",70,"ABCO","26","",NA,NA,3.2,3.4,"3.4","0.7","","","spruce-fir"
"2327","8/2/2023",70,"ABCO","20","",NA,NA,2.8,3,"2.8","0.32","","","spruce-fir"
"2328","8/2/2023",70,"ABCO","116","",NA,NA,13.2,13.4,"13.6","","","","spruce-fir"
"2329","8/2/2023",70,"JUSC2","40","",NA,NA,3.6,3.4,"3.6","","","","spruce-fir"
"2330","8/2/2023",70,"ABCO","29","",NA,NA,3.2,3.6,"3.6","0.96","","","spruce-fir"
"2331","8/2/2023",70,"ABCO","81","",NA,NA,3.4,3.4,"3.4","","","","spruce-fir"
"2332","8/2/2023",70,"ABCO","32","",NA,NA,3.6,3.4,"3.6","0.1","","","spruce-fir"
"2333","8/2/2023",70,"PSME","16","",NA,NA,2.6,2.4,"2.4","0.41","","","spruce-fir"
"2334","8/2/2023",70,"ABCO","15","",NA,NA,3.4,3.6,"3.2","0.22","","","spruce-fir"
"2335","8/2/2023",70,"ABCO","18","",NA,NA,3,3,"3","0.42","","","spruce-fir"
"2336","8/2/2023",70,"ABCO","41","",NA,NA,4.6,4.8,"4.6","0.05","","","spruce-fir"
"2337","8/2/2023",70,"JUSC2","82","",NA,NA,6.4,6.8,"7","0.73","","","spruce-fir"
"2338","8/2/2023",70,"ABCO","14","",NA,NA,2.4,2.6,"2.6","","","","spruce-fir"
"2339","8/2/2023",70,"QUGA","18","",NA,NA,2.8,2.8,"2.8","","","","spruce-fir"
"2340","8/2/2023",71,"PSME","37","",NA,NA,6.2,6.4,"6.4","1.69","","","ponderosa pine"
"2341","8/2/2023",71,"ABCO","72","",NA,NA,9.6,9.2,"9.6","1.17","","","ponderosa pine"
"2342","8/2/2023",71,"PIPO","48","",NA,NA,8.8,8.6,"8.8","4.8","4.4","4.8","ponderosa pine"
"2343","8/2/2023",71,"PSME","24","",NA,NA,4.8,4.6,"4.8","0.27","","","ponderosa pine"
"2344","8/2/2023",71,"PSME","18","",NA,NA,2.8,3.2,"3.4","","","","ponderosa pine"
"2345","8/2/2023",71,"PSME","55","",NA,NA,8.2,8.4,"9","3.6","3.6","3.6","ponderosa pine"
"2346","8/2/2023",71,"PIPO","42","",NA,NA,10,10,"10.2","2.8","3","2.6","ponderosa pine"
"2347","8/2/2023",71,"PIPO","34","",NA,NA,6.6,6.6,"6.2","2.27","","","ponderosa pine"
"2348","8/2/2023",71,"JUSC2","24","",NA,NA,3,3.2,"3.4","","","","ponderosa pine"
"2349","8/2/2023",71,"PIPO","81","",NA,NA,14.6,13.8,"13.4","4.4","4.6","4.4","ponderosa pine"
"2350","8/2/2023",71,"JUSC2","20","",NA,NA,4.2,3.8,"4","0.3","","","ponderosa pine"
"2351","8/2/2023",71,"PSME","17","",NA,NA,2.4,2.6,"2.6","","","","ponderosa pine"
"2352","8/2/2023",71,"JUSC2","14","",NA,NA,2.6,2.6,"2.6","0.18","","","ponderosa pine"
"2353","8/2/2023",71,"JUSC2","109","",NA,NA,6.8,7,"6.4","0.01","","","ponderosa pine"
"2354","8/2/2023",71,"ABCO","40","",NA,NA,6,6,"6","0.01","","","ponderosa pine"
"2355","8/2/2023",71,"PSME","16","",NA,NA,2.8,2.6,"2.8","0.82","","","ponderosa pine"
"2356","8/2/2023",71,"PSME","33","",NA,NA,5.6,5.8,"5.6","1.6","","","ponderosa pine"
"2357","8/2/2023",71,"PSME","33","",NA,NA,6,6.2,"5.8","","","","ponderosa pine"
"2358","8/2/2023",71,"PSME","27","",NA,NA,5,5.2,"4.6","0.66","","","ponderosa pine"
"2359","8/2/2023",71,"JUSC2","35","",NA,NA,5.2,5,"5","0.26","","","ponderosa pine"
"2360","8/2/2023",71,"PSME","17","",NA,NA,2.2,2.2,"2.4","","","","ponderosa pine"
"2361","8/2/2023",71,"JUSC2","18","15",37,NA,2.6,2.6,"2.6","0.55","","","ponderosa pine"
"2362","8/2/2023",71,"PSME","35","",NA,NA,6.2,6,"5.8","0.15","","","ponderosa pine"
"2363","8/2/2023",71,"PIPO","198","",NA,NA,20,20.8,"20.4","4.8","","4.4","ponderosa pine"
"2364","8/2/2023",71,"PIPO","42","",NA,NA,6.6,6.8,"6.8","1.91","","","ponderosa pine"
"2365","8/2/2023",71,"JUSC2","16","",NA,NA,2.8,2.8,"2.8","1.36","","","ponderosa pine"
"2366","8/2/2023",71,"PSME","19","",NA,NA,3.4,3.4,"3.4","0.66","","","ponderosa pine"
"2367","8/2/2023",71,"JUSC2","20","",NA,NA,3.2,3.2,"3.2","0.1","","","ponderosa pine"
"2368","8/2/2023",71,"PSME","27","",NA,NA,3.8,4,"4.2","0.01","","","ponderosa pine"
"2369","8/2/2023",71,"PSME","25","",NA,NA,3.6,3.8,"3.6","0.35","","","ponderosa pine"
"2370","8/2/2023",71,"PSME","20","",NA,NA,3.4,3.2,"3.4","0.1","","","ponderosa pine"
"2371","8/2/2023",71,"PSME","30","",NA,NA,5,5.2,"5.2","0.74","","","ponderosa pine"
"2372","8/2/2023",71,"PSME","21","",NA,NA,4.2,4,"4","1.04","","","ponderosa pine"
"2373","8/2/2023",71,"JUSC2","15","",NA,NA,3.8,3.6,"3.8","0.01","","","ponderosa pine"
"2374","8/2/2023",71,"PSME","16","",NA,NA,4.2,4.2,"4.2","0.2","","","ponderosa pine"
"2375","8/2/2023",71,"PSME","28","",NA,NA,5,4.8,"4.6","0.34","","","ponderosa pine"
"2376","8/2/2023",71,"PSME","32","",NA,NA,4.8,5,"4.8","","","","ponderosa pine"
"2377","8/2/2023",71,"PIPo","43","",NA,NA,7.4,7.6,"7.6","2.6","2.2","2.2","ponderosa pine"
"2378","8/2/2023",71,"ABCO","43","",NA,NA,7,7,"6.6","1.48","","","ponderosa pine"
"2379","8/2/2023",71,"ABCO","56","",NA,NA,7,6.8,"7.2","0.09","","","ponderosa pine"
"2380","8/2/2023",71,"PSME","42","",NA,NA,6.4,6.6,"6.4","0.01","","","ponderosa pine"
"2381","8/2/2023",72,"PIPO","81","",NA,NA,10.4,10.8,"11.2","1.45","","","ponderosa pine"
"2382","8/2/2023",72,"PIPO","164","",NA,NA,19,19,"19","2","2.2","2.2","ponderosa pine"
"2383","8/2/2023",72,"JUSC2","22","",NA,NA,2.6,2.6,"2.4","0.1","","","ponderosa pine"
"2384","8/2/2023",72,"PIPO","187","",NA,NA,23,23.2,"23.6","4.4","4.2","4.2","ponderosa pine"
"2385","8/2/2023",72,"PIFL2","51","",NA,NA,6.4,6.2,"6.6","0.31","","","ponderosa pine"
"2386","8/2/2023",72,"ABCO","33","",NA,NA,6,5.8,"5.2","0.01","","","ponderosa pine"
"2387","8/2/2023",72,"PSME","28","",NA,NA,5,4.4,"4.8","0.93","","","ponderosa pine"
"2388","8/2/2023",72,"ABCO","19","",NA,NA,2.6,2.8,"2.6","0.2","","","ponderosa pine"
"2389","8/2/2023",72,"JUSC2","46","20",NA,NA,6.2,6.4,"6.8","0.1","","","ponderosa pine"
"2390","8/2/2023",72,"PSME","20","",NA,NA,3.2,NA,"3.2","1.14","","","ponderosa pine"
"2391","8/2/2023",72,"ABCO","21","",NA,NA,3,3,"2.8","0.1","","","ponderosa pine"
"2392","8/2/2023",72,"ABCO","15","",NA,NA,2.4,2.6,"2.6","0.01","","","ponderosa pine"
"2393","8/2/2023",72,"ABCO","19","",NA,NA,2.6,2.8,"2.6","0.07","","","ponderosa pine"
"2394","8/2/2023",72,"PIPO","135","",NA,NA,18.8,18.8,"19","3.6","3.6","3.4","ponderosa pine"
"2395","8/2/2023",72,"PIPO","51","",NA,NA,6.6,6.6,"6.8","1.05","","","ponderosa pine"
"2396","8/2/2023",72,"PIPO","110","",NA,NA,16.6,17,"16.8","1.95","","","ponderosa pine"
"2397","8/2/2023",72,"PIPO","45","",NA,NA,9,9.2,"8.8","1.68","","","ponderosa pine"
"2398","8/2/2023",72,"PIPO","25","28",63,NA,5.8,5.8,"5.8","1.33","","","ponderosa pine"
"2399","8/2/2023",72,"PIPO","13","",NA,NA,2.31,NA,"","0.28","","","ponderosa pine"
"2400","8/2/2023",72,"PSME","16","",NA,NA,2.4,2.4,"2.4","0.1","","","ponderosa pine"
"2401","8/2/2023",72,"PIPO","53","",NA,NA,10.8,11.2,"11","2.25","","","ponderosa pine"
"2402","8/2/2023",72,"PSME","34","",NA,NA,5.6,5.4,"5.6","1.12","","","ponderosa pine"
"2403","8/2/2023",72,"PSME","25","",NA,NA,4.8,4.8,"4.6","0.63","","","ponderosa pine"
"2404","8/2/2023",72,"PIPO","18","",NA,NA,2.8,2.8,"2.8","0.45","","","ponderosa pine"
"2405","8/2/2023",72,"PIPO","89","",NA,NA,12.6,12,"12","2.33","","","ponderosa pine"
"2406","8/2/2023",72,"PIPO","41","",NA,NA,8.4,8.6,"8.6","1.13","","","ponderosa pine"
"2407","8/2/2023",72,"ABCO","25","",NA,NA,4.6,4.6,"4.8","0.28","","","ponderosa pine"
"2408","8/2/2023",72,"PSME","78","24",105,NA,11.6,11.6,"12.2","0.65","","","ponderosa pine"
"2409","8/2/2023",72,"ABCO","13","",NA,NA,2.6,2.4,"2.4","0.01","","","ponderosa pine"
"2410","8/2/2023",72,"PSME","45","",NA,NA,7.4,7.2,"7.4","0.74","","","ponderosa pine"
"2411","8/3/2023",73,"PIPO","146","",NA,NA,12.8,12.4,"12.2","","","","spruce-fir"
"2412","8/3/2023",73,"ABCO","17","",NA,NA,2.4,2.2,"2.4","0.01","","","spruce-fir"
"2413","8/3/2023",73,"ABCO","64","",NA,NA,2,2.2,"2.2","","","","spruce-fir"
"2414","8/3/2023",73,"ABCO","64","",NA,NA,7.8,7.8,"8","0.1","","","spruce-fir"
"2415","8/3/2023",73,"ABCO","24","",NA,NA,4.6,4.4,"4.2","3.2","3.6","3.2","spruce-fir"
"2416","8/3/2023",73,"ABCO","26","",NA,NA,3.6,3,"3","","","","spruce-fir"
"2417","8/3/2023",73,"PIPO","146","",NA,NA,11.4,11.2,"11.2","6.6","6.6","6.6","spruce-fir"
"2418","8/3/2023",73,"ABCO","121","",NA,NA,8.2,9,"9","2.4","2.4","2.6","spruce-fir"
"2419","8/3/2023",73,"ABCO","20","",NA,NA,2.8,2.4,"2.2","1.11","","","spruce-fir"
"2420","8/3/2023",73,"PIFL2","85","",NA,NA,12.8,12.6,"12.4","0.21","","","spruce-fir"
"2421","8/3/2023",73,"PIFL2","201","",NA,NA,17.2,17.8,"17.2","0.85","","","spruce-fir"
"2422","8/3/2023",73,"ABCO","29","",NA,NA,3.6,3.2,"3","0.01","","","spruce-fir"
"2423","8/3/2023",73,"PIFL2","37","",NA,NA,5.6,6,"6.8","1.35","","","spruce-fir"
"2424","8/3/2023",73,"PSME","25","",NA,NA,4,4,"3.6","0.26","","","spruce-fir"
"2425","8/3/2023",73,"PSME","69","",NA,NA,9.2,9.2,"9.2","0.45","","","spruce-fir"
"2426","8/3/2023",73,"PSME","30","",NA,NA,3,3,"3","0.18","","","spruce-fir"
"2427","8/3/2023",73,"ABCO","16","",NA,NA,2.4,2.4,"2.4","0.01","","","spruce-fir"
"2428","8/3/2023",73,"PIFL2","151","",NA,NA,5.6,5.6,"5.6","0.93","","","spruce-fir"
"2429","8/3/2023",73,"ABCO","89","57",140,NA,11,10.6,"10.4","1.11","","","spruce-fir"
"2430","8/3/2023",73,"PIFL2","81","",NA,NA,12.8,12.8,"13.2","2.6","3","3","spruce-fir"
"2431","8/3/2023",73,"PSME","35","",NA,NA,5.8,5.6,"5.6","0.01","","","spruce-fir"
"2432","8/3/2023",73,"PSME","53","",NA,NA,4.6,4.4,"4.4","","","","spruce-fir"
"2433","8/3/2023",73,"PIFL2","26","",NA,NA,3.8,4.2,"4.2","0.24","","","spruce-fir"
"2434","8/3/2023",73,"ABCO","24","",NA,NA,3.4,3.4,"3.4","0.01","","","spruce-fir"
"2435","8/3/2023",74,"JUSC2","45","",NA,NA,4.2,4.2,"4.2","1.18","","","ponderosa pine"
"2436","8/3/2023",74,"PIPO","33","",NA,NA,6,6.2,"6","2.25","","","ponderosa pine"
"2437","8/3/2023",74,"PIFL2","48","",NA,NA,8,8.2,"8","1.6","","","ponderosa pine"
"2438","8/3/2023",74,"ABCO","22","",NA,NA,3.6,3.4,"3.6","0.86","","","ponderosa pine"
"2439","8/3/2023",74,"ABCO","80","",NA,NA,11.4,10.8,"11.4","0.01","","","ponderosa pine"
"2440","8/3/2023",74,"PIPO","70","",NA,NA,10.2,10.2,"10.4","4.2","4.2","4.2","ponderosa pine"
"2441","8/3/2023",74,"ABCO","29","38",60,NA,6.4,6.6,"6.4","0.01","","","ponderosa pine"
"2442","8/3/2023",74,"ABCO","63","",NA,NA,6.2,6.4,"6.2","0.36","","","ponderosa pine"
"2443","8/3/2023",74,"PIPO","88","",NA,NA,16.6,16.6,"16.6","1.63","","","ponderosa pine"
"2444","8/3/2023",74,"ABCO","20","",NA,NA,2,2.2,"2.2","0.39","","","ponderosa pine"
"2445","8/3/2023",74,"JUSC2","34","",NA,NA,3.4,3.2,"3.2","0.3","","","ponderosa pine"
"2446","8/3/2023",74,"PIPO","114","",NA,NA,18.2,18.4,"19","4.6","4.6","4.8","ponderosa pine"
"2447","8/3/2023",74,"JUSC2","17","",NA,NA,2.6,2.6,"2.6","0.05","","","ponderosa pine"
"2448","8/3/2023",74,"JUSC2","22","",NA,NA,4.2,4,"4","0.01","","","ponderosa pine"
"2449","8/3/2023",74,"PIPO","69","",NA,NA,10,10,"9.8","1.48","","","ponderosa pine"
"2450","8/3/2023",74,"ABCO","13","",NA,NA,2.8,3,"2.6","0.01","","","ponderosa pine"
"2451","8/3/2023",74,"PSME","31","",NA,NA,4.6,4.4,"5","2.23","","","ponderosa pine"
"2452","8/3/2023",74,"JUSC2","30","",NA,NA,4,4.2,"4","0.01","","","ponderosa pine"
"2453","8/3/2023",74,"ABCO","22","",NA,NA,4.2,4.4,"3.8","0.13","","","ponderosa pine"
"2454","8/3/2023",74,"ABCO","36","",NA,NA,6.8,6.8,"6.8","0.87","","","ponderosa pine"
"2455","8/3/2023",74,"ABCO","26","",NA,NA,5,5.4,"5.2","1.17","","","ponderosa pine"
"2456","8/3/2023",74,"JUSC2","28","",NA,NA,5.4,5.4,"5.4","0.83","","","ponderosa pine"
"2457","8/3/2023",74,"PIPO","115","",NA,NA,14,14.6,"14.4","1.2","","","ponderosa pine"
"2458","8/3/2023",74,"PSME","40","",NA,NA,6.2,6,"6.6","0.18","","","ponderosa pine"
"2459","8/3/2023",74,"PIPO","143","",NA,NA,16.6,16.6,"17","2.15","","","ponderosa pine"
"2460","8/3/2023",74,"ABCO","73","",NA,NA,12,12.2,"12","0.01","","","ponderosa pine"
"2461","8/3/2023",74,"JUSC2","27","",NA,NA,4.2,4,"4","0.1","","","ponderosa pine"
"2462","8/3/2023",74,"ABCO","26","",NA,NA,4.6,4.6,"4.8","0.01","","","ponderosa pine"
"2463","8/3/2023",74,"PIFL2","43","",NA,NA,8,8,"7.6","1.16","","","ponderosa pine"
"2464","8/3/2023",74,"JUSC2","20","",NA,NA,4.2,4.2,"4.4","0.01","","","ponderosa pine"
"2465","8/7/2023",75,"PIED","40","",NA,NA,8,8.4,"7.8","5.6","5.6","5.8","ponderosa pine"
"2466","8/7/2023",75,"PIED","74","",NA,NA,10.8,11,"11.4","6","6.4","5.8","ponderosa pine"
"2467","8/7/2023",75,"PIED","87","",NA,NA,12.2,11.8,"12.6","5.8","5.2","5.4","ponderosa pine"
"2468","8/7/2023",75,"PIPO","110","",NA,NA,15.2,15,"14.6","8.2","7.8","8","ponderosa pine"
"2469","8/7/2023",75,"PIPO","140","",NA,NA,20,21,"20.6","8.4","8.4","8.6","ponderosa pine"
"2470","8/7/2023",75,"PIPO","138","",NA,NA,18.6,18.2,"18","5.6","6","5.8","ponderosa pine"
"2471","8/7/2023",75,"PIPO","39","",NA,NA,7.6,7.8,"8","3.6","3.8","3.4","ponderosa pine"
"2472","8/7/2023",75,"PIED","114","",NA,NA,15.6,15.2,"15.4","5.6","5.8","6","ponderosa pine"
"2473","8/7/2023",75,"PIED","73","",NA,NA,11.4,11.2,"11.2","7.4","7.4","7","ponderosa pine"
"2474","8/7/2023",75,"PIED","128","",NA,NA,12.2,12.6,"12.8","4","3.6","3.6","ponderosa pine"
"2475","8/7/2023",76,"PIPO","166","",NA,NA,18.8,18.4,"18.6","3.6","3.4","3.4","ponderosa pine"
"2476","8/7/2023",76,"PIPO","125","",NA,NA,14.2,14.4,"14.4","6.2","6.2","6.2","ponderosa pine"
"2477","8/7/2023",76,"PIPO","95","",NA,NA,12.8,12.4,"12.2","4.8","5","5","ponderosa pine"
"2478","8/7/2023",76,"PIPO","143","",NA,NA,15,15,"15.2","5.2","5","5","ponderosa pine"
"2479","8/7/2023",76,"PSME","20","",NA,NA,13,12.8,"12.8","3.8","3.8","4","ponderosa pine"
"2480","8/7/2023",76,"PSME","48","",NA,NA,10.2,10,"9.8","3.6","3.6","3.2","ponderosa pine"
"2481","8/7/2023",76,"PSME","109","",NA,NA,14.8,14.8,"15.2","5","5","4","ponderosa pine"
"2482","8/7/2023",77,"PIPO","73","",NA,NA,10,10.2,"10.2","2.2","2.2","2.2","pinyon-juniper"
"2483","8/7/2023",77,"PIPO","16","",NA,NA,2.51,NA,"","0.16","","","pinyon-juniper"
"2484","8/7/2023",77,"PIED","56","",NA,NA,6.8,6.8,"6.8","0.82","","","pinyon-juniper"
"2485","8/7/2023",77,"PIPO","13","",NA,NA,2.15,NA,"","0.48","","","pinyon-juniper"
"2486","8/7/2023",77,"PIPO","13","",NA,NA,2.16,NA,"","0.12","","","pinyon-juniper"
"2487","8/7/2023",77,"PIPO","135","",NA,NA,13.8,13.6,"13.8","5.6","5.4","5.6","pinyon-juniper"
"2488","8/7/2023",77,"PIED","102","",NA,NA,8.4,8.4,"8.6","2.4","2.6","2.4","pinyon-juniper"
"2489","8/7/2023",77,"PIPO","75","",NA,NA,10.6,10.2,"10.6","4.2","4.4","4.2","pinyon-juniper"
"2490","8/7/2023",77,"PIPO","61","",NA,NA,8.2,8.2,"8.4","3.8","3.8","3.8","pinyon-juniper"
"2491","8/7/2023",77,"PIED","80","",NA,NA,8,7.8,"8","1.74","","","pinyon-juniper"
"2492","8/7/2023",77,"PIED","73","",NA,NA,7.6,7.8,"7.8","2.6","2.8","2.6","pinyon-juniper"
"2493","8/7/2023",77,"PIED","47","",NA,NA,6.2,6.2,"6","2.2","2.2","1.8","pinyon-juniper"
"2494","8/7/2023",77,"PIED","61","",NA,NA,6.6,6.6,"6.4","2.6","2.4","2.6","pinyon-juniper"
"2495","8/7/2023",77,"PIED","67","",NA,NA,6,6,"5.8","","","","pinyon-juniper"
"2496","8/7/2023",77,"PIED","84","",NA,NA,8.8,9.2,"9","0.96","","","pinyon-juniper"
"2497","8/7/2023",78,"PIED","84","",NA,NA,7.8,8.2,"8.2","1.95","","","ponderosa pine"
"2498","8/7/2023",78,"PIPO","62","",NA,NA,8.2,8.2,"8","2.13","","","ponderosa pine"
"2499","8/7/2023",78,"PIED","69","",NA,NA,6.4,6.6,"6.4","1.92","","","ponderosa pine"
"2500","8/7/2023",78,"PIPO","132","",NA,NA,15.8,15.8,"16.2","5","5","5.2","ponderosa pine"
"2501","8/7/2023",78,"PIPO","61","",NA,NA,7.8,7.6,"7.6","2.4","","","ponderosa pine"
"2502","8/7/2023",78,"PIED","13","",NA,NA,2.73,NA,"","0.01","","","ponderosa pine"
"2503","8/7/2023",78,"PIED","36","",NA,NA,2.6,2.4,"2.6","0.14","","","ponderosa pine"
"2504","8/7/2023",78,"PIED","74","",NA,NA,7.8,7.4,"7.8","1.92","","","ponderosa pine"
"2505","8/7/2023",78,"PIED","55","",NA,NA,6.6,6.6,"6.8","1.75","","","ponderosa pine"
"2506","8/7/2023",79,"PIPO","60","",NA,NA,7.6,7.6,"7.6","2.55","","","ponderosa pine"
"2507","8/7/2023",79,"PIPO","80","",NA,NA,9,8.6,"8.8","2.2","2.4","2.4","ponderosa pine"
"2508","8/7/2023",79,"PIPO","101","",NA,NA,13.2,13.2,"13","3","3","3.2","ponderosa pine"
"2509","8/7/2023",79,"PIPO","126","",NA,NA,13,13,"12.6","5","4.8","4.8","ponderosa pine"
"2510","8/7/2023",79,"PIPO","73","",NA,NA,8.8,8.8,"8.6","3.6","4","4","ponderosa pine"
"2511","8/7/2023",79,"PIPO","80","",NA,NA,8,8.2,"8.2","3.2","3","3.2","ponderosa pine"
"2512","8/7/2023",79,"PSME","57","",NA,NA,8.6,8.8,"9","1.85","","","ponderosa pine"
"2513","8/7/2023",79,"PIPO","69","",NA,NA,9.6,9.6,"9.4","4.6","4.8","4.8","ponderosa pine"
"2514","8/7/2023",79,"PIPO","76","",NA,NA,8.2,8.2,"8.2","2.8","2.6","2.6","ponderosa pine"
"2515","8/7/2023",80,"PIPO","110","",NA,NA,13.4,13.8,"14","4.6","4.2","4.4","ponderosa pine"
"2516","8/7/2023",80,"PSME","161","",NA,NA,14.2,14.2,"14","2","2.2","2.2","ponderosa pine"
"2517","8/7/2023",80,"PIPO","180","",NA,NA,17.6,17.8,"18","4.2","3.8","3.8","ponderosa pine"
"2518","8/7/2023",80,"PIPO","160","",NA,NA,15.4,15.4,"15.6","5.2","5","4.8","ponderosa pine"
"2519","8/7/2023",80,"PIPO","141","",NA,NA,15.8,16,"16.2","6.8","6.6","6.2","ponderosa pine"
"2520","8/7/2023",80,"PIPO","120","",NA,NA,15,15,"14.8","6.4","5.6","5.8","ponderosa pine"
"2521","8/7/2023",81,"PIPO","152","",NA,NA,16.2,16.6,"17","","","","ponderosa pine"
"2522","8/7/2023",81,"PIPO","47","",NA,NA,7,7,"6.8","1.36","","","ponderosa pine"
"2523","8/7/2023",81,"PIPO","90","",NA,NA,15.6,15.4,"15","6.6","6.8","6.6","ponderosa pine"
"2524","8/7/2023",81,"PIPO","143","",NA,NA,19.6,19.6,"20.4","8.4","7.6","7.8","ponderosa pine"
"2525","8/7/2023",81,"PIPO","57","",NA,NA,9.2,8.6,"8.6","2.8","2.6","2.8","ponderosa pine"
"2526","8/7/2023",81,"PIPO","69","",NA,NA,10.2,10,"10.4","2.4","2.6","2.4","ponderosa pine"
"2527","8/7/2023",81,"QUGA","13","",NA,NA,3,3,"2.8","0.01","","","ponderosa pine"
"2528","8/9/2023",82,"PIPO","119","",NA,NA,17.2,17.2,"16.4","3","2.8","3","ponderosa pine"
"2529","8/9/2023",82,"PIPO","86","",NA,NA,14.2,14.2,"14.4","7.6","7.6","7.4","ponderosa pine"
"2530","8/9/2023",82,"PIPO","154","",NA,NA,17,17.2,"17.6","6.4","6","6.2","ponderosa pine"
"2531","8/9/2023",82,"PIPO","110","",NA,NA,15.8,16,"15.8","4.2","4","4","ponderosa pine"
"2532","8/9/2023",82,"PIPO","43","",NA,NA,8,8,"8.6","2.13","","","ponderosa pine"
"2533","8/9/2023",82,"PIPO","86","",NA,NA,13,12.8,"13","3.4","3","3","ponderosa pine"
"2534","8/9/2023",82,"PIPO","123","",NA,NA,19.8,19.8,"18.8","5.8","5.6","5.6","ponderosa pine"
"2535","8/9/2023",82,"PIPO","107","",NA,NA,15.8,16,"16","9.2","9.4","9.4","ponderosa pine"
"2536","8/9/2023",83,"PSME","131","",NA,NA,17.2,17.4,"16.8","4.6","4.6","4.4","ponderosa pine"
"2537","8/9/2023",83,"PIPO","98","",NA,NA,16.2,15.4,"15.6","5.8","5.8","5.4","ponderosa pine"
"2538","8/9/2023",83,"PIPO","100","",NA,NA,16.8,17,"17.2","5.6","5.6","5.6","ponderosa pine"
"2539","8/9/2023",83,"PIPO","89","",NA,NA,12.6,13,"13","3.4","3.4","3.4","ponderosa pine"
"2540","8/9/2023",83,"PIPO","82","",NA,NA,14.4,14,"14.2","6.2","6.4","6.2","ponderosa pine"
"2541","8/9/2023",83,"PSME","108","",NA,NA,17.8,17,"16.8","4.6","4.8","4.6","ponderosa pine"
"2542","8/9/2023",83,"PSME","112","",NA,NA,16.8,17.2,"17.4","7","6.6","6.6","ponderosa pine"
"2543","8/9/2023",83,"PIPO","113","",NA,NA,17.4,17.2,"17.8","6.8","6.8","6.6","ponderosa pine"
"2544","8/9/2023",83,"PIPO","115","",NA,NA,14.6,14.8,"14.6","3.8","3.8","4","ponderosa pine"
"2545","8/9/2023",84,"PIPO","120","",NA,NA,16.6,17.2,"17.2","4.4","4.6","4.4","ponderosa pine"
"2546","8/9/2023",84,"PIPO","110","",NA,NA,16.6,16.6,"16.6","4","4","4","ponderosa pine"
"2547","8/9/2023",84,"PIPO","95","",NA,NA,17.4,16.8,"16.6","7","6.6","7","ponderosa pine"
"2548","8/9/2023",84,"PIPO","127","",NA,NA,15.4,16,"15.8","","","","ponderosa pine"
"2549","8/9/2023",84,"PIPO","101","",NA,NA,16.6,16.4,"16.4","3.8","3.8","3.2","ponderosa pine"
"2550","8/9/2023",84,"PIPO","104","",NA,NA,14,14,"13.4","3.2","3.2","3.4","ponderosa pine"
"2551","8/9/2023",85,"PIPO","101","",NA,NA,17.2,17.2,"17","7.2","7","7","ponderosa pine"
"2552","8/9/2023",85,"PIPO","90","",NA,NA,16.6,16.2,"16.4","10","9.4","9.6","ponderosa pine"
"2553","8/9/2023",85,"PIPO","121","",NA,NA,17.2,17.4,"17.2","5.4","5","5","ponderosa pine"
"2554","8/9/2023",85,"PIPO","112","",NA,NA,18.8,19.2,"19.2","7.8","7.8","7.8","ponderosa pine"
"2555","8/9/2023",85,"PIPO","107","",NA,NA,6.6,6.6,"7","4","3.8","3.8","ponderosa pine"
"2556","8/9/2023",85,"PIPO","114","",NA,NA,17.6,17.2,"17.6","5.6","5.6","5.8","ponderosa pine"
"2557","8/9/2023",85,"PIPO","129","",NA,NA,17.4,17.6,"17","7","7.6","7.4","ponderosa pine"
"2558","8/9/2023",85,"PIPO","128","",NA,NA,17.6,18.4,"18","11","10.8","10.6","ponderosa pine"
"2559","8/9/2023",86,"PIPO","92","",NA,NA,11.8,11.6,"12.2","5.4","5","5","mixed conifer"
"2560","8/9/2023",86,"PIPO","87","",NA,NA,12.8,12.8,"12.8","5","4.8","4.8","mixed conifer"
"2561","8/9/2023",86,"PIPO","103","",NA,NA,15.4,15.4,"15.6","5","5","5","mixed conifer"
"2562","8/9/2023",86,"PSME","82","",NA,NA,12.4,12.6,"12.6","4.2","4.2","4","mixed conifer"
"2563","8/9/2023",86,"PIED","146","",NA,NA,12,11.6,"11.6","3.6","3.6","3.6","mixed conifer"
"2564","8/9/2023",86,"PSME","169","",NA,NA,17.6,17.6,"18.2","4.2","4.2","4","mixed conifer"
"2565","8/9/2023",86,"PSME","99","",NA,NA,14.2,14.6,"14.4","4","4","3.8","mixed conifer"
"2566","8/9/2023",87,"PIPO","55","",NA,NA,8.2,7.8,"7.6","2.2","2.2","2.4","ponderosa pine"
"2567","8/9/2023",87,"PIPO","64","",NA,NA,9.2,9.2,"9.6","3.4","3.4","3.4","ponderosa pine"
"2568","8/9/2023",87,"PIPO","56","",NA,NA,9.6,9.8,"9.8","3.8","3.8","3.8","ponderosa pine"
"2569","8/9/2023",87,"PSME","60","",NA,NA,9.6,9.4,"9.2","3.8","4","3.8","ponderosa pine"
"2570","8/9/2023",87,"PIPO","58","",NA,NA,8.6,9.2,"9","3.8","3.8","3.4","ponderosa pine"
"2571","8/9/2023",87,"PIPO","81","",NA,NA,12,12,"11.8","3.8","4","4","ponderosa pine"
"2572","8/9/2023",87,"PIPO","140","",NA,NA,18.6,19,"19.2","4","4","4.2","ponderosa pine"
"2573","8/9/2023",87,"PIPO","144","",NA,NA,19.2,21,"21","5","5.2","5.2","ponderosa pine"
"2574","8/9/2023",87,"PSME","93","",NA,NA,11.4,11.6,"10.8","2.8","3.2","3","ponderosa pine"
"2575","8/9/2023",87,"PIED","121","",NA,NA,13.4,13.6,"13.2","4.4","4.8","4.6","ponderosa pine"
"2576","8/9/2023",87,"PIED","106","",NA,NA,13.2,13,"13","4.2","4.2","4.2","ponderosa pine"
"2577","8/9/2023",88,"PIPO","99","",NA,NA,13.4,13.2,"13.6","6.2","6","1","ponderosa pine"
"2578","8/9/2023",88,"PIPO","96","",NA,NA,13.4,13,"13","3.8","3.8","3.8","ponderosa pine"
"2579","8/9/2023",88,"PIPO","95","",NA,NA,12.8,13,"13","4.8","4.6","4.2","ponderosa pine"
"2580","8/9/2023",88,"PIPO","118","",NA,NA,14.8,15.2,"14.8","1.6","1.6","1.6","ponderosa pine"
"2581","8/9/2023",88,"PIPO","115","",NA,NA,13,13,"13","4.4","4.6","4","ponderosa pine"
"2582","8/9/2023",88,"PIPO","97","",NA,NA,12.2,12.6,"12.6","4","4","4","ponderosa pine"
"2583","8/9/2023",88,"PIPO","92","",NA,NA,12.6,12.6,"12.4","5","5","5","ponderosa pine"
"2584","8/9/2023",88,"PIPO","113","",NA,NA,13.2,13.6,"13.4","7.4","7.6","7","ponderosa pine"
"2585","8/9/2023",88,"PIPO","71","",NA,NA,11.8,11,"11.4","6.2","6","6.2","ponderosa pine"
"2586","8/9/2023",88,"PIPO","85","",NA,NA,11,11.6,"11.2","3.2","3.2","3.4","ponderosa pine"
"2587","8/9/2023",89,"PIPO","117","",NA,NA,13.8,13.8,"14","5.2","5.2","5.2","ponderosa pine"
"2588","8/9/2023",89,"PIPO","73","",NA,NA,12.6,12.6,"13","7.6","7.6","7.6","ponderosa pine"
"2589","8/9/2023",89,"PIPO","85","",NA,NA,13.2,13.6,"13.6","7.2","7.2","7","ponderosa pine"
"2590","8/9/2023",89,"PIPO","117","",NA,NA,14.2,14,"14","2.2","2","2.2","ponderosa pine"
"2591","8/9/2023",89,"PIPO","17","",NA,NA,2.6,2.6,"2.6","1.33","","","ponderosa pine"
"2592","8/9/2023",89,"PIPO","65","",NA,NA,11.8,12,"12.2","5.4","5.6","5.6","ponderosa pine"
"2593","8/9/2023",89,"PIPO","81","",NA,NA,11.6,11.8,"12","5.8","5.6","5.4","ponderosa pine"
"2594","8/9/2023",89,"PIPO","77","",NA,NA,12,11.8,"11.8","4.2","4.2","4.2","ponderosa pine"
"2595","8/9/2023",89,"PIPO","94","",NA,NA,14.2,14.2,"14","6.2","6","5.8","ponderosa pine"
"2596","8/9/2023",89,"PIPO","113","",NA,NA,15,15,"15.2","6.8","6.4","6.8","ponderosa pine"
"2597","8/9/2023",89,"PIPO","119","",NA,NA,15.4,15.8,"16","3.6","3.8","3.6","ponderosa pine"
"2598","8/10/2023",90,"PIPO","109","",NA,NA,14.2,14,"14.2","3.4","3.2","3.2","ponderosa pine"
"2599","8/10/2023",90,"PIPO","107","",NA,NA,13.2,13.2,"12.8","4.8","4.2","4.4","ponderosa pine"
"2600","8/10/2023",90,"PIPO","119","",NA,NA,15.6,15.2,"15.6","4.4","4","4.4","ponderosa pine"
"2601","8/10/2023",90,"PIPO","104","",NA,NA,12.6,12.6,"12.4","1.98","","","ponderosa pine"
"2602","8/10/2023",90,"PIPO","113","",NA,NA,13.6,13.4,"13.8","6.8","7","6.6","ponderosa pine"
"2603","8/10/2023",90,"PIPO","118","",NA,NA,14.8,14.8,"14.4","5.4","5.4","5.6","ponderosa pine"
"2604","8/10/2023",90,"PIPO","88","",NA,NA,14.8,14.6,"15","5.6","5.6","5.6","ponderosa pine"
"2605","8/10/2023",90,"PIPO","96","",NA,NA,12.6,12.2,"12.6","4.2","3.6","3.8","ponderosa pine"
"2606","8/10/2023",91,"PSME","152","",NA,NA,15.4,15.6,"15.2","6.6","6.2","6","ponderosa pine"
"2607","8/10/2023",91,"PIPO","121","",NA,NA,13.4,13.4,"13.4","6.6","6.8","6.8","ponderosa pine"
"2608","8/10/2023",91,"PIPO","131","",NA,NA,13.4,13.8,"13.8","5","4.6","4.6","ponderosa pine"
"2609","8/10/2023",91,"JUSC2","16","",NA,NA,2.8,3.2,"3.2","0.01","","","ponderosa pine"
"2610","8/10/2023",91,"PIPO","142","",NA,NA,12.8,13.2,"13","2.4","2.6","2.8","ponderosa pine"
"2611","8/10/2023",91,"PIPO","124","",NA,NA,17.4,17.4,"17.4","8.2","7.8","7.8","ponderosa pine"
"2612","8/10/2023",91,"PIPO","118","",NA,NA,13.6,13.2,"13.6","4","4","4","ponderosa pine"
"2613","8/10/2023",91,"PIPO","136","",NA,NA,17.6,18,"18","4.4","46","4.6","ponderosa pine"
"2614","8/10/2023",91,"PIPO","80","",NA,NA,12.8,12.4,"12.6","3.8","3.8","3.4","ponderosa pine"
"2615","8/10/2023",91,"PIPO","140","",NA,NA,13.8,13.4,"13.8","5","5","5","ponderosa pine"
"2616","8/10/2023",91,"PIPO","103","",NA,NA,14.8,15.2,"14.8","3.6","3.4","3.6","ponderosa pine"
"2617","8/10/2023",92,"PIPO","64","",NA,NA,10.8,10.4,"10.6","5.4","5.4","5.2","ponderosa pine"
"2618","8/10/2023",92,"PIPO","71","",NA,NA,10.2,10.4,"10.2","5.8","6","5.8","ponderosa pine"
"2619","8/10/2023",92,"PIPO","75","",NA,NA,11.2,10.8,"11","4.8","5.4","5","ponderosa pine"
"2620","8/10/2023",92,"PIPO","78","",NA,NA,10,10.4,"10.2","4.4","4","4.2","ponderosa pine"
"2621","8/10/2023",92,"PIPO","85","",NA,NA,13.4,13,"13.4","4.8","5.4","5.4","ponderosa pine"
"2622","8/10/2023",92,"PIPO","105","",NA,NA,14.6,14.6,"14.8","4.2","4.2","4.2","ponderosa pine"
"2623","8/10/2023",92,"PIPO","88","",NA,NA,13,12.8,"13","5.6","5.6","5.6","ponderosa pine"
"2624","8/10/2023",92,"PIPO","84","",NA,NA,12,12,"11.8","3.8","3.8","3.8","ponderosa pine"
"2625","8/10/2023",92,"PIPO","73","",NA,NA,11,11.4,"11.6","5.6","5.6","5.6","ponderosa pine"
"2626","8/10/2023",92,"PIPO","90","",NA,NA,12,12,"12","5.8","6.2","5.6","ponderosa pine"
"2627","8/10/2023",92,"PSME","83","",NA,NA,13.4,13.2,"13.2","1.28","","","ponderosa pine"
"2628","8/10/2023",92,"PIPO","77","",NA,NA,12.6,12.4,"12","6.6","7","6.8","ponderosa pine"
"2629","8/10/2023",92,"PIPO","82","",NA,NA,11.6,11.2,"11.6","6.4","6.4","6.2","ponderosa pine"
"2630","8/10/2023",92,"PIPO","99","",NA,NA,12.4,12.2,"12.4","5.2","5.4","5.4","ponderosa pine"
"2631","8/10/2023",92,"PIPO","75","",NA,NA,11.2,11.2,"11","3.4","3.6","3.6","ponderosa pine"
"2632","8/10/2023",93,"PIPO","130","",NA,NA,13.8,13.2,"13.6","3.6","3.6","3.8","ponderosa pine"
"2633","8/10/2023",93,"PSME","49","",NA,NA,10,9.8,"9.8","1","","","ponderosa pine"
"2634","8/10/2023",93,"PIPO","100","",NA,NA,12.2,12.2,"12.2","2.6","2.6","2.6","ponderosa pine"
"2635","8/10/2023",93,"PSME","137","",NA,NA,17,16.8,"17","1.05","","","ponderosa pine"
"2636","8/10/2023",93,"PIPO","102","",NA,NA,14.6,14.8,"14","4","4","3.8","ponderosa pine"
"2637","8/10/2023",93,"PIED","16","",NA,NA,2.4,2.6,"2.6","1.6","","","ponderosa pine"
"2638","8/10/2023",93,"PIPO","123","",NA,NA,15.8,15.6,"16","2.8","2.8","2.6","ponderosa pine"
"2639","8/10/2023",93,"PIPO","119","",NA,NA,16,15.8,"16","3","2.8","2.6","ponderosa pine"
"2640","8/10/2023",93,"JUSC2","14","",NA,NA,3.09,NA,"","0.1","","","ponderosa pine"
"2641","8/10/2023",94,"PIPO","96","",NA,NA,15.6,15.6,"15.6","8.6","8.6","8.6","ponderosa pine"
"2642","8/10/2023",94,"PIPO","122","",NA,NA,17,17.4,"16.4","5.2","5.4","5.2","ponderosa pine"
"2643","8/10/2023",94,"PIPO","104","",NA,NA,15,14.6,"15","6.2","6.4","6.4","ponderosa pine"
"2644","8/10/2023",94,"PIPO","88","",NA,NA,14.4,15.2,"14.8","5","5","5.2","ponderosa pine"
"2645","8/10/2023",94,"PIPO","121","",NA,NA,14.4,14.6,"14.6","3.6","3.6","3.4","ponderosa pine"
"2646","8/10/2023",94,"PIPO","91","",NA,NA,14.2,14,"14.4","6.2","6.2","6.4","ponderosa pine"
"2647","8/10/2023",94,"PIPO","90","",NA,NA,14.2,15,"15","6","6","6.4","ponderosa pine"
"2648","8/10/2023",94,"PSME","117","",NA,NA,14,14.2,"14.6","1.2","","","ponderosa pine"
"2649","8/10/2023",94,"PIPO","69","",NA,NA,14.4,14.2,"15","9.2","9.4","9.2","ponderosa pine"
"2650","8/10/2023",94,"PIPO","94","",NA,NA,13.8,13.4,"14","5.4","5.4","5.4","ponderosa pine"
"2651","8/10/2023",94,"JUSC2","25","",NA,NA,5,4.6,"5","1.11","","","ponderosa pine"
"2652","8/10/2023",94,"PIPO","81","",NA,NA,13.4,13.4,"13","4.6","4.6","4.8","ponderosa pine"
"2653","8/10/2023",94,"PIPO","80","",NA,NA,13.2,13.8,"13","4","3.8","3.6","ponderosa pine"
"2654","8/10/2023",94,"PSME","86","",NA,NA,13.4,13.2,"13.6","1.68","","","ponderosa pine"
"2655","8/10/2023",95,"PIPO","127","",NA,NA,14,14.2,"13.4","4","4","4.2","ponderosa pine"
"2656","8/10/2023",95,"PIPO","97","",NA,NA,13.6,13.8,"14.4","5.2","5.2","5.4","ponderosa pine"
"2657","8/10/2023",95,"PIPO","97","",NA,NA,12.4,12.8,"12.4","5.6","5.8","5.8","ponderosa pine"
"2658","8/10/2023",95,"PIPO","111","",NA,NA,13.4,13.2,"12.8","3","3.2","3.2","ponderosa pine"
"2659","8/10/2023",95,"PIPO","105","",NA,NA,15,15.8,"15.8","8.6","8.6","9.2","ponderosa pine"
"2660","8/10/2023",95,"PIPO","82","",NA,NA,11,11,"11","4.4","4.6","4.4","ponderosa pine"
"2661","8/10/2023",95,"PIPO","87","",NA,NA,11.4,11.8,"11.8","4.8","4.8","4.6","ponderosa pine"
"2662","8/10/2023",95,"PIPO","88","",NA,NA,13.2,13.6,"13.4","3.2","3.2","3.2","ponderosa pine"
"2663","8/10/2023",95,"PIPO","116","",NA,NA,15.4,15.6,"16","7.2","6.8","6.8","ponderosa pine"
"2664","8/10/2023",95,"PIPO","140","",NA,NA,14.8,14.8,"15.2","3.4","3.6","3.6","ponderosa pine"
"2665","8/10/2023",95,"PIPO","131","",NA,NA,15.6,15.8,"15.6","5.2","5.4","5.4","ponderosa pine"
"2666","8/10/2023",96,"PIPO","124","",NA,NA,13.2,13,"13.4","2.22","","","ponderosa pine"
"2667","8/10/2023",96,"PIPO","78","",NA,NA,10.2,10.2,"10.6","2.4","2.4","2.4","ponderosa pine"
"2668","8/10/2023",96,"PIPO","122","",NA,NA,13.6,13.6,"13.4","3.6","3.8","3.8","ponderosa pine"
"2669","8/10/2023",96,"PSME","19","",NA,NA,3.6,3.6,"3.6","1.07","","","ponderosa pine"
"2670","8/10/2023",96,"PIED","59","",NA,NA,7.4,7.6,"7.8","4","3.6","4","ponderosa pine"
"2671","8/10/2023",96,"PIPO","59","",NA,NA,7.4,7.6,"7.8","4","3.6","4","ponderosa pine"
"2672","8/10/2023",96,"PIPO","53","",NA,NA,9,9,"9","5.2","5.2","4.8","ponderosa pine"
"2673","8/10/2023",96,"PIED","75","",NA,NA,7.2,7,"6.8","1.53","","","ponderosa pine"
"2674","8/10/2023",96,"PIPO","113","",NA,NA,11.8,11.8,"11.6","5.2","5.4","5","ponderosa pine"
"2675","8/10/2023",96,"PIPO","42","",NA,NA,7.2,7.2,"7","2.8","2.8","2.4","ponderosa pine"
"2676","8/10/2023",96,"PIED","39","",NA,NA,6.6,6.6,"6.6","4.8","4.4","4.6","ponderosa pine"
"2677","8/10/2023",96,"PIPO","84","",NA,NA,10.6,10.2,"10.4","3.6","3.8","3.6","ponderosa pine"
"2678","8/10/2023",96,"PIED","21","",NA,NA,4.2,4,"4.2","1.58","","","ponderosa pine"
"2679","8/10/2023",96,"PIED","48","",NA,NA,6.8,6.8,"6.6","2","","","ponderosa pine"
"2680","8/10/2023",96,"PIPO","102","",NA,NA,13.4,13.6,"13.8","4.4","3.8","4.2","ponderosa pine"
"2681","8/10/2023",96,"PIED","44","",NA,NA,5.6,5.6,"5.4","1.84","","","ponderosa pine"
"2682","8/10/2023",96,"PIED","40","",NA,NA,6.6,6.8,"6.6","1.86","","","ponderosa pine"
"2683","8/14/2023",97,"PIPO","82","",NA,NA,13,13.2,"13.2","6.4","6","6","ponderosa pine"
"2684","8/14/2023",97,"PIPO","79","",NA,NA,14,14.2,"13.8","5.6","6.2","6","ponderosa pine"
"2685","8/14/2023",97,"PIPO","93","",NA,NA,15.6,15.8,"17","8.2","8.2","8","ponderosa pine"
"2686","8/14/2023",97,"PIPO","33","",NA,NA,7.6,7.8,"7.8","5","5","4.4","ponderosa pine"
"2687","8/14/2023",97,"PIPO","49","",NA,NA,11.4,11.6,"11.2","7.2","7.8","7.8","ponderosa pine"
"2688","8/14/2023",97,"PIPO","59","",NA,NA,12,11.8,"12","6.4","6.8","6.4","ponderosa pine"
"2689","8/14/2023",97,"PIPO","71","",NA,NA,13.2,13,"13","8.2","8.2","8","ponderosa pine"
"2690","8/14/2023",97,"PIPO","36","",NA,NA,9.4,9.6,"9.4","8","7.4","7.6","ponderosa pine"
"2691","8/14/2023",97,"PIPO","80","",NA,NA,14.4,13.6,"14","8.2","7.6","7.8","ponderosa pine"
"2692","8/14/2023",97,"PIPO","66","",NA,NA,13.6,13,"13.2","7.2","7.4","7.2","ponderosa pine"
"2693","8/14/2023",97,"PIPO","61","",NA,NA,12.2,11.4,"11.8","3","2.8","3","ponderosa pine"
"2694","8/14/2023",97,"PIPO","69","",NA,NA,13,13,"13.2","3.2","3.2","3.2","ponderosa pine"
"2695","8/14/2023",97,"PIPO","93","",NA,NA,15.4,15.4,"15.2","7.8","7.8","7.6","ponderosa pine"
"2696","8/14/2023",97,"PIPO","75","",NA,NA,14,14.4,"14.2","8","7.8","7.6","ponderosa pine"
"2697","8/14/2023",97,"PIPO","62","",NA,NA,11.8,12,"12","5.2","5.4","5.2","ponderosa pine"
"2698","8/14/2023",97,"PIPO","73","",NA,NA,13.8,14,"13.8","8","8","7.8","ponderosa pine"
"2699","8/14/2023",97,"PIPO","58","",NA,NA,11.4,11.4,"11.2","5.4","5.6","5.6","ponderosa pine"
"2700","8/14/2023",97,"PIPO","78","",NA,NA,11.8,11.6,"11.6","4.4","4.8","4.8","ponderosa pine"
"2701","8/14/2023",97,"PIPO","85","",NA,NA,14.8,14.8,"14.8","7","7","6.6","ponderosa pine"
"2702","8/14/2023",97,"PIPO","67","",NA,NA,13,13.2,"13","6.8","6.8","6.8","ponderosa pine"
"2703","8/14/2023",97,"PIPO","56","",NA,NA,12.8,12.8,"12.6","9.4","9","9.2","ponderosa pine"
"2704","8/14/2023",97,"PIPO","73","",NA,NA,15.4,15.4,"15.2","6.4","6.6","6.4","ponderosa pine"
"2705","8/14/2023",97,"PIPO","48","",NA,NA,11.6,11.6,"11.6","6.6","7.4","7.8","ponderosa pine"
"2706","8/14/2023",97,"PIPO","55","",NA,NA,12,12.2,"12","7.4","7.4","7","ponderosa pine"
"2707","8/14/2023",97,"PIPO","43","",NA,NA,11.4,11.6,"11.4","8.4","8.6","8.6","ponderosa pine"
"2708","8/14/2023",97,"PIPO","32","",NA,NA,5.4,5,"4.8","","","","ponderosa pine"
"2709","8/14/2023",97,"PIPO","46","",NA,NA,10.8,10.6,"10.6","7","7","6.8","ponderosa pine"
"2710","8/14/2023",97,"PIPO","67","",NA,NA,12.4,12.2,"12","4.2","4.4","4.6","ponderosa pine"
"2711","8/14/2023",97,"PIPO","83","",NA,NA,15.4,15.4,"15.6","7.8","8","8","ponderosa pine"
"2712","8/14/2023",97,"PIPO","49","",NA,NA,10.4,10.6,"10.6","3.8","3.8","3.8","ponderosa pine"
"2713","8/14/2023",97,"PIPO","57","",NA,NA,12.6,12.8,"12.8","9.8","10","9.8","ponderosa pine"
"2714","8/14/2023",97,"PIPO","117","",NA,NA,16,15.8,"16.2","8.2","8","7.6","ponderosa pine"
"2715","8/14/2023",97,"PIPO","38","",NA,NA,5.4,5.2,"5.6","2.4","2.6","2.6","ponderosa pine"
"2716","8/14/2023",97,"PIPO","68","",NA,NA,13.2,12.8,"12.8","5.8","5.8","5.8","ponderosa pine"
"2717","8/14/2023",97,"PIPO","38","",NA,NA,9.6,9.8,"9","4.8","4.6","4.6","ponderosa pine"
"2718","8/14/2023",97,"PIPO","39","",NA,NA,4.6,4.6,"4.4","","","","ponderosa pine"
"2719","8/14/2023",97,"PIPO","55","",NA,NA,10.8,10.4,"10.6","7.8","7.6","7.8","ponderosa pine"
"2720","8/14/2023",97,"PIPO","81","",NA,NA,15.2,15.2,"15","7.6","7.4","7.6","ponderosa pine"
"2721","8/14/2023",97,"PIPO","81","",NA,NA,14,14.4,"14","5","4.8","4.8","ponderosa pine"
"2722","8/14/2023",97,"PIPO","53","",NA,NA,11,11.8,"11.2","6.2","6.2","6","ponderosa pine"
"2723","8/14/2023",98,"PIPO","148","",NA,NA,21.4,21.4,"21.4","2.8","2.6","2.8","ponderosa pine"
"2724","8/14/2023",98,"PIPO","153","",NA,NA,16.6,16.6,"16.8","13.2","12.8","13","ponderosa pine"
"2725","8/14/2023",98,"PIPO","126","",NA,NA,20.6,20.4,"20.4","14.4","14.6","14.4","ponderosa pine"
"2726","8/14/2023",98,"PIPO","122","",NA,NA,19,18.8,"19.2","9","9.2","8.8","ponderosa pine"
"2727","8/14/2023",98,"JUSC2","24","",NA,NA,4,4,"3.8","0.1","","","ponderosa pine"
"2728","8/14/2023",98,"PIPO","55","",NA,NA,12.2,12.6,"12","2.19","","","ponderosa pine"
"2729","8/14/2023",98,"PIPO","149","",NA,NA,19.6,19.8,"19.8","4.8","4.8","4.8","ponderosa pine"
"2730","8/14/2023",98,"PIPO","81","",NA,NA,13,13.2,"13.6","3.4","3.2","3.6","ponderosa pine"
"2731","8/14/2023",98,"PIPO","64","",NA,NA,9.8,9.4,"9.4","3.2","3.4","3.4","ponderosa pine"
"2732","8/14/2023",98,"PIPO","64","",NA,NA,11,10.6,"10.8","1.9","","","ponderosa pine"
"2733","8/14/2023",98,"PIPO","80","",NA,NA,13.2,13.4,"13.4","3.2","3.4","3.2","ponderosa pine"
"2734","8/14/2023",98,"PIPO","60","",NA,NA,9.6,10,"10","1.65","","","ponderosa pine"
"2735","8/14/2023",98,"PIPO","63","",NA,NA,12.6,12.4,"12.6","3.2","3.4","3.2","ponderosa pine"
"2736","8/14/2023",98,"PIPO","62","",NA,NA,8.8,9,"9.2","1.52","","","ponderosa pine"
"2737","8/15/2023",99,"PIPO","67","",NA,NA,12.4,13,"12.8","2.6","2.6","2.8","ponderosa pine"
"2738","8/15/2023",99,"PIPO","93","",NA,NA,14.4,14.6,"14.4","4.8","4.8","5.6","ponderosa pine"
"2739","8/15/2023",99,"PIPO","89","",NA,NA,14.8,14.4,"15.2","3.6","3.6","3.6","ponderosa pine"
"2740","8/15/2023",99,"PIPO","81","",NA,NA,13.2,13.6,"13.2","4.2","3.8","3.8","ponderosa pine"
"2741","8/15/2023",99,"PIPO","67","",NA,NA,12,12.2,"12","5.8","5.8","5.8","ponderosa pine"
"2742","8/15/2023",99,"PIPO","83","",NA,NA,15.4,15.2,"15.4","3.8","3.8","3.8","ponderosa pine"
"2743","8/15/2023",99,"PIPO","51","",NA,NA,8.4,8.4,"8","1.86","","","ponderosa pine"
"2744","8/15/2023",99,"PIPO","52","",NA,NA,10.6,10.8,"10.8","3.6","3.8","3.6","ponderosa pine"
"2745","8/15/2023",99,"PIPO","110","",NA,NA,16.6,16.6,"16.8","5.8","5.4","5","ponderosa pine"
"2746","8/15/2023",99,"PIPO","62","",NA,NA,12.6,12.6,"12.6","6.8","6.6","6.6","ponderosa pine"
"2747","8/15/2023",99,"JUSC2","63","",NA,NA,6.8,6.6,"6.8","1.58","","","ponderosa pine"
"2748","8/15/2023",99,"PIPO","65","",NA,NA,12.2,12.6,"12","6.2","6.4","6.2","ponderosa pine"
"2749","8/15/2023",99,"PIPO","77","",NA,NA,15.6,15.8,"15.8","6.8","7.2","7","ponderosa pine"
"2750","8/15/2023",99,"PIPO","71","",NA,NA,13.8,13.8,"13.8","6.8","7","7.2","ponderosa pine"
"2751","8/15/2023",99,"PIPO","80","",NA,NA,14.2,14.8,"15.2","4","4","4.2","ponderosa pine"
"2752","8/15/2023",99,"PIPO","67","",NA,NA,11.8,12,"11.4","4","3.8","3.8","ponderosa pine"
"2753","8/15/2023",99,"PIPO","83","",NA,NA,13.6,14,"14.2","3.4","3.2","3.6","ponderosa pine"
"2754","8/15/2023",99,"PIPO","87","",NA,NA,13.4,13.2,"13.4","6.2","6.4","6.2","ponderosa pine"
"2755","8/15/2023",99,"PIPO","82","",NA,NA,13.8,13.6,"14","6","6.2","6.6","ponderosa pine"
"2756","8/15/2023",100,"PSME","83","",NA,NA,12.4,12.4,"12.4","5","5.2","5.2","ponderosa pine"
"2757","8/15/2023",100,"PIPO","64","",NA,NA,11.4,11.4,"11","5.6","5.8","5.8","ponderosa pine"
"2758","8/15/2023",100,"PIPO","76","",NA,NA,12.6,12.8,"13.2","6","6.8","6.4","ponderosa pine"
"2759","8/15/2023",100,"PIPO","66","",NA,NA,12,12,"11.6","6.8","6.8","7","ponderosa pine"
"2760","8/15/2023",100,"PIPO","74","",NA,NA,14.4,14.2,"14","9.4","9.6","9","ponderosa pine"
"2761","8/15/2023",100,"PIPO","85","",NA,NA,13.4,13.6,"13.8","6","6.2","5.8","ponderosa pine"
"2762","8/15/2023",100,"PIPO","76","",NA,NA,12.6,13,"12.6","8.4","8.2","8.6","ponderosa pine"
"2763","8/15/2023",100,"PIPO","78","",NA,NA,14,14.8,"14.6","5.4","5.4","5","ponderosa pine"
"2764","8/15/2023",100,"PIPO","99","",NA,NA,16.6,16.6,"16.4","7.6","7.4","7.4","ponderosa pine"
"2765","8/15/2023",100,"PIPO","82","",NA,NA,15,14.8,"15.2","7.8","7.6","7.6","ponderosa pine"
"2766","8/15/2023",100,"PIPO","41","",NA,NA,6.2,5.8,"6","2.6","3","2.8","ponderosa pine"
"2767","8/15/2023",100,"PIPO","50","",NA,NA,9.8,9.8,"9.8","3","3","3.2","ponderosa pine"
"2768","8/15/2023",100,"PIPO","49","",NA,NA,9.4,9.4,"9.4","2.8","3","3","ponderosa pine"
"2769","8/15/2023",100,"PIPO","72","",NA,NA,14.2,14,"13.6","5","4.8","4.8","ponderosa pine"
"2770","8/15/2023",100,"PIPO","98","",NA,NA,16.4,16,"16.2","6.4","6.4","6.4","ponderosa pine"
"2771","8/15/2023",100,"PIPO","55","",NA,NA,11,11.4,"11.4","4.2","4","4","ponderosa pine"
"2772","8/15/2023",100,"PIPO","47","",NA,NA,12.2,12,"12.2","4","4","4","ponderosa pine"
"2773","8/15/2023",100,"PIPO","63","",NA,NA,15.2,15.2,"15","4","4.2","4","ponderosa pine"
"2774","8/15/2023",100,"PIPO","77","",NA,NA,13,12.4,"12.8","3.8","3.8","3.8","ponderosa pine"
"2775","8/15/2023",100,"PIPO","69","",NA,NA,15.4,15.4,"15.2","7.4","7.6","7.6","ponderosa pine"
"2776","8/15/2023",100,"PIPO","68","",NA,NA,13,12.4,"12.2","4.6","4.8","4.4","ponderosa pine"
"2777","8/15/2023",100,"PIPO","79","",NA,NA,15.4,15.6,"15.8","5.2","5.4","5","ponderosa pine"
"2778","8/15/2023",100,"PIPO","85","",NA,NA,14.2,14.2,"14.4","8.4","8.4","8.4","ponderosa pine"
"2779","8/15/2023",100,"PIPO","70","",NA,NA,14.4,14.2,"13.8","8.8","8.8","8.8","ponderosa pine"
"2780","8/15/2023",100,"PIPO","65","",NA,NA,13.4,14.2,"14","5.4","5.4","5.4","ponderosa pine"
"2781","8/15/2023",100,"PIPO","56","",NA,NA,13.2,13,"13.4","4.2","4.2","4.2","ponderosa pine"
"2782","8/15/2023",100,"PIPO","94","",NA,NA,16.8,16.4,"16.4","7.4","7","7","ponderosa pine"
"2783","8/15/2023",100,"PIPO","90","",NA,NA,13.6,13.8,"13.8","5.4","5.4","5.2","ponderosa pine"
"2784","8/15/2023",101,"PIPO","83","",NA,NA,13.8,14,"13.8","5.8","5.8","5.8","ponderosa pine"
"2785","8/15/2023",101,"PIPO","62","",NA,NA,12.8,13,"12.8","6","5.8","5.6","ponderosa pine"
"2786","8/15/2023",101,"PIPO","82","",NA,NA,14.4,14.6,"14.4","3","3.4","3.6","ponderosa pine"
"2787","8/15/2023",101,"PIPO","56","",NA,NA,9,9.2,"9.6","3.2","3.2","3.4","ponderosa pine"
"2788","8/15/2023",101,"PIPO","65","",NA,NA,11,11.4,"11.2","2.8","3","3","ponderosa pine"
"2789","8/15/2023",101,"PIPO","62","",NA,NA,11,11.2,"11.2","2.6","2.6","2.6","ponderosa pine"
"2790","8/15/2023",101,"PIPO","85","",NA,NA,14.8,14.4,"14.4","6.6","6.4","6.4","ponderosa pine"
"2791","8/15/2023",101,"PIPO","67","",NA,NA,11.6,12,"12","6.6","6.8","6.8","ponderosa pine"
"2792","8/15/2023",101,"PIPO","67","",NA,NA,10.4,10,"9.8","3","3.2","3.2","ponderosa pine"
"2793","8/15/2023",101,"PIPO","33","",NA,NA,6.4,6.4,"6.4","2.09","","","ponderosa pine"
"2794","8/15/2023",101,"PIPO","74","",NA,NA,12.4,12.6,"12.4","2.35","","","ponderosa pine"
"2795","8/15/2023",101,"PIPO","70","",NA,NA,10.4,10.4,"10.6","5.2","5","5.6","ponderosa pine"
"2796","8/15/2023",101,"PIPO","65","",NA,NA,11,11.6,"11.2","2.6","2.6","2.6","ponderosa pine"
"2797","8/15/2023",101,"PIPO","91","",NA,NA,14.8,14.8,"15","5.4","5.2","5.4","ponderosa pine"
"2798","8/15/2023",101,"PIPO","78","",NA,NA,12.2,12,"12","3.4","3.2","3.4","ponderosa pine"
"2799","8/15/2023",101,"PIPO","74","",NA,NA,13.2,13.4,"13.2","4.4","4.4","4.6","ponderosa pine"
"2800","8/15/2023",101,"PIPO","75","",NA,NA,12.4,12.6,"12.8","6.6","6.8","7","ponderosa pine"
"2801","8/15/2023",101,"PIPO","77","",NA,NA,13.6,13.6,"13.6","6.2","6.4","6.4","ponderosa pine"
"2802","8/15/2023",101,"PIPO","74","",NA,NA,15.2,15,"15.6","4.6","4.8","4.4","ponderosa pine"
"2803","8/15/2023",101,"PIPO","82","",NA,NA,14.4,14.4,"14.4","6.4","6.8","6.6","ponderosa pine"
"2804","8/15/2023",102,"PIPO","30","",NA,NA,6.4,6.2,"6.6","3","3.4","3.2","ponderosa pine"
"2805","8/15/2023",102,"PIPO","66","",NA,NA,14.4,14.4,"14.4","7.4","6.8","6.8","ponderosa pine"
"2806","8/15/2023",102,"PIPO","98","",NA,NA,20.6,21.2,"20.6","5","5","5","ponderosa pine"
"2807","8/15/2023",102,"PIPO","148","",NA,NA,23.4,23.6,"24.2","7.2","7.4","7.2","ponderosa pine"
"2808","8/15/2023",102,"PIPO","127","",NA,NA,18.6,18.8,"18.8","4.6","4.6","4.4","ponderosa pine"
"2809","8/15/2023",102,"PIPO","78","",NA,NA,20.8,20.4,"20.8","5.2","5.4","5.4","ponderosa pine"
"2810","8/15/2023",102,"PIPO","112","",NA,NA,20.8,19.4,"20.8","","","","ponderosa pine"
"2811","8/15/2023",102,"PIPO","127","",NA,NA,17.8,17.6,"17.8","5.6","5.6","5.4","ponderosa pine"
"2812","8/15/2023",102,"PIPO","62","",NA,NA,12,12,"11.8","3.8","4","4","ponderosa pine"
"2813","8/15/2023",102,"PIPO","68","",NA,NA,12.2,12.2,"11.6","2.6","3","3","ponderosa pine"
"2814","8/15/2023",102,"PIPO","56","",NA,NA,11.6,11.8,"11.6","6.8","6.8","6.8","ponderosa pine"
"2815","8/15/2023",102,"PIPO","50","",NA,NA,9.6,9.2,"8.8","5.4","5.6","5.4","ponderosa pine"
"2816","8/15/2023",102,"PIPO","112","",NA,NA,20,20,"19.6","13.4","12.8","12.8","ponderosa pine"
"2817","8/15/2023",102,"PIPO","95","",NA,NA,10.2,11,"11.8","","","","ponderosa pine"
"2818","8/15/2023",102,"PIPO","121","",NA,NA,19,20,"19.8","6","6","6","ponderosa pine"
"2819","8/15/2023",102,"PIPO","110","",NA,NA,22,21.8,"22","11","11.4","11.4","ponderosa pine"
"2820","8/15/2023",102,"PIPO","164","",NA,NA,22.6,22.6,"23","9","8.8","9","ponderosa pine"
"2821","8/15/2023",102,"PIPO","117","",NA,NA,16.2,16.6,"17","8.8","9","9.2","ponderosa pine"
"2822","8/15/2023",102,"PIPO","73","",NA,NA,11.2,10.8,"11","5","4.8","5","ponderosa pine"
"2823","8/15/2023",102,"PIPO","89","",NA,NA,19,18.6,"19","12.6","12.6","12.4","ponderosa pine"
"2824","8/15/2023",102,"PIPO","93","",NA,NA,17.8,17.8,"17.6","5.2","5.2","5.2","ponderosa pine"
"2825","8/15/2023",102,"PIPO","45","",NA,NA,7,7.2,"7.2","2.8","2.8","2.8","ponderosa pine"
"2826","8/15/2023",102,"PIPO","48","",NA,NA,7.8,8.2,"8.4","2.4","2.8","2.6","ponderosa pine"
"2827","8/16/2023",103,"PIPO","83","",NA,NA,17.2,17.2,"17.4","9.4","9.8","9.8","ponderosa pine"
"2828","8/16/2023",103,"PIPO","71","",NA,NA,16.6,16.6,"16.6","9.6","9.4","9","ponderosa pine"
"2829","8/16/2023",103,"PIPO","51","",NA,NA,12.8,13,"13","8.4","8.4","8.2","ponderosa pine"
"2830","8/16/2023",103,"PIPO","60","",NA,NA,15.6,15.6,"15.8","10.4","11.2","11.2","ponderosa pine"
"2831","8/16/2023",103,"PIPO","28","",NA,NA,6.6,6.8,"6.4","","","","ponderosa pine"
"2832","8/16/2023",103,"PIPO","80","",NA,NA,18.8,18.8,"19","9.8","10","10","ponderosa pine"
"2833","8/16/2023",103,"PIPO","66","",NA,NA,13.6,13.4,"13.4","6","5.8","5.6","ponderosa pine"
"2834","8/16/2023",103,"PIPO","76","",NA,NA,14.6,14.4,"15","8.2","8.4","8.6","ponderosa pine"
"2835","8/16/2023",103,"PIPO","84","",NA,NA,17.8,18,"18.6","8","8","8","ponderosa pine"
"2836","8/16/2023",103,"PIPO","61","",NA,NA,12.8,13,"13.4","8.4","8.8","9","ponderosa pine"
"2837","8/16/2023",103,"PIPO","101","",NA,NA,19,18.2,"18.8","10.2","10.8","10.6","ponderosa pine"
"2838","8/16/2023",103,"PIPO","71","",NA,NA,16.8,16.6,"16.8","9.2","9.8","9.2","ponderosa pine"
"2839","8/16/2023",103,"PIPO","65","",NA,NA,15,15.2,"15.4","6.8","6.8","6.8","ponderosa pine"
"2840","8/16/2023",103,"PIPO","62","",NA,NA,15.6,15.6,"16.2","8.6","8.4","8.6","ponderosa pine"
"2841","8/16/2023",103,"PIPO","80","",NA,NA,16.8,17.2,"17.4","8.4","8.6","8.2","ponderosa pine"
"2842","8/16/2023",103,"PIPO","110","",NA,NA,19.2,19.4,"19.8","9.8","9.6","9.6","ponderosa pine"
"2843","8/16/2023",103,"PIPO","54","",NA,NA,14,14,"13.8","7.2","7.4","7.2","ponderosa pine"
"2844","8/16/2023",103,"PIPO","75","",NA,NA,15.8,15.6,"16","4.6","4.4","4.4","ponderosa pine"
"2845","8/16/2023",103,"PIPO","93","",NA,NA,17,17.4,"17.6","6.2","6","5.6","ponderosa pine"
"2846","8/16/2023",103,"PIPO","53","",NA,NA,14.2,14.4,"14.4","9.4","10.2","9.8","ponderosa pine"
"2847","8/16/2023",103,"PIPO","49","",NA,NA,11.8,12.4,"11.6","7.6","7.6","7.6","ponderosa pine"
"2848","8/16/2023",103,"PIPO","107","",NA,NA,19.2,19.6,"19.8","9.8","9.8","10","ponderosa pine"
"2849","8/16/2023",103,"PIPO","39","",NA,NA,8.8,8.8,"8.6","3","3.4","3.4","ponderosa pine"
"2850","8/16/2023",103,"PIPO","84","",NA,NA,16,16.2,"16","9.2","9.6","9.4","ponderosa pine"
"2851","8/16/2023",103,"PIPO","60","",NA,NA,15,15.4,"15","7.4","7.6","7.4","ponderosa pine"
"2852","8/16/2023",103,"PIPO","160","",NA,NA,22.6,23.4,"23.2","6.4","6.6","6.4","ponderosa pine"
"2853","8/16/2023",103,"PSME","101","",NA,NA,17,17.6,"17.4","4.8","4.6","4.4","ponderosa pine"
"2854","8/16/2023",103,"PIPO","28","",NA,NA,6.6,6.6,"6.2","3.2","3","3.2","ponderosa pine"
"2855","8/16/2023",103,"PIPO","46","",NA,NA,10.2,10.6,"10.4","4.8","4.8","4.4","ponderosa pine"
"2856","8/16/2023",103,"JUSC2","34","",NA,NA,8.4,8.6,"8.8","4.2","4.2","4.2","ponderosa pine"
"2857","8/16/2023",103,"PIPO","70","",NA,NA,13.6,13.8,"13.6","5.2","5.2","5.2","ponderosa pine"
"2858","8/16/2023",103,"PIPO","48","",NA,NA,13.8,13.8,"14","7.2","7.4","7.4","ponderosa pine"
"2859","8/16/2023",103,"PIPO","83","",NA,NA,16.8,17.2,"16.8","6.6","6.6","6.8","ponderosa pine"
"2860","8/16/2023",103,"PIPO","75","",NA,NA,14.8,14.8,"15.2","7.4","7.2","7","ponderosa pine"
"2861","8/16/2023",103,"PIPO","65","",NA,NA,16.2,16.6,"17","10.4","10.2","10.6","ponderosa pine"
"2862","8/16/2023",103,"PIPO","90","",NA,NA,18.8,19.2,"18.8","9","9.2","9.6","ponderosa pine"
"2863","8/16/2023",103,"PIPO","46","",NA,NA,9,9.4,"9.4","","","","ponderosa pine"
"2864","8/16/2023",103,"PIPO","36","",NA,NA,8,7.8,"8","2.45","","","ponderosa pine"
"2865","8/16/2023",104,"PIPO","36","",NA,NA,7.8,8,"7.8","4.2","4.4","4.2","ponderosa pine"
"2866","8/16/2023",104,"PIPO","116","",NA,NA,17,16.8,"16.8","7.6","7.6","7.6","ponderosa pine"
"2867","8/16/2023",104,"PIPO","69","",NA,NA,12.6,12.2,"12.8","6.2","6.4","6","ponderosa pine"
"2868","8/16/2023",104,"PIPO","79","",NA,NA,14.2,14.4,"14.4","7.2","7.4","7.4","ponderosa pine"
"2869","8/16/2023",104,"PIPO","52","",NA,NA,11.6,11.4,"11.4","5.6","5.6","5.6","ponderosa pine"
"2870","8/16/2023",104,"PIPO","50","",NA,NA,10,10.2,"10.6","4.4","4.2","4","ponderosa pine"
"2871","8/16/2023",104,"PIPO","59","",NA,NA,13.4,13.6,"13.8","4.4","4.8","4.4","ponderosa pine"
"2872","8/16/2023",104,"PIPO","47","",NA,NA,10.8,11,"11","6","5.8","5.6","ponderosa pine"
"2873","8/16/2023",104,"PIPO","66","",NA,NA,12.4,12.6,"12.6","3","3","2.4","ponderosa pine"
"2874","8/16/2023",104,"PIPO","66","",NA,NA,10.6,10.2,"11.2","3.8","3.8","3.6","ponderosa pine"
"2875","8/16/2023",104,"PIPO","49","",NA,NA,10.2,10.2,"10","4.8","4.8","4.6","ponderosa pine"
"2876","8/16/2023",104,"PIPO","62","",NA,NA,11.8,11.6,"11.4","8.2","8.4","8.8","ponderosa pine"
"2877","8/16/2023",104,"PIPO","84","",NA,NA,13.4,13.8,"13.8","4.8","5","4.8","ponderosa pine"
"2878","8/16/2023",104,"PIPO","52","",NA,NA,10.4,10.2,"10.2","4.2","4.2","4.2","ponderosa pine"
"2879","8/16/2023",104,"PIPO","72","",NA,NA,11.2,11.2,"11.2","5","5","4.8","ponderosa pine"
"2880","8/16/2023",104,"PIPO","60","",NA,NA,11.8,11.8,"12","7.4","7.8","7.6","ponderosa pine"
"2881","8/16/2023",104,"PIPO","60","",NA,NA,12.8,12.6,"12.4","6.6","6.4","6.4","ponderosa pine"
"2882","8/16/2023",104,"PIPO","57","",NA,NA,10.4,10.4,"10","6","6.2","6.4","ponderosa pine"
"2883","8/16/2023",104,"PIPO","61","",NA,NA,11,11.4,"11","1.82","","","ponderosa pine"
"2884","8/16/2023",104,"PIPO","39","",NA,NA,9.2,9.2,"9.2","2.4","2.4","2.4","ponderosa pine"
"2885","8/16/2023",104,"PIPO","57","",NA,NA,11.6,12,"12","5.2","5.2","4.8","ponderosa pine"
"2886","8/16/2023",104,"PIPO","77","",NA,NA,14.2,14.2,"14.4","7.2","7.2","7","ponderosa pine"
"2887","8/16/2023",104,"PIPO","67","",NA,NA,12.2,12,"12.2","6.6","6.4","6.6","ponderosa pine"
"2888","8/16/2023",104,"PIPO","64","",NA,NA,9.6,10,"9.6","2.6","3","3.2","ponderosa pine"
"2889","8/16/2023",104,"PIPO","67","",NA,NA,14,14,"13.8","8.4","8.4","8.6","ponderosa pine"
"2890","8/16/2023",104,"PIPO","83","",NA,NA,13.6,13.6,"13.2","7.4","7.2","7.2","ponderosa pine"
"2891","8/16/2023",104,"PIPO","88","",NA,NA,15.8,15.8,"16","6.8","6.8","6.8","ponderosa pine"
"2892","8/16/2023",104,"PIPO","89","",NA,NA,16.4,16.4,"16.6","10.4","10.2","10.4","ponderosa pine"
"2893","8/16/2023",104,"PIPO","48","",NA,NA,12.2,11.4,"11.8","8","8","7.8","ponderosa pine"
"2894","8/16/2023",104,"PIPO","78","",NA,NA,13.8,14,"14","8","8.4","8.2","ponderosa pine"
"2895","8/16/2023",104,"PIPO","74","",NA,NA,12.6,12.8,"12.8","6.2","6.6","6.2","ponderosa pine"
"2896","8/16/2023",104,"PIPO","85","",NA,NA,14.8,14,"15.2","6.2","6","6","ponderosa pine"
"2897","8/16/2023",104,"PIPO","102","",NA,NA,14.6,14.6,"14.4","10.8","10.6","10.4","ponderosa pine"
"2898","8/16/2023",104,"PIPO","79","",NA,NA,15.4,15.4,"15.4","6.2","6.2","6","ponderosa pine"
"2899","8/16/2023",104,"PIPO","30","",NA,NA,6.6,6.8,"6.2","2.8","3","3","ponderosa pine"
"2900","8/16/2023",104,"PIPO","55","",NA,NA,9.8,10,"10.2","5.4","5","5","ponderosa pine"
"2901","8/16/2023",104,"PIPO","63","",NA,NA,11.4,11.2,"11.2","7","7","6.8","ponderosa pine"
"2902","8/16/2023",105,"PIPO","104","",NA,NA,14,14,"14","1.73","","","ponderosa pine"
"2903","8/16/2023",105,"PIPO","47","",NA,NA,12,12.2,"11.8","3.4","3.4","3.2","ponderosa pine"
"2904","8/16/2023",105,"PIPO","55","",NA,NA,10.2,10.4,"10","4.4","4.6","4.6","ponderosa pine"
"2905","8/16/2023",105,"PIPO","58","",NA,NA,12.2,12.2,"12.2","1.41","","","ponderosa pine"
"2906","8/16/2023",105,"PIPO","85","",NA,NA,13.8,13.6,"13.8","3.6","3.6","3.4","ponderosa pine"
"2907","8/16/2023",105,"PIPO","75","",NA,NA,15.6,15.6,"15.2","8.6","8.6","8.6","ponderosa pine"
"2908","8/16/2023",105,"PIPO","83","",NA,NA,14.2,14.8,"14.4","6.8","6.4","6.4","ponderosa pine"
"2909","8/16/2023",105,"PIPO","66","",NA,NA,12.2,12.2,"12.6","5.8","5.6","5.8","ponderosa pine"
"2910","8/16/2023",105,"PIPO","59","",NA,NA,9.8,9.8,"10.2","1.91","","","ponderosa pine"
"2911","8/16/2023",105,"PIPO","103","",NA,NA,12.6,13.2,"13.4","7.2","7","7","ponderosa pine"
"2912","8/16/2023",105,"PIPO","86","",NA,NA,12.8,13,"13.2","3.8","4","3.6","ponderosa pine"
"2913","8/16/2023",105,"PIPO","76","",NA,NA,13.8,13.6,"14.2","3.8","3.8","3.8","ponderosa pine"
"2914","8/16/2023",105,"PIPO","85","",NA,NA,13.4,13.8,"13.8","2.28","","","ponderosa pine"
"2915","8/16/2023",105,"PIPO","93","",NA,NA,13.8,14,"14.2","2.6","","","ponderosa pine"
"2916","8/16/2023",105,"PIPO","75","",NA,NA,12.8,12.6,"13","2.32","","","ponderosa pine"
"2917","8/16/2023",105,"PIPO","72","",NA,NA,10.2,10.4,"10.8","1.1","","","ponderosa pine"
"2918","8/16/2023",105,"PIPO","54","",NA,NA,10.2,10,"10.2","1.9","","","ponderosa pine"
"2919","8/16/2023",105,"PIPO","66","",NA,NA,12.8,13,"12","5","5.4","5.2","ponderosa pine"
"2920","8/16/2023",105,"PIPO","72","",NA,NA,14.4,14,"14.8","3.6","3.6","3.6","ponderosa pine"
"2921","8/16/2023",105,"PIPO","63","",NA,NA,13.6,13,"13.6","4.4","4.4","4.2","ponderosa pine"
"2922","8/16/2023",105,"PIPO","44","",NA,NA,6.8,7,"7","2.6","","","ponderosa pine"
"2923","8/16/2023",105,"PIPO","69","",NA,NA,10.8,11,"11.2","2.55","","","ponderosa pine"
"2924","8/16/2023",105,"PIPO","53","",NA,NA,9.8,9.8,"10","2.6","2.4","2.8","ponderosa pine"
"2925","8/16/2023",105,"PIPO","36","",NA,NA,6,6.2,"6.2","1.91","","","ponderosa pine"
"2926","8/16/2023",105,"PIPO","51","",NA,NA,8,8.4,"8.6","4.2","4.2","4","ponderosa pine"
"2927","8/16/2023",106,"PIPO","47","",NA,NA,10,10.6,"10.8","5.2","5.6","5.4","ponderosa pine"
"2928","8/16/2023",106,"PIPO","65","",NA,NA,13,13.2,"12.8","9.6","9.4","9.6","ponderosa pine"
"2929","8/16/2023",106,"PIPO","66","",NA,NA,13.2,13.2,"13.4","8.6","8.6","8.6","ponderosa pine"
"2930","8/16/2023",106,"PIPO","68","",NA,NA,13.6,13.6,"14","4.8","4.8","4.8","ponderosa pine"
"2931","8/16/2023",106,"PIPO","54","",NA,NA,9,9.2,"9.4","3","3.2","3.2","ponderosa pine"
"2932","8/16/2023",106,"PIPO","39","",NA,NA,4.4,4.4,"4.2","","","","ponderosa pine"
"2933","8/16/2023",106,"PIPO","46","",NA,NA,7.8,7.6,"7.4","","","","ponderosa pine"
"2934","8/16/2023",106,"PIPO","58","",NA,NA,12.2,12.2,"12","4","4.2","4.2","ponderosa pine"
"2935","8/16/2023",106,"PIPO","62","",NA,NA,14,14,"14.2","5","4.8","5","ponderosa pine"
"2936","8/16/2023",106,"PIPO","101","",NA,NA,17,17.2,"17.2","10.8","10.8","10.4","ponderosa pine"
"2937","8/16/2023",106,"PIPO","39","",NA,NA,8.2,8.4,"8.2","2.8","2.6","2.6","ponderosa pine"
"2938","8/16/2023",106,"PIPO","53","",NA,NA,8.4,8.4,"8.4","3","3.2","3.4","ponderosa pine"
"2939","8/16/2023",106,"PIPO","59","",NA,NA,12.4,12.4,"12.2","4","4.4","4.2","ponderosa pine"
"2940","8/16/2023",106,"PIPO","14","",NA,NA,2.3,NA,"","0.96","","","ponderosa pine"
"2941","8/16/2023",106,"PIPO","96","",NA,NA,15.8,16,"16","6","6.4","6.2","ponderosa pine"
"2942","8/16/2023",106,"PIPO","125","",NA,NA,17.4,17.4,"17.8","8.4","8.6","8.2","ponderosa pine"
"2943","8/16/2023",106,"PIPO","59","",NA,NA,10.6,10.8,"10.8","6.2","5.8","6","ponderosa pine"
"2944","8/16/2023",106,"PIPO","59","",NA,NA,11.8,11.6,"11.8","5.6","5.4","5.2","ponderosa pine"
"2945","8/16/2023",106,"PIPO","17","",NA,NA,2.8,2.8,"2.6","1.11","","","ponderosa pine"
"2946","8/16/2023",106,"PIPO","81","",NA,NA,15,14.4,"14.4","6.2","6.4","6.4","ponderosa pine"
"2947","8/16/2023",106,"PIPO","76","",NA,NA,15,15.8,"15.8","5.8","6","5.8","ponderosa pine"
"2948","8/16/2023",106,"PIPO","55","",NA,NA,12,12,"12","5.6","5.8","5.6","ponderosa pine"
"2949","8/16/2023",106,"PIPO","34","",NA,NA,7.6,7.4,"7.2","2.8","3","2.8","ponderosa pine"
"2950","8/16/2023",106,"JUSC2","36","",NA,NA,4.2,4.2,"4.4","2","","","ponderosa pine"
"2951","8/16/2023",106,"PIPO","69","",NA,NA,14.4,14.6,"14.8","8.6","8.4","8","ponderosa pine"
"2952","8/16/2023",106,"PIPO","102","",NA,NA,15.8,15.6,"15.6","7.4","7.2","7.4","ponderosa pine"
"2953","8/16/2023",106,"PIPO","33","",NA,NA,7,6.8,"6.6","3.4","3.6","3.6","ponderosa pine"
"2954","8/16/2023",106,"PIPO","161","",NA,NA,18.8,18.8,"18.6","7.6","8.4","8.2","ponderosa pine"
"2955","8/16/2023",106,"PIPO","48","",NA,NA,9.4,9.4,"9.6","4.4","4.4","4","ponderosa pine"
"2956","8/16/2023",106,"PIPO","74","",NA,NA,14.4,14.4,"14.4","6","6","5.8","ponderosa pine"
"2957","8/16/2023",106,"PIPO","57","",NA,NA,12.2,12.6,"12","5.6","5.4","5.4","ponderosa pine"
"2958","8/16/2023",106,"PIPO","53","",NA,NA,12.6,13,"13.2","3.8","3.6","3.6","ponderosa pine"
"2959","8/16/2023",106,"PIPO","63","",NA,NA,13.4,13.2,"13.2","8.4","8.4","7.8","ponderosa pine"
"2960","8/16/2023",106,"PIPO","68","",NA,NA,11.8,11.6,"11.8","8.2","8","8","ponderosa pine"
"2961","8/16/2023",106,"PIPO","58","",NA,NA,13.8,13.6,"13.8","8.8","8.6","8.6","ponderosa pine"
"2962","8/16/2023",106,"PIPO","82","",NA,NA,15,14.6,"14.8","8.6","8.8","8.8","ponderosa pine"
"2963","8/16/2023",106,"JUSC2","18","",NA,NA,3.8,3.8,"3.6","","","","ponderosa pine"
"2964","8/16/2023",106,"PIPO","52","",NA,NA,11.8,11.4,"11.4","4.6","4.6","4.6","ponderosa pine"
"2965","8/16/2023",106,"PIPO","44","",NA,NA,10.6,10.8,"10.6","7","6.6","6.6","ponderosa pine"
"2966","8/16/2023",106,"PIPO","76","",NA,NA,14.6,14.4,"14","7.6","7.6","7.4","ponderosa pine"
"2967","8/16/2023",106,"PIPO","86","",NA,NA,14.2,14.4,"14.4","8","8","7.6","ponderosa pine"
"2968","8/16/2023",107,"PIPO","135","",NA,NA,23.4,23.6,"23.4","11","11","11.4","ponderosa pine"
"2969","8/16/2023",107,"JUSC2","20","",NA,NA,3.6,3.4,"3.4","0.72","","","ponderosa pine"
"2970","8/16/2023",107,"PIPO","115","",NA,NA,27.8,27.8,"27","15.4","15","14.6","ponderosa pine"
"2971","8/16/2023",107,"PIPO","117","",NA,NA,23.6,23.8,"23.8","10.8","10.8","10.2","ponderosa pine"
"2972","8/16/2023",107,"PIPO","126","",NA,NA,22.4,23.2,"22.4","11.8","11.8","12","ponderosa pine"
"2973","8/16/2023",107,"PIPO","108","",NA,NA,19.8,20.6,"20.6","10.4","10.4","10.8","ponderosa pine"
"2974","8/16/2023",107,"PIPO","109","",NA,NA,21.2,21.2,"21.8","12.2","12.4","12.2","ponderosa pine"
"2975","8/16/2023",107,"PIPO","136","",NA,NA,23.8,23.8,"24","14","14","13.8","ponderosa pine"
"2976","8/16/2023",107,"PIPO","81","",NA,NA,17.4,18.2,"18","6.4","6.6","6.6","ponderosa pine"
"2977","8/16/2023",107,"PIPO","118","",NA,NA,21.6,21,"20.6","10.2","10.4","10.4","ponderosa pine"
"2978","8/16/2023",107,"PIPO","88","",NA,NA,18,18.2,"18.6","10","10","9.6","ponderosa pine"
"2979","8/16/2023",107,"PIPO","58","",NA,NA,15.4,15.6,"15.4","7.6","7.8","8","ponderosa pine"
"2980","8/16/2023",107,"PIPO","102","",NA,NA,21.6,21.8,"21.6","10.4","10.2","10.2","ponderosa pine"
"2981","8/16/2023",107,"PIPO","101","",NA,NA,21.4,21.1,"21.8","10.8","11","11","ponderosa pine"
"2982","8/16/2023",107,"JUSC2","13","19",35,NA,4.4,4.6,"4.4","0.01","","","ponderosa pine"
"2983","8/16/2023",107,"PIPO","63","",NA,NA,18.4,18.2,"18.6","9.8","10","9.8","ponderosa pine"
"2984","8/16/2023",107,"PIPO","118","",NA,NA,21.8,22,"22.2","13.4","13.2","13.4","ponderosa pine"
"2985","8/16/2023",107,"PIPO","63","",NA,NA,18.6,19,"18.4","7","7.6","7.2","ponderosa pine"
"2986","8/16/2023",107,"PIPO","88","",NA,NA,19.2,19.6,"19","8.6","8.4","8.6","ponderosa pine"
"2987","8/16/2023",108,"PIPO","72","",NA,NA,13.2,13.2,"12.8","4.4","4.4","4.2","ponderosa pine"
"2988","8/16/2023",108,"PIPO","42","",NA,NA,9.4,9.4,"9.4","2.6","2.6","2.8","ponderosa pine"
"2989","8/16/2023",108,"PIPO","86","",NA,NA,15.2,15.2,"15.2","5.8","5.6","5.8","ponderosa pine"
"2990","8/16/2023",108,"PIPO","88","",NA,NA,11.6,12,"11.6","3.8","3.4","3.6","ponderosa pine"
"2991","8/16/2023",108,"PIPO","150","",NA,NA,15.8,15.6,"15.6","","","","ponderosa pine"
"2992","8/16/2023",108,"PIPO","85","",NA,NA,16,15.8,"15.8","2.17","","","ponderosa pine"
"2993","8/16/2023",108,"PIPO","109","",NA,NA,15.4,15,"15","4.6","4.4","4.4","ponderosa pine"
"2994","8/16/2023",108,"PIPO","65","",NA,NA,12.6,12.6,"12.6","5.8","5.8","5.8","ponderosa pine"
"2995","8/16/2023",108,"PIPO","61","",NA,NA,11.6,11.6,"11.6","4.2","4.2","4","ponderosa pine"
"2996","8/16/2023",108,"PIPO","88","",NA,NA,13,13.2,"12.8","3","3","3","ponderosa pine"
"2997","8/16/2023",108,"PIPO","113","",NA,NA,13.2,12.6,"12.8","1.6","","","ponderosa pine"
"2998","8/16/2023",108,"PIPO","67","",NA,NA,9.4,9.4,"9.8","2.8","2.6","2.8","ponderosa pine"
"2999","8/16/2023",108,"PIPO","75","",NA,NA,14.2,14.2,"14.4","5.2","5.2","5.2","ponderosa pine"
"3000","8/16/2023",108,"PIPO","69","",NA,NA,12.6,12.4,"12.8","4.4","4.8","5","ponderosa pine"
"3001","8/16/2023",108,"PIPO","52","",NA,NA,8.2,8.2,"8.2","1.64","","","ponderosa pine"
"3002","8/16/2023",108,"PIPO","89","",NA,NA,15,15.2,"15","4.2","4.2","4.4","ponderosa pine"
"3003","8/16/2023",108,"PIPO","79","",NA,NA,13.2,13.8,"14","1.95","","","ponderosa pine"
"3004","8/16/2023",108,"PIPO","72","",NA,NA,13.2,13.2,"12.8","4.4","4.4","4.2","ponderosa pine"
"3005","8/16/2023",108,"PIPO","42","",NA,NA,9.4,9.4,"9.4","2.6","2.6","2.8","ponderosa pine"
"3006","8/16/2023",108,"PIPO","86","",NA,NA,15.2,15.2,"15.2","5.8","5.6","5.8","ponderosa pine"
"3007","8/16/2023",108,"PIPO","88","",NA,NA,11.6,12,"11.6","3.8","3.4","3.6","ponderosa pine"
"3008","8/16/2023",108,"PIPO","150","",NA,NA,15.8,15.6,"15.6","","","","ponderosa pine"
"3009","8/16/2023",108,"PIPO","85","",NA,NA,16,15.8,"15.8","2.17","","","ponderosa pine"
"3010","8/16/2023",108,"PIPO","109","",NA,NA,15.4,15,"15","4.6","4.4","4.4","ponderosa pine"
"3011","8/16/2023",108,"PIPO","65","",NA,NA,12.6,12.6,"12.6","5.8","5.8","5.8","ponderosa pine"
"3012","8/16/2023",108,"PIPO","61","",NA,NA,11.6,11.6,"11.6","4.2","4.2","4","ponderosa pine"
"3013","8/16/2023",108,"PIPO","88","",NA,NA,13,13.2,"12.8","3","3","3","ponderosa pine"
"3014","8/16/2023",108,"PIPO","113","",NA,NA,13.2,12.6,"12.8","1.6","","","ponderosa pine"
"3015","8/16/2023",108,"PIPO","67","",NA,NA,9.4,9.4,"9.8","2.8","2.6","2.8","ponderosa pine"
"3016","8/16/2023",108,"PIPO","75","",NA,NA,14.2,14.2,"14.4","5.2","5.2","5.2","ponderosa pine"
"3017","8/16/2023",108,"PIPO","69","",NA,NA,12.6,12.4,"12.8","4.4","4.8","5","ponderosa pine"
"3018","8/16/2023",108,"PIPO","52","",NA,NA,8.2,8.2,"8.2","1.64","","","ponderosa pine"
"3019","8/16/2023",108,"PIPO","89","",NA,NA,15,15.2,"15","4.2","4.2","4.4","ponderosa pine"
"3020","8/16/2023",108,"PIPO","79","",NA,NA,13.2,13.8,"14","1.95","","","ponderosa pine"
"3021","8/17/2023",109,"PIPO","156","",NA,NA,20,19.8,"20","5.2","5.4","5.4","ponderosa pine"
"3022","8/17/2023",109,"PIPO","49","",NA,NA,6,6.2,"6.2","1.18","","","ponderosa pine"
"3023","8/17/2023",109,"PIPO","43","",NA,NA,8.6,8.6,"8.8","1.6","","","ponderosa pine"
"3024","8/17/2023",109,"PIPO","41","",NA,NA,7.4,7.2,"7.4","0.86","","","ponderosa pine"
"3025","8/17/2023",109,"PIPO","38","",NA,NA,7.2,7.8,"7.4","0.75","","","ponderosa pine"
"3026","8/17/2023",109,"PIPO","138","",NA,NA,25.4,25.6,"25","3.2","3","3.2","ponderosa pine"
"3027","8/17/2023",109,"PIPO","94","",NA,NA,19.2,18.8,"19.4","5.8","6","5.4","ponderosa pine"
"3028","8/17/2023",109,"PIPO","100","",NA,NA,11.2,11,"11.4","1.62","","","ponderosa pine"
"3029","8/17/2023",109,"PIPO","88","",NA,NA,17,17.6,"17.4","10","10","9.6","ponderosa pine"
"3030","8/17/2023",109,"PIPO","105","",NA,NA,19.6,19.4,"19.4","6","5.8","5.8","ponderosa pine"
"3031","8/17/2023",109,"PIPO","120","",NA,NA,17,16.8,"17.4","2.6","2.6","2.6","ponderosa pine"
"3032","8/17/2023",109,"PIPO","177","",NA,NA,20.4,19.6,"20.4","1.85","","","ponderosa pine"
"3033","8/17/2023",109,"PIPO","128","",NA,NA,21.4,21,"21.2","9","9","9","ponderosa pine"
"3034","8/17/2023",109,"PIPO","68","",NA,NA,11.2,11.2,"11.6","7.4","7.4","7.4","ponderosa pine"
"3035","8/17/2023",109,"PIPO","138","",NA,NA,20.2,19.6,"19.8","1.8","","","ponderosa pine"
"3036","8/17/2023",109,"PIPO","137","",NA,NA,19.6,20.2,"20.2","3.8","3.8","3.6","ponderosa pine"
"3037","8/17/2023",109,"PIPO","16","",NA,NA,1.98,NA,"","0.05","","","ponderosa pine"
"3038","8/17/2023",109,"PIPO","102","",NA,NA,15.6,15.6,"15.6","1.43","","","ponderosa pine"
"3039","8/17/2023",109,"PIPO","83","",NA,NA,12.6,13,"13","2.35","","","ponderosa pine"
"3040","8/17/2023",109,"PIPO","99","",NA,NA,18,18,"18","5.6","5.6","5.4","ponderosa pine"
"3041","8/17/2023",109,"PIPO","80","",NA,NA,11,11.4,"11.2","3","3.2","3.2","ponderosa pine"
"3042","8/17/2023",109,"PIPO","76","",NA,NA,15.8,16,"16.2","5.4","5.4","5.2","ponderosa pine"
"3043","8/17/2023",109,"PIPO","13","",NA,NA,2.93,NA,"","0.26","","","ponderosa pine"
"3044","8/17/2023",109,"PIPO","76","",NA,NA,11.8,11.8,"12","1.79","","","ponderosa pine"
"3045","8/17/2023",109,"PIPO","156","",NA,NA,20,19.8,"20","5.2","5.4","5.4","ponderosa pine"
"3046","8/17/2023",109,"PIPO","49","",NA,NA,6,6.2,"6.2","1.8","","","ponderosa pine"
"3047","8/17/2023",109,"PIPO","43","",NA,NA,8.6,8.6,"8.8","1.6","","","ponderosa pine"
"3048","8/17/2023",109,"PIPO","41","",NA,NA,7.4,7.2,"7.4","0.86","","","ponderosa pine"
"3049","8/17/2023",109,"PIPO","38","",NA,NA,7.2,7.8,"7.4","0.75","","","ponderosa pine"
"3050","8/17/2023",109,"PIPO","138","",NA,NA,25.4,25.6,"25","3.2","3","3.2","ponderosa pine"
"3051","8/17/2023",109,"PIPO","94","",NA,NA,19.2,18.8,"19.4","5.8","6","5.4","ponderosa pine"
"3052","8/17/2023",109,"PIPO","100","",NA,NA,11.2,11,"11.4","1.62","","","ponderosa pine"
"3053","8/17/2023",109,"PIPO","88","",NA,NA,17,17.6,"17.4","10","10","9.6","ponderosa pine"
"3054","8/17/2023",109,"PIPO","105","",NA,NA,19.6,19.4,"19.4","6","5.8","5.8","ponderosa pine"
"3055","8/17/2023",109,"PIPO","120","",NA,NA,17,16.8,"17.4","2.6","2.6","2.6","ponderosa pine"
"3056","8/17/2023",109,"PIPO","177","",NA,NA,20.4,19.6,"20.4","1.85","","","ponderosa pine"
"3057","8/17/2023",109,"PIPO","128","",NA,NA,21.4,21,"21.2","9","9","9","ponderosa pine"
"3058","8/17/2023",109,"PIPO","68","",NA,NA,11.2,11.2,"11.6","7.4","7.4","7.4","ponderosa pine"
"3059","8/17/2023",109,"PIPO","138","",NA,NA,20.2,19.6,"19.8","1.8","","","ponderosa pine"
"3060","8/17/2023",109,"PIPO","137","",NA,NA,19.6,20.2,"20.2","3.8","3.8","3.6","ponderosa pine"
"3061","8/17/2023",109,"PIPO","16","",NA,NA,1.98,NA,"","0.05","","","ponderosa pine"
"3062","8/17/2023",109,"PIPO","102","",NA,NA,15.6,15.6,"15.6","1.53","","","ponderosa pine"
"3063","8/17/2023",109,"PIPO","83","",NA,NA,12.6,13,"13","2.35","","","ponderosa pine"
"3064","8/17/2023",109,"PIPO","99","",NA,NA,18,18,"18","5.6","5.6","5.4","ponderosa pine"
"3065","8/17/2023",109,"PIPO","80","",NA,NA,11,11.4,"11.2","3","3.2","3.2","ponderosa pine"
"3066","8/17/2023",109,"PIPO","76","",NA,NA,15.8,16,"16.2","5.4","5.4","5.2","ponderosa pine"
"3067","8/17/2023",109,"PIPO","13","",NA,NA,2.93,NA,"","0.26","","","ponderosa pine"
"3068","8/17/2023",109,"PIPO","76","",NA,NA,11.8,11.8,"12","1.79","","","ponderosa pine"
"3069","8/17/2023",110,"PIPO","106","",NA,NA,15,15.4,"15","13","12.8","12.4","ponderosa pine"
"3070","8/17/2023",110,"PIPO","137","",NA,NA,24,23.6,"22.4","12.6","12.4","12.4","ponderosa pine"
"3071","8/17/2023",110,"PIPO","123","",NA,NA,20.4,20.8,"21.6","13","12.8","13.4","ponderosa pine"
"3072","8/17/2023",110,"PIPO","106","",NA,NA,13.4,14.2,"14.2","8.8","8.8","9","ponderosa pine"
"3073","8/17/2023",110,"PIPO","104","",NA,NA,11.2,12.2,"11.2","5.8","5.6","5.4","ponderosa pine"
"3074","8/17/2023",110,"PIPO","92","",NA,NA,12.2,12.2,"12.4","","","","ponderosa pine"
"3075","8/17/2023",110,"PIPO","115","",NA,NA,14.8,14.4,"14.8","6","6.2","6","ponderosa pine"
"3076","8/17/2023",110,"PIPO","69","",NA,NA,12,11,"11.6","3.4","3.4","3.8","ponderosa pine"
"3077","8/17/2023",110,"PIPO","131","",NA,NA,19.4,19.4,"19.6","4.6","4.4","4.4","ponderosa pine"
"3078","8/17/2023",110,"PIPO","134","",NA,NA,24.2,24,"24.2","3.2","3.4","3.4","ponderosa pine"
"3079","8/17/2023",110,"PIPO","112","",NA,NA,22.4,22.8,"21.6","15.2","15","14.4","ponderosa pine"
"3080","8/17/2023",110,"PIPO","124","",NA,NA,18.6,19.4,"19.2","8.8","8.4","8.8","ponderosa pine"
"3081","8/17/2023",110,"PIPO","113","",NA,NA,19.4,19.6,"19.6","4.6","4.2","4.4","ponderosa pine"
"3082","8/17/2023",110,"PIPO","117","",NA,NA,24.4,24.4,"23.6","6.8","6","6","ponderosa pine"
"3083","8/17/2023",110,"PIPO","106","",NA,NA,22.6,23.4,"23","15","15.4","15","ponderosa pine"
"3084","8/17/2023",110,"PIPO","104","",NA,NA,21.8,21.2,"21.4","8.6","8.4","8.4","ponderosa pine"
"3085","8/17/2023",110,"PIPO","123","",NA,NA,21.2,21.4,"21.4","4.6","4.8","4.6","ponderosa pine"
"3086","8/22/2023",111,"PIPO","53","",NA,NA,7.2,7,"7","1.15","","","ponderosa pine"
"3087","8/22/2023",111,"PIPO","62","",NA,NA,8.6,8.6,"8.6","1.41","","","ponderosa pine"
"3088","8/22/2023",111,"PIPO","20","56",70,28,9.6,9.8,"9.6","1.15","","","ponderosa pine"
"3089","8/22/2023",111,"ABLAA","138","",NA,NA,16.4,16.8,"16.8","1.37","","","ponderosa pine"
"3090","8/22/2023",111,"PSME","29","",NA,NA,5,5,"5","0.05","","","ponderosa pine"
"3091","8/22/2023",111,"PIPO","33","",NA,NA,5.8,5.6,"5.8","1.33","","","ponderosa pine"
"3092","8/22/2023",111,"PIPO","19","",NA,NA,4.2,4,"4.2","0.95","","","ponderosa pine"
"3093","8/22/2023",111,"PIPO","44","",NA,NA,5.6,5.4,"5.2","1.73","","","ponderosa pine"
"3094","8/22/2023",111,"PSME","98","",NA,NA,9.8,10,"10.4","","","","ponderosa pine"
"3095","8/22/2023",111,"ABCO","128","",NA,NA,16.4,16.6,"16.6","3.2","3.2","3","ponderosa pine"
"3096","8/22/2023",111,"ABCO","86","",NA,NA,16.2,17,"16.4","2.1","","","ponderosa pine"
"3097","8/22/2023",111,"ABCO","42","",NA,NA,8.2,7.6,"7.8","","","","ponderosa pine"
"3098","8/22/2023",111,"ABCO","101","",NA,NA,15.4,15.8,"16.7","","","","ponderosa pine"
"3099","8/22/2023",111,"PIPO","33","",NA,NA,4.2,4.4,"4","0.89","","","ponderosa pine"
"3100","8/22/2023",111,"PIPO","30","",NA,NA,4,3.8,"3.6","0.26","","","ponderosa pine"
"3101","8/22/2023",111,"PIPO","30","",NA,NA,5,5,"5","1.08","","","ponderosa pine"
"3102","8/22/2023",111,"PIPO","31","",NA,NA,5.2,5,"5","0.61","","","ponderosa pine"
"3103","8/22/2023",111,"PIPO","13","",NA,NA,2.9,NA,"","0.26","","","ponderosa pine"
"3104","8/22/2023",111,"PIPO","40","",NA,NA,5.8,5.8,"5.8","0.73","","","ponderosa pine"
"3105","8/22/2023",111,"PSME","145","",NA,NA,16.8,17.2,"16.8","4.8","4.8","4.6","ponderosa pine"
"3106","8/22/2023",111,"PSME","105","59",NA,NA,15.2,15,"15","4.2","4","4","ponderosa pine"
"3107","8/22/2023",111,"PIPO","62","",NA,NA,7.8,7.8,"7.8","1.83","","","ponderosa pine"
"3108","8/22/2023",111,"PIPO","30","",NA,NA,4.8,4.8,"4.6","1.09","","","ponderosa pine"
"3109","8/22/2023",111,"PSME","93","",NA,NA,12.4,12.8,"12.4","5.2","5.4","5.2","ponderosa pine"
"3110","8/22/2023",111,"PIPO","55","",NA,NA,6,6.4,"6.4","1.43","","","ponderosa pine"
"3111","8/22/2023",111,"PIPO","57","",NA,NA,8,7.8,"8.2","2.28","","","ponderosa pine"
"3112","8/22/2023",111,"PIPO","48","",NA,NA,8,8,"7.8","1.78","","","ponderosa pine"
"3113","8/22/2023",111,"PIPO","63","",NA,NA,5.6,6,"5.6","0.27","","","ponderosa pine"
"3114","8/22/2023",111,"PIPO","47","",NA,NA,7.6,7.6,"7.4","1.39","","","ponderosa pine"
"3115","8/22/2023",112,"PIPO","83","",NA,NA,11.6,11.6,"11.8","5","5","5","mixed conifer"
"3116","8/22/2023",112,"PSME","15","",NA,NA,3.4,2.8,"2.8","0.23","","","mixed conifer"
"3117","8/22/2023",112,"PIAR","31","",NA,NA,5.6,6,"5.2","1.3","","","mixed conifer"
"3118","8/22/2023",112,"POTR5","76","",NA,NA,5.6,6,"6.2","3.4","3.6","3.4","mixed conifer"
"3119","8/22/2023",112,"POTR5","39","",NA,NA,7.8,7.6,"7.8","","","","mixed conifer"
"3120","8/22/2023",112,"PORT5","44","",NA,NA,10,9.8,"10.2","","","","mixed conifer"
"3121","8/22/2023",112,"PSME","15","",NA,NA,3.2,3.2,"3","1.55","","","mixed conifer"
"3122","8/22/2023",112,"PSME","15","",NA,NA,2.8,2.8,"3","","","","mixed conifer"
"3123","8/22/2023",112,"PSME","16","",NA,NA,2.8,3,"2.8","0.01","","","mixed conifer"
"3124","8/22/2023",112,"PIPO","60","",NA,NA,9.2,9.2,"9","1.54","","","mixed conifer"
"3125","8/22/2023",112,"PSME","19","29",NA,NA,4.6,5,"4.8","0.33","","","mixed conifer"
"3126","8/22/2023",112,"PSME","19","",NA,NA,3.8,3.8,"3.4","0.56","","","mixed conifer"
"3127","8/22/2023",112,"PIPO","79","",NA,NA,12.6,12.6,"12.8","2","2.2","2","mixed conifer"
"3128","8/22/2023",112,"PIPO","44","",NA,NA,9.2,9,"9","3","3.4","3.4","mixed conifer"
"3129","8/22/2023",112,"PIPO","17","",NA,NA,4.6,4.4,"4.6","1.12","","","mixed conifer"
"3130","8/22/2023",112,"PIPO","49","",NA,NA,9.4,9.4,"9.6","1.1","","","mixed conifer"
"3131","8/22/2023",112,"PIPO","30","",NA,NA,6.6,6.6,"7.2","1.2","","","mixed conifer"
"3132","8/22/2023",112,"PIPO","23","",NA,NA,4,4.2,"4","1.23","","","mixed conifer"
"3133","8/22/2023",112,"POTR5","50","",NA,NA,9.4,9.2,"9.6","","","","mixed conifer"
"3134","8/22/2023",112,"PSME","15","",NA,NA,2.6,3,"3.2","0.25","","","mixed conifer"
"3135","8/22/2023",112,"POTR5","68","69",117,NA,14.4,14.2,"15","","","","mixed conifer"
"3136","8/22/2023",112,"POTR5","48","",NA,NA,15,15.4,"15","","","","mixed conifer"
"3137","8/22/2023",112,"POTR5","69","53",36,119,16.2,16.2,"15.8","9.6","9.4","9.8","mixed conifer"
"3138","8/22/2023",112,"POTR5","67","",NA,NA,13.6,13.4,"13","","","","mixed conifer"
"3139","8/22/2023",112,"POTR5","72","",NA,NA,16.8,16.2,"17","","","","mixed conifer"
"3140","8/22/2023",112,"PSME","19","",NA,NA,3.8,3.2,"4","0.72","","","mixed conifer"
"3141","8/22/2023",112,"PSME","20","",NA,NA,3.4,3.4,"3.6","0.5","","","mixed conifer"
"3142","8/22/2023",112,"PORT5","48","",NA,NA,12.6,12.4,"11.8","","","","mixed conifer"
"3143","8/22/2023",112,"PIPO","17","",NA,NA,2.6,3,"3","0.95","","","mixed conifer"
"3144","8/22/2023",112,"PSME","16","",NA,NA,3.2,2.8,"3.4","0.01","","","mixed conifer"
"3145","8/22/2023",112,"POTR5","50","",NA,NA,12.2,12.8,"12.4","5.4","5.4","5.4","mixed conifer"
"3146","8/22/2023",112,"POTR5","55","",NA,NA,10.8,10.6,"11.4","6","6.4","6.2","mixed conifer"
"3147","8/22/2023",112,"PSME","22","",NA,NA,2.4,3,"2.6","0.6","","","mixed conifer"
"3148","8/22/2023",112,"POTR5","77","",NA,NA,15.8,15.2,"15.6","","","","mixed conifer"
"3149","8/22/2023",112,"POTR5","50","",NA,NA,12.2,13,"12.2","7.8","7.2","7.2","mixed conifer"
"3150","8/22/2023",112,"POTR5","58","",NA,NA,13,13.6,"13.4","8.4","8.8","8.8","mixed conifer"
"3151","8/22/2023",112,"POTR5","44","",NA,NA,11.2,11,"10.8","","","","mixed conifer"
"3152","8/22/2023",112,"POTR5","53","",NA,NA,10.6,10.6,"11","5.6","5.8","5.4","mixed conifer"
"3153","8/22/2023",112,"PSME","18","",NA,NA,3.2,3,"3.2","0.01","","","mixed conifer"
"3154","8/22/2023",112,"PIPO","14","",NA,NA,2.4,2.4,"2.2","0.33","","","mixed conifer"
"3155","8/22/2023",112,"POTR5","55","",NA,NA,12.4,11.6,"11.6","8.6","8.4","8.2","mixed conifer"
"3156","8/22/2023",112,"POTR5","23","",NA,NA,6.2,6.4,"5.8","","","","mixed conifer"
"3157","8/22/2023",112,"PIPO","25","",NA,NA,4.2,4.2,"4","0.1","","","mixed conifer"
"3158","8/22/2023",112,"POTR5","68","",NA,NA,14.8,14.8,"14","7.8","7","7","mixed conifer"
"3159","8/22/2023",112,"POTR5","26","",NA,NA,6.4,6.2,"6","","","","mixed conifer"
"3160","8/22/2023",112,"POTR5","20","",NA,NA,3.6,4.2,"3.8","","","","mixed conifer"
"3161","8/22/2023",112,"PSME","15","",NA,NA,2.2,2.2,"2.2","0.72","","","mixed conifer"
"3162","8/22/2023",112,"POTR5","26","",NA,NA,8.4,8.8,"9","","","","mixed conifer"
"3163","8/22/2023",112,"POTR5","53","",NA,NA,14,13.6,"14.2","4.8","4.4","4.4","mixed conifer"
"3164","8/22/2023",112,"POTR5","41","",NA,NA,11.8,12.4,"13","5.8","6","5.8","mixed conifer"
"3165","8/22/2023",112,"POTR5","38","",NA,NA,10.4,10.4,"11","","","","mixed conifer"
"3166","8/22/2023",112,"POTR5","58","",NA,NA,12.2,11.6,"11.8","8.4","8.4","8.8","mixed conifer"
"3167","8/22/2023",112,"POTR5","30","",NA,NA,8.2,8,"7.8","","","","mixed conifer"
"3168","8/22/2023",112,"PIPO","32","",NA,NA,4.4,4.8,"4.6","1.85","","","mixed conifer"
"3169","8/22/2023",112,"POTR5","34","",NA,NA,8,9,"9.2","5.8","5","6","mixed conifer"
"3170","8/22/2023",112,"POTR5","55","",NA,NA,10.8,11.2,"11.4","6","5.8","5.8","mixed conifer"
"3171","8/22/2023",112,"POTR5","53","",NA,NA,12.2,12,"12","6.4","6.2","5.8","mixed conifer"
"3172","8/22/2023",112,"PSME","18","",NA,NA,3.2,3.2,"3","1.6","","","mixed conifer"
"3173","8/22/2023",112,"PSME","21","",NA,NA,2.8,2.8,"2.8","1.78","","","mixed conifer"
"3174","8/22/2023",112,"PSME","17","",NA,NA,3.2,3,"3.2","0.6","","","mixed conifer"
"3175","8/22/2023",112,"PSME","120","",NA,NA,15.6,15.2,"15.6","4.4","3.6","4","mixed conifer"
"3176","8/22/2023",112,"PSME","222","",NA,NA,26.4,26.6,"27.2","2.6","","","mixed conifer"
"3177","8/22/2023",112,"PIPO","14","",NA,NA,2.8,3,"2.6","0.6","","","mixed conifer"
"3178","8/22/2023",112,"PIPO","39","",NA,NA,7.8,7.8,"8","2.6","2.6","2.8","mixed conifer"
"3179","8/22/2023",112,"PSME","42","",NA,NA,6.2,6.6,"6.8","1.07","","","mixed conifer"
"3180","8/22/2023",112,"PSME","20","",NA,NA,3,3.2,"3.2","0.3","","","mixed conifer"
"3181","8/22/2023",112,"PSME","19","",NA,NA,2.6,2.6,"2.4","0.47","","","mixed conifer"
"3182","8/22/2023",112,"PSME","182","",NA,NA,5.8,6,"6.2","","","","mixed conifer"
"3183","8/22/2023",112,"PSME","24","",NA,NA,4.2,4,"4.2","1.5","","","mixed conifer"
"3184","8/22/2023",112,"PIPO","58","",NA,NA,11.4,11.4,"11.6","3.4","3.6","3.8","mixed conifer"
"3185","8/22/2023",112,"PSME","29","",NA,NA,3,3.4,"3.2","0.34","","","mixed conifer"
"3186","8/22/2023",112,"PSME","15","",NA,NA,2.4,2.4,"2.2","","","","mixed conifer"
"3187","8/22/2023",112,"PSME","13","",NA,NA,2,1.8,"1.8","1.73","","","mixed conifer"
"3188","8/22/2023",112,"PIPO","59","",NA,NA,10,10.4,"9.4","2.8","2.6","2.8","mixed conifer"
"3189","8/23/2023",113,"PIEN","19","",NA,NA,4.2,4,"3.8","1.27","","","spruce-fir"
"3190","8/23/2023",113,"PSME","56","",NA,NA,11.6,11.6,"11.6","4.4","4.2","4.4","spruce-fir"
"3191","8/23/2023",113,"PSME","35","",NA,NA,5.8,5.8,"5.8","1.61","","","spruce-fir"
"3192","8/23/2023",113,"PSME","78","",NA,NA,12.8,13,"13.2","4.4","4.4","4.4","spruce-fir"
"3193","8/23/2023",113,"PSME","104","",NA,NA,19,19.6,"20.2","7.6","7.8","7.8","spruce-fir"
"3194","8/23/2023",113,"PIEN","13","",NA,NA,2.2,2.6,"2.6","0.14","","","spruce-fir"
"3195","8/23/2023",113,"PSME","118","",NA,NA,24.2,23.6,"24","12.2","12.6","12.2","spruce-fir"
"3196","8/23/2023",113,"PSME","98","",NA,NA,18.4,18.8,"19","12.2","12.2","12.4","spruce-fir"
"3197","8/23/2023",113,"PIEN","19","",NA,NA,2.6,2.6,"2.6","0.88","","","spruce-fir"
"3198","8/23/2023",113,"PIPU","93","",NA,NA,23.2,24,"23.6","0.97","","","spruce-fir"
"3199","8/23/2023",113,"PSME","68","",NA,NA,19.8,19.8,"19.8","9.2","9.2","9.4","spruce-fir"
"3200","8/23/2023",113,"PIEN","77","",NA,NA,19.8,19.6,"19.8","9.2","9.2","9.4","spruce-fir"
"3201","8/23/2023",113,"PIPO","62","",NA,NA,6.6,6.4,"6.2","","","","spruce-fir"
"3202","8/23/2023",113,"PIEN","14","",NA,NA,3.6,3.8,"3.8","","","","spruce-fir"
"3203","8/23/2023",113,"PIEN","14","",NA,NA,3,NA,"","","","","spruce-fir"
"3204","8/23/2023",113,"PIEN","25","",NA,NA,4,4,"3.8","1.27","","","spruce-fir"
"3205","8/23/2023",113,"PIPU","133","",NA,NA,23.8,24.2,"23.8","12.6","12.4","12.4","spruce-fir"
"3206","8/23/2023",113,"PSME","44","",NA,NA,7,7.2,"7","1.83","","","spruce-fir"
"3207","8/23/2023",113,"PIEN","39","",NA,NA,6.6,7.2,"6.6","0.84","","","spruce-fir"
"3208","8/23/2023",113,"PSME","21","",NA,NA,4,4,"3.6","1.72","","","spruce-fir"
"3209","8/23/2023",113,"ABCO","81","47",NA,NA,15.4,15.4,"15","1.74","","","spruce-fir"
"3210","8/23/2023",113,"PIEN","19","",NA,NA,4.2,4.2,"4.2","0.5","","","spruce-fir"
"3211","8/23/2023",113,"PIPO","91","",NA,NA,10.8,11.2,"11.4","4.6","4.8","4.6","spruce-fir"
"3212","8/23/2023",113,"PIEN","25","",NA,NA,3.8,4.2,"4.2","1.6","","","spruce-fir"
"3213","8/23/2023",113,"ABCO","92","",NA,NA,16,16.2,"16","","","","spruce-fir"
"3214","8/23/2023",113,"PIEN","49","",NA,NA,7.8,8,"7.6","1.63","","","spruce-fir"
"3215","8/23/2023",113,"PIPU","95","",NA,NA,16.6,16.8,"17.4","5.2","5.6","6.2","spruce-fir"
"3216","8/23/2023",113,"PIPU","134","",NA,NA,25.2,25.4,"24.8","1.53","","","spruce-fir"
"3217","8/23/2023",113,"PIPU","128","",NA,NA,26,26.8,"26","6.2","6.4","6","spruce-fir"
"3218","8/23/2023",113,"PIEN","123","",NA,NA,28.2,28.4,"28.4","17.4","18.2","17.8","spruce-fir"
"3219","8/23/2023",113,"POTR5","58","",NA,NA,8.8,8.8,"9","","","","spruce-fir"
"3220","8/23/2023",113,"PIEN","47","",NA,NA,7.6,7.6,"7.4","","","","spruce-fir"
"3221","8/23/2023",113,"PIEN","59","",NA,NA,15,15.2,"15.8","1.9","","","spruce-fir"
"3222","8/23/2023",113,"PIEN","118","",NA,NA,28.8,28.4,"29.4","10.8","11.4","11.2","spruce-fir"
"3223","8/23/2023",113,"PIEN","32","",NA,NA,6.8,7,"6.6","1.3","","","spruce-fir"
"3224","8/23/2023",113,"PIEN","98","",NA,NA,22.2,22.8,"22.8","11","11","11","spruce-fir"
"3225","8/23/2023",113,"PIEN","57","",NA,NA,16,16.2,"16","9.8","10","10.2","spruce-fir"
"3226","8/23/2023",113,"PIEN","44","",NA,NA,15,15.2,"15.4","4","4","3.4","spruce-fir"
"3227","8/23/2023",113,"PSME","56","",NA,NA,13.2,13.4,"13.4","4.4","4.4","4.2","spruce-fir"
"3228","8/23/2023",113,"PSME","17","",NA,NA,3,2.6,"2.8","1.27","","","spruce-fir"
"3229","8/23/2023",113,"PIEN","44","",NA,NA,9.2,9.4,"9.4","1.29","","","spruce-fir"
"3230","8/23/2023",113,"PIPU","177","",NA,NA,31.4,31,"30.6","12.6","12.4","12.6","spruce-fir"
"3231","8/23/2023",113,"ABCO","72","",NA,NA,14.2,14.2,"14.2","2.18","","","spruce-fir"
"3232","8/23/2023",113,"PIEN","169","",NA,NA,28.6,28.6,"28.4","7.4","7.4","7.4","spruce-fir"
"3233","8/23/2023",114,"PSME","59","",NA,NA,9.8,9.8,"9.2","2.1","","","mixed conifer"
"3234","8/23/2023",114,"PSME","16","",NA,NA,4.6,4.8,"4.2","","","","mixed conifer"
"3235","8/23/2023",114,"PSME","77","",NA,NA,12.6,12.8,"13.2","1","","","mixed conifer"
"3236","8/23/2023",114,"PSME","33","",NA,NA,7.4,7,"7.2","6.6","6.8","6","mixed conifer"
"3237","8/23/2023",114,"PSME","16","",NA,NA,2.1,NA,"","0.65","","","mixed conifer"
"3238","8/23/2023",114,"PSME","26","",NA,NA,3.6,3.6,"3.4","1.25","","","mixed conifer"
"3239","8/23/2023",114,"PSME","32","",NA,NA,7.4,7.6,"8","4","4.2","3.8","mixed conifer"
"3240","8/23/2023",114,"PSME","27","",NA,NA,6.8,7,"7.2","","","","mixed conifer"
"3241","8/23/2023",114,"POTR5","68","",NA,NA,14.6,15.6,"14.8","5.6","5.8","5.8","mixed conifer"
"3242","8/23/2023",114,"PSME","23","",NA,NA,5.2,5,"5","","","","mixed conifer"
"3243","8/23/2023",114,"POTR5","46","",NA,NA,14.6,13.8,"14.8","","","","mixed conifer"
"3244","8/23/2023",114,"PSME","38","",NA,NA,7.6,8,"7.2","3.6","3.6","3.6","mixed conifer"
"3245","8/23/2023",114,"POTR5","23","",NA,NA,7.2,7.4,"7.4","","","","mixed conifer"
"3246","8/23/2023",114,"PSME","25","",NA,NA,4.4,4.8,"4.6","","","","mixed conifer"
"3247","8/23/2023",114,"PSME","39","",NA,NA,7.2,6.2,"6.8","1.73","","","mixed conifer"
"3248","8/23/2023",114,"PSME","23","",NA,NA,6.6,6.6,"6.4","5","4.6","4.8","mixed conifer"
"3249","8/23/2023",114,"PSME","171","",NA,NA,23.6,23,"23.2","9.4","9.6","9.8","mixed conifer"
"3250","8/23/2023",114,"PSME","38","",NA,NA,8.8,9,"8.8","","","","mixed conifer"
"3251","8/23/2023",114,"PIPU","52","",NA,NA,10.8,11,"11.2","7","7","6.4","mixed conifer"
"3252","8/23/2023",114,"PSME","40","",NA,NA,11.2,11.4,"11.2","7.2","7.4","7.2","mixed conifer"
"3253","8/23/2023",114,"PSME","37","",NA,NA,9.6,10,"9.4","3.8","4.2","4","mixed conifer"
"3254","8/23/2023",114,"PSME","71","",NA,NA,12.2,12.2,"12","4.6","4.4","4.6","mixed conifer"
"3255","8/23/2023",114,"PSME","20","",NA,NA,4.8,4.6,"5","","","","mixed conifer"
"3256","8/23/2023",114,"PSME","13","",NA,NA,3.2,3.2,"3.2","1.5","","","mixed conifer"
"3257","8/23/2023",114,"PSME","24","",NA,NA,5,5,"5","3.8","3.8","3.4","mixed conifer"
"3258","8/23/2023",114,"PSME","55","",NA,NA,9.4,9.4,"9.6","6.2","6.2","6","mixed conifer"
"3259","8/23/2023",114,"POTR5","78","",NA,NA,19,18.8,"19.6","","","","mixed conifer"
"3260","8/23/2023",114,"PSME","25","",NA,NA,4.8,5.4,"4.8","","","","mixed conifer"
"3261","8/23/2023",114,"PSME","45","",NA,NA,3,3.2,"3","","","","mixed conifer"
"3262","8/23/2023",114,"ABCO","14","",NA,NA,2.2,2.4,"2.6","0.88","","","mixed conifer"
"3263","8/23/2023",114,"PSME","92","",NA,NA,18.6,18,"18.2","8.2","8.4","8.4","mixed conifer"
"3264","8/23/2023",114,"PSME","34","",NA,NA,8,8.2,"8","","","","mixed conifer"
"3265","8/23/2023",114,"POTR5","31","",NA,NA,5.2,5,"5.4","","","","mixed conifer"
"3266","8/23/2023",114,"PSME","63","",NA,NA,12.6,12.6,"12.6","7","6.8","6.8","mixed conifer"
"3267","8/23/2023",114,"PSME","45","",NA,NA,6.4,6.6,"6.2","","","","mixed conifer"
"3268","8/23/2023",114,"PSME","68","",NA,NA,11,11.6,"11.2","5","4.8","5","mixed conifer"
"3269","8/23/2023",114,"POTR5","67","",NA,NA,13.8,14.2,"14.2","","","","mixed conifer"
"3270","8/23/2023",114,"PSME","38","",NA,NA,7.6,7.6,"7.6","4.2","4.6","4.4","mixed conifer"
"3271","8/23/2023",114,"POTR5","96","",NA,NA,17.6,17.2,"16.8","","","","mixed conifer"
"3272","8/23/2023",114,"PSME","16","",NA,NA,2.8,3,"3.2","","","","mixed conifer"
"3273","8/23/2023",114,"PSME","18","",NA,NA,3.4,3.2,"3","1.2","","","mixed conifer"
"3274","8/23/2023",114,"PSME","37","",NA,NA,7.2,7.2,"7.4","5.2","5.2","5.4","mixed conifer"
"3275","8/23/2023",114,"POTR5","89","",NA,NA,11.2,11.6,"11.6","","","","mixed conifer"
"3276","8/23/2023",114,"PSME","18","",NA,NA,3.4,3.8,"3.8","1.3","","","mixed conifer"
"3277","8/23/2023",114,"PSME","52","",NA,NA,8.8,8.6,"8.4","4.4","4.6","4.2","mixed conifer"
"3278","8/23/2023",114,"PSME","32","",NA,NA,11.2,10.4,"10.2","7.6","8","8","mixed conifer"
"3279","8/23/2023",114,"PSME","140","",NA,NA,21,21,"20.2","6.8","6.6","6.6","mixed conifer"
"3280","8/23/2023",114,"ABCO","19","",NA,NA,3.4,3.8,"3.4","0.01","","","mixed conifer"
"3281","8/23/2023",114,"PSME","70","",NA,NA,15.4,15.8,"15.6","7.6","7.4","7.4","mixed conifer"
"3282","8/23/2023",114,"POTR5","72","",NA,NA,17.2,16.2,"17.2","","","","mixed conifer"
"3283","8/23/2023",114,"POTR5","69","",NA,NA,9.4,9.4,"9.4","","","","mixed conifer"
"3284","8/23/2023",114,"PIFL2","77","",NA,NA,13.2,13,"13.4","5","5.6","5.4","mixed conifer"
"3285","8/23/2023",114,"PSME","21","",NA,NA,3.4,3.2,"3.2","1.58","","","mixed conifer"
"3286","8/23/2023",114,"PSME","43","",NA,NA,8,8.2,"8.2","3.4","3.6","3.4","mixed conifer"
"3287","8/23/2023",114,"PSME","35","",NA,NA,9.6,9.2,"9.2","6.4","6.2","6.2","mixed conifer"
"3288","8/23/2023",114,"PSME","32","",NA,NA,8.4,8.8,"8.4","6.8","7","6.8","mixed conifer"
"3289","8/23/2023",114,"PSME","93","",NA,NA,15.2,15.8,"15.4","5.2","5.2","5.4","mixed conifer"
"3290","8/23/2023",114,"PSME","80","",NA,NA,16.4,15.8,"15.8","3","3.2","3.4","mixed conifer"
"3291","8/23/2023",114,"PSME","55","",NA,NA,12,12.2,"12.2","6.8","6.8","6.8","mixed conifer"
"3292","8/23/2023",114,"PSME","26","",NA,NA,4.2,4.4,"4.2","","","","mixed conifer"
"3293","8/23/2023",114,"PSME","105","",NA,NA,15.8,16,"15.2","8.4","8.6","8.2","mixed conifer"
"3294","8/23/2023",114,"PSME","22","",NA,NA,4.8,4.8,"4.8","","","","mixed conifer"
"3295","8/23/2023",114,"ABCO","14","",NA,NA,3.4,2.8,"3.6","1.4","","","mixed conifer"
"3296","8/23/2023",114,"PSME","55","",NA,NA,8.6,8.4,"9.4","","","","mixed conifer"
"3297","8/23/2023",114,"ABCO","14","",NA,NA,2.2,2.4,"2.2","0.3","","","mixed conifer"
"3298","8/23/2023",114,"PSME","19","",NA,NA,4,3.6,"4","","","","mixed conifer"
"3299","8/23/2023",114,"PIFL2","40","",NA,NA,8.4,8.2,"7.8","1.25","","","mixed conifer"
"3300","8/23/2023",114,"PSME","154","",NA,NA,23.8,23,"24","3.8","4","3.8","mixed conifer"
"3301","8/23/2023",114,"PSME","57","",NA,NA,11.4,11.4,"11.6","4","4","4","mixed conifer"
"3302","8/23/2023",114,"PSME","30","",NA,NA,6.4,7,"6.6","","","","mixed conifer"
"3303","8/23/2023",114,"PSME","61","",NA,NA,15.2,14.4,"15","8.4","7.8","8.2","mixed conifer"
"3304","8/23/2023",114,"POTR5","83","",NA,NA,15.2,15,"14.8","","","","mixed conifer"
"3305","8/23/2023",114,"POTR5","73","",NA,NA,12.4,12.6,"12","","","","mixed conifer"
"3306","8/23/2023",114,"PSME","19","",NA,NA,4.2,4.2,"4.4","","","","mixed conifer"
"3307","8/23/2023",114,"PSME","59","",NA,NA,11,10.6,"11.2","5.4","6.2","6.2","mixed conifer"
"3308","8/23/2023",114,"PSME","22","",NA,NA,5.8,6,"6","4.6","4.6","4.8","mixed conifer"
"3309","8/23/2023",114,"POTR5","62","",NA,NA,15.2,14.8,"15","","","","mixed conifer"
"3310","8/23/2023",114,"PSME","50","",NA,NA,8.8,9.2,"8.8","3.4","3.6","4","mixed conifer"
"3311","8/23/2023",115,"POTR5","60","",NA,NA,14.8,15,"15.2","8.6","8.6","9.2","ponderosa pine"
"3312","8/23/2023",115,"POTR5","50","",NA,NA,13.4,13.2,"13.8","10","10","10","ponderosa pine"
"3313","8/23/2023",115,"POTR5","50","",NA,NA,13.4,13.8,"14.2","","","","ponderosa pine"
"3314","8/23/2023",115,"POTR5","56","",NA,NA,13.8,13.6,"14","6.6","6.4","6.4","ponderosa pine"
"3315","8/23/2023",115,"ABCO","47","",NA,NA,6.4,6.6,"6.2","0.01","","","ponderosa pine"
"3316","8/23/2023",115,"POTR5","22","",NA,NA,7.6,7.4,"7.4","","","","ponderosa pine"
"3317","8/23/2023",115,"POTR5","55","",NA,NA,12.8,13,"13.6","7.2","7.4","7.6","ponderosa pine"
"3318","8/23/2023",115,"POTR5","43","44",32,71,12.6,12.8,"13.2","7.2","6.8","7.6","ponderosa pine"
"3319","8/23/2023",115,"POTR5","22","",NA,NA,6,6.2,"6","3","2.6","2.6","ponderosa pine"
"3320","8/23/2023",115,"PSME","93","",NA,NA,15,15.8,"14.6","5.2","5","5.2","ponderosa pine"
"3321","8/23/2023",115,"ABCO","52","",NA,NA,8.6,8.6,"8.6","2.6","2.6","2.6","ponderosa pine"
"3322","8/23/2023",115,"ABCO","49","",NA,NA,10.4,10.4,"10.6","0.2","","","ponderosa pine"
"3323","8/23/2023",115,"PSME","56","",NA,NA,10.8,11,"11.4","1.81","","","ponderosa pine"
"3324","8/23/2023",115,"ABCO","48","",NA,NA,7.8,8.2,"8.4","2.06","","","ponderosa pine"
"3325","8/23/2023",115,"ABCO","87","53",90,188,13.8,14.4,"14","0.01","","","ponderosa pine"
"3326","8/23/2023",115,"PIPO","286","",NA,NA,31.2,31.4,"32.2","9.2","8.8","9.2","ponderosa pine"
"3327","8/23/2023",115,"POTR5","69","70",117,NA,17,17,"16.8","5.8","5.6","5.8","ponderosa pine"
"3328","8/23/2023",115,"POTR5","74","",NA,NA,15.6,15.6,"16","7.6","7.8","7.6","ponderosa pine"
"3329","8/23/2023",115,"PIPO","85","",NA,NA,12.2,12,"12.2","2.05","","","ponderosa pine"
"3330","8/23/2023",115,"PSME","14","",NA,NA,3.2,3.4,"3.6","","","","ponderosa pine"
"3331","8/23/2023",115,"PSME","73","",NA,NA,10.4,10.4,"10.6","0.01","","","ponderosa pine"
"3332","8/23/2023",115,"PSME","45","",NA,NA,6,6.2,"6","","","","ponderosa pine"
"3333","8/23/2023",115,"PSME","28","61",14,74,7.4,6.8,"7.2","","","","ponderosa pine"
"3334","8/23/2023",115,"PIPO","38","",NA,NA,9.2,9.4,"9.8","3","3","3","ponderosa pine"
"3335","8/23/2023",115,"ABCO","26","",NA,NA,4.4,4.4,"4.4","","","","ponderosa pine"
"3336","8/23/2023",115,"ABCO","16","",NA,NA,3,3.2,"3","1.07","","","ponderosa pine"
"3337","8/23/2023",115,"POTR5","77","",NA,NA,16.8,17.2,"16.8","6","6","6","ponderosa pine"
"3338","8/23/2023",115,"POTR5","35","",NA,NA,9.8,9.6,"9.6","5","5","5.2","ponderosa pine"
"3339","8/23/2023",115,"POTR5","43","",NA,NA,13.6,13.6,"13.4","","","","ponderosa pine"
"3340","8/23/2023",115,"POTR5","43","",NA,NA,13,13,"13.2","","","","ponderosa pine"
"3341","8/23/2023",115,"PSME","24","57",70,NA,7.2,7.2,"7.4","1.08","","","ponderosa pine"
"3342","8/23/2023",115,"ABCO","38","",NA,NA,6.8,6.8,"7.2","3","3.2","3","ponderosa pine"
"3343","8/23/2023",115,"ABCO","36","",NA,NA,5.2,5.2,"5.2","","","","ponderosa pine"
"3344","8/23/2023",115,"ABCO","36","",NA,NA,8.4,8.8,"8.6","","","","ponderosa pine"
"3345","8/23/2023",115,"ABCO","109","",NA,NA,16,16.2,"16.4","0.88","","","ponderosa pine"
"3346","8/23/2023",115,"ABCO","106","",NA,NA,15.2,15.2,"15.2","2.4","2.4","2.6","ponderosa pine"
"3347","8/23/2023",115,"ABCO","59","",NA,NA,12,11.8,"12","3.4","3.2","3.4","ponderosa pine"
"3348","8/23/2023",115,"ABCO","60","",NA,NA,4.6,4.4,"4.2","","","","ponderosa pine"
"3349","8/23/2023",115,"ABCO","48","34",68,NA,6.2,6,"6.2","","","","ponderosa pine"
"3350","8/24/2023",116,"PSME","70","",NA,NA,13.2,13.6,"13.4","3.8","3.6","3.6","mixed conifer"
"3351","8/24/2023",116,"ABCO","45","",NA,NA,8.8,8.6,"8.2","0.65","","","mixed conifer"
"3352","8/24/2023",116,"PSME","36","",NA,NA,5.4,5.4,"5.4","1.4","","","mixed conifer"
"3353","8/24/2023",116,"PSME","30","",NA,NA,4.4,4.2,"4.2","0.7","","","mixed conifer"
"3354","8/24/2023",116,"PSME","42","",NA,NA,7.4,7.2,"6.8","1.2","","","mixed conifer"
"3355","8/24/2023",116,"POTR5","48","",NA,NA,12.8,13,"13.6","7.8","8.2","7.8","mixed conifer"
"3356","8/24/2023",116,"PSME","92","",NA,NA,15,15.2,"14.8","4.4","4.4","4.4","mixed conifer"
"3357","8/24/2023",116,"PSME","33","",NA,NA,6,6,"6.2","0.75","","","mixed conifer"
"3358","8/24/2023",116,"PSME","95","",NA,NA,14.2,14.2,"14.2","1.63","","","mixed conifer"
"3359","8/24/2023",116,"PSME","58","",NA,NA,9.4,9.4,"9.2","2.4","2.6","2.6","mixed conifer"
"3360","8/24/2023",116,"PSME","30","",NA,NA,5,5.2,"5.4","","","","mixed conifer"
"3361","8/24/2023",116,"PSME","52","",NA,NA,11.4,10.8,"10.8","4","4.2","4","mixed conifer"
"3362","8/24/2023",116,"POTR5","28","",NA,NA,5,5,"4.8","","","","mixed conifer"
"3363","8/24/2023",116,"ABCO","64","",NA,NA,15.6,15.4,"15.6","3.4","3.4","3.2","mixed conifer"
"3364","8/24/2023",116,"PSME","79","",NA,NA,13,13.6,"14.2","6.6","7","6.8","mixed conifer"
"3365","8/24/2023",116,"PSME","30","",NA,NA,3.8,4,"3.6","1.1","","","mixed conifer"
"3366","8/24/2023",116,"PSME","98","",NA,NA,17.6,17,"17.4","1.25","","","mixed conifer"
"3367","8/24/2023",116,"PIPO","105","",NA,NA,17.6,17.2,"17.6","1.25","","","mixed conifer"
"3368","8/24/2023",116,"PSME","20","",NA,NA,3.4,3.4,"3.4","0.6","","","mixed conifer"
"3369","8/24/2023",116,"PSME","60","",NA,NA,8.6,8,"8","4.4","4.6","4.4","mixed conifer"
"3370","8/24/2023",116,"PSME","93","",NA,NA,14,14.6,"14.2","4.6","4.4","4.4","mixed conifer"
"3371","8/24/2023",116,"PSME","53","",NA,NA,7.6,7.6,"7.6","2.4","2","2","mixed conifer"
"3372","8/24/2023",116,"PSME","15","",NA,NA,2.8,2.8,"2.8","0.85","","","mixed conifer"
"3373","8/24/2023",116,"PSME","70","",NA,NA,6.8,6.8,"7","0.65","","","mixed conifer"
"3374","8/24/2023",116,"POTR5","50","",NA,NA,11,11,"11.2","5.2","5","5.4","mixed conifer"
"3375","8/24/2023",116,"POTR5","18","",NA,NA,4.6,4.6,"4.4","3","3","3.2","mixed conifer"
"3376","8/24/2023",116,"POTR5","36","",NA,NA,9.4,9.4,"9.4","6","5.8","5.6","mixed conifer"
"3377","8/24/2023",116,"POTR5","51","",NA,NA,12,12,"12","3.4","3.6","3.6","mixed conifer"
"3378","8/24/2023",116,"POTR5","48","",NA,NA,12.2,11.6,"11.6","4.8","4.6","4.8","mixed conifer"
"3379","8/24/2023",116,"POTR5","75","",NA,NA,12.4,12.8,"12.4","4.6","4.6","4.6","mixed conifer"
"3380","8/24/2023",116,"POTR5","50","",NA,NA,11,10.6,"10.4","5.6","5.4","5.4","mixed conifer"
"3381","8/24/2023",116,"POTR5","42","",NA,NA,10.2,10.6,"10.4","5.6","5.4","5.4","mixed conifer"
"3382","8/24/2023",116,"PSME","98","",NA,NA,14.8,14.6,"15.8","2.07","","","mixed conifer"
"3383","8/24/2023",116,"PSME","136","",NA,NA,21.2,20.4,"20.6","8.2","8.4","8","mixed conifer"
"3384","8/24/2023",116,"PSME","150","",NA,NA,20.8,20.8,"20.6","9.6","9.4","9.2","mixed conifer"
"3385","8/24/2023",116,"PSME","136","",NA,NA,15.8,15.8,"16","1.45","","","mixed conifer"
"3386","8/24/2023",116,"PSME","15","",NA,NA,3.4,3.4,"3.4","1.2","","","mixed conifer"
"3387","8/24/2023",116,"PSME","58","",NA,NA,8.6,8.8,"8.6","0.9","","","mixed conifer"
"3388","8/24/2023",116,"POTR5","22","",NA,NA,7.4,7.2,"7.2","","","","mixed conifer"
"3389","8/24/2023",116,"PSME","44","",NA,NA,8.2,8.2,"7.8","4.2","4.2","4.2","mixed conifer"
"3390","8/24/2023",116,"POTR5","87","",NA,NA,14.6,13.8,"13.6","","","","mixed conifer"
"3391","8/24/2023",116,"PSME","63","",NA,NA,10.8,11,"11.4","2.2","2.6","2.4","mixed conifer"
"3392","8/24/2023",116,"POTR5","90","",NA,NA,15.8,15,"15.6","","","","mixed conifer"
"3393","8/24/2023",116,"POTR5","21","",NA,NA,6.8,7.6,"7.4","","","","mixed conifer"
"3394","8/24/2023",116,"PSME","71","",NA,NA,12,12.2,"12.2","1.85","","","mixed conifer"
"3395","8/24/2023",116,"PSME","42","",NA,NA,7,7,"6.8","1.7","","","mixed conifer"
"3396","8/24/2023",116,"POTR5","44","",NA,NA,10,9.8,"9.8","6.6","6.8","6.4","mixed conifer"
"3397","8/24/2023",117,"PSME","57","",NA,NA,8.6,9.4,"8.8","2.48","","","spruce-fir"
"3398","8/24/2023",117,"ABCO","77","",NA,NA,11.4,11.4,"1.16","","","","spruce-fir"
"3399","8/24/2023",117,"PIPO","111","",NA,NA,19.2,18.8,"19.4","7","6.8","6.8","spruce-fir"
"3400","8/24/2023",117,"ABCO","138","",NA,NA,19.6,19,"19","3.6","3.8","3.6","spruce-fir"
"3401","8/24/2023",117,"ABCO","55","",NA,NA,7.2,7.8,"7","1.18","","","spruce-fir"
"3402","8/24/2023",117,"ABCO","61","",NA,NA,9.2,8.6,"9.4","0.96","","","spruce-fir"
"3403","8/24/2023",117,"ABCO","27","",NA,NA,4.4,4.4,"4.4","","","","spruce-fir"
"3404","8/24/2023",117,"ABCO","116","",NA,NA,19.6,19,"19.2","6.6","6.8","6.6","spruce-fir"
"3405","8/24/2023",117,"PIPO","136","",NA,NA,24,24,"24","12.6","12.4","12.6","spruce-fir"
"3406","8/24/2023",117,"ABCO","104","",NA,NA,12.4,12.2,"12.4","5.2","5.6","5.6","spruce-fir"
"3407","8/24/2023",117,"PIPO","61","",NA,NA,9.4,9.8,"10","","","","spruce-fir"
"3408","8/24/2023",117,"PSME","37","",NA,NA,7.8,8,"7.6","4","4","3.6","spruce-fir"
"3409","8/24/2023",117,"PSME","45","",NA,NA,8.6,9,"8.6","","","","spruce-fir"
"3410","8/24/2023",117,"PIPO","138","",NA,NA,22.2,21.4,"22.2","10.4","10.4","10.4","spruce-fir"
"3411","8/24/2023",117,"PSME","14","",NA,NA,3,2.8,"3","1.53","","","spruce-fir"
"3412","8/24/2023",117,"PSME","113","",NA,NA,20.4,20.2,"21.4","5","5.4","5","spruce-fir"
"3413","8/24/2023",117,"PSME","19","",NA,NA,3.4,3,"3.4","0.76","","","spruce-fir"
"3414","8/24/2023",117,"PSME","17","",NA,NA,3.2,3.2,"3.4","1.2","","","spruce-fir"
"3415","8/24/2023",117,"ABCO","90","",NA,NA,15.6,15.6,"15.4","1.94","","","spruce-fir"
"3416","8/24/2023",117,"PSME","70","",NA,NA,14.8,15.2,"14.6","3","3","2.8","spruce-fir"
"3417","8/24/2023",117,"PSME","40","",NA,NA,7.2,7.2,"7.2","2.6","2.4","2.4","spruce-fir"
"3418","8/24/2023",117,"PSME","145","",NA,NA,22,21.8,"22.2","7.4","7","7.6","spruce-fir"
"3419","8/24/2023",117,"PSME","24","",NA,NA,5.2,5.4,"4.6","0.22","","","spruce-fir"
"3420","8/24/2023",117,"ABCO","68","",NA,NA,11.6,11.6,"11.4","1.15","","","spruce-fir"
"3421","8/24/2023",117,"ABCO","34","",NA,NA,3.8,4,"4","1.57","","","spruce-fir"
"3422","8/24/2023",117,"ABCO","73","",NA,NA,8.8,8.8,"8.8","0.3","","","spruce-fir"
"3423","8/24/2023",117,"ABCO","78","",NA,NA,9.6,9.2,"9.8","1.56","","","spruce-fir"
"3424","8/24/2023",117,"ABCO","84","",NA,NA,13,13.2,"13.2","1.54","","","spruce-fir"
"3425","8/24/2023",117,"ABCO","69","",NA,NA,10.2,10.8,"10.4","0.6","","","spruce-fir"
"3426","8/28/2023",118,"PIED","22","",NA,NA,3.4,3.4,"3.4","0.75","","","pinyon-juniper"
"3427","8/28/2023",118,"PIED","110","",NA,NA,7,6.8,"7.2","0.45","","","pinyon-juniper"
"3428","8/28/2023",118,"PIED","13","",NA,NA,2.8,2.8,"2.8","0.3","","","pinyon-juniper"
"3429","8/28/2023",118,"PIED","13","",NA,NA,2.4,2.6,"2.8","0.33","","","pinyon-juniper"
"3430","8/28/2023",118,"?","47","",NA,NA,3.8,4.2,"4.4","1.17","","","pinyon-juniper"
"3431","8/28/2023",118,"?","30","",NA,NA,2.8,3,"3.4","1.05","","","pinyon-juniper"
"3432","8/28/2023",118,"?","18","",NA,NA,2.4,2.4,"2","0.1","","","pinyon-juniper"
"3433","8/28/2023",118,"?","17","",NA,NA,2.2,2.2,"2.2","0.1","","","pinyon-juniper"
"3434","8/28/2023",118,"?","23","",NA,NA,3.8,3.4,"3.6","1.4","","","pinyon-juniper"
"3435","8/28/2023",118,"?","12","",NA,NA,2.2,2.2,"2.4","","","","pinyon-juniper"
"3436","8/28/2023",118,"PIED","73","72",107,NA,4.6,4.6,"4.8","","","","pinyon-juniper"
"3437","8/28/2023",118,"JUMO","23","24",NA,NA,2.2,2.6,"2.6","0.1","","","pinyon-juniper"
"3438","8/28/2023",118,"JUMO","20","22",NA,NA,3.4,3.2,"3.2","0.1","","","pinyon-juniper"
"3439","8/28/2023",118,"PIED","15","11",NA,NA,2.6,2.8,"2.8","0.1","","","pinyon-juniper"
"3440","8/28/2023",118,"PIED","23","",NA,NA,3.4,3.4,"3.4","0.01","","","pinyon-juniper"
"3441","8/28/2023",119,"PIED","46","",NA,NA,4.6,4.4,"4.6","0.33","","","pinyon-juniper"
"3442","8/28/2023",119,"JUMO","47","26",30,64,3.8,3.6,"3.6","0.22","","","pinyon-juniper"
"3443","8/28/2023",119,"PIED","35","",NA,NA,4,3.8,"4","1.02","","","pinyon-juniper"
"3444","8/28/2023",119,"QUGA","26","",NA,NA,1.78,NA,"","0.71","","","pinyon-juniper"
"3445","8/28/2023",119,"JUMO","45","",NA,NA,4.6,4.4,"4.4","0.05","","","pinyon-juniper"
"3446","8/28/2023",119,"PIED","56","30",64,NA,5.6,5.8,"5.8","0.47","","","pinyon-juniper"
"3447","8/28/2023",119,"PIED","50","37",39,63,5.6,5.2,"4.4","0.43","","","pinyon-juniper"
"3448","8/28/2023",119,"QUGA","39","29",60,NA,1.78,NA,"","","","","pinyon-juniper"
"3449","8/28/2023",119,"PIED","18","28",50,NA,3.2,3.4,"3.4","0.32","","","pinyon-juniper"
"3450","8/28/2023",119,"?","19","16",15,18,2.53,NA,"","0.63","","","pinyon-juniper"
"3451","8/28/2023",119,"PIED","58","14",16,NA,6.2,5.8,"6","0.75","","","pinyon-juniper"
"3452","8/28/2023",119,"PIED","44","",NA,NA,4.6,4.4,"4.6","1.48","","","pinyon-juniper"
"3453","8/28/2023",119,"PIED","50","",NA,NA,5.2,5.2,"5.2","2.02","","","pinyon-juniper"
"3454","8/28/2023",119,"?","40","43",36,41,4,3.6,"3.6","0.01","","","pinyon-juniper"
"3455","8/28/2023",119,"PIED","25","",NA,NA,3.8,3.8,"3.6","2","2","2.2","pinyon-juniper"
"3456","8/28/2023",119,"PIED","34","",NA,NA,4.6,4.6,"5","1.26","","","pinyon-juniper"
"3457","8/28/2023",119,"PIED","41","32",38,138,5.8,6,"6","0.75","","","pinyon-juniper"
"3458","8/28/2023",119,"PIED","54","27",78,NA,4.6,4.4,"4.4","1.43","","","pinyon-juniper"
"3459","8/28/2023",119,"?","43","37",48,78,6.2,6.2,"6","0.82","","","pinyon-juniper"
"3460","8/28/2023",119,"PIED","52","54",67,129,5.6,5.6,"5.6","0.76","","","pinyon-juniper"
"3461","8/28/2023",120,"PIED","29","21",44,NA,2.8,2.6,"3","0.1","","","pinyon-juniper"
"3462","8/28/2023",120,"JUMO","29","",NA,NA,2.8,2.8,"3","0.1","","","pinyon-juniper"
"3463","8/28/2023",120,"PIED","100","",NA,NA,4.6,4.8,"4.8","","","","pinyon-juniper"
"3464","8/28/2023",120,"JUMO","13","",NA,NA,2,2.4,"2.2","0.01","","","pinyon-juniper"
"3465","8/28/2023",120,"PIED","72","33",NA,NA,3.8,3.8,"3.6","","","","pinyon-juniper"
"3466","8/28/2023",120,"PIED","102","",NA,NA,5.4,5.4,"4.8","1.2","","","pinyon-juniper"
"3467","8/28/2023",120,"JUMO","17","",NA,NA,1.8,1.6,"1.6","0.4","","","pinyon-juniper"
"3468","8/28/2023",120,"PIED","42","",NA,NA,3.6,3.8,"3.4","1.2","","","pinyon-juniper"
"3469","8/28/2023",120,"JUMO","32","",NA,NA,1.8,1.8,"1.6","0.1","","","pinyon-juniper"
"3470","8/28/2023",121,"JUMO","19","",NA,NA,2.8,2.8,"2.8","0.01","","","pinyon-juniper"
"3471","8/28/2023",121,"PIED","39","",NA,NA,3.6,3.4,"3.4","0.25","","","pinyon-juniper"
"3472","8/28/2023",121,"PIED","23","",NA,NA,2.8,2.6,"2.8","0.62","","","pinyon-juniper"
"3473","8/28/2023",121,"JUMO","21","",NA,NA,2.2,2.2,"2.2","0.9","","","pinyon-juniper"
"3474","8/28/2023",121,"?","27","",NA,NA,1.87,NA,"","0.15","","","pinyon-juniper"
"3475","8/28/2023",121,"PIED","34","",NA,NA,2.4,2.2,"2.2","0.01","","","pinyon-juniper"
"3476","8/28/2023",121,"JUMO","28","",NA,NA,1.6,1.8,"1.8","0.37","","","pinyon-juniper"
"3477","8/28/2023",121,"PIED","36","27",52,77,3.8,3.6,"3.8","0.25","","","pinyon-juniper"
"3478","8/28/2023",121,"PIED","113","",NA,NA,5,4.8,"4.8","1.15","","","pinyon-juniper"
"3479","8/28/2023",121,"?","14","",NA,NA,1.91,NA,"","0.1","","","pinyon-juniper"
"3480","8/28/2023",121,"JUMO","75","",NA,NA,3.8,3.8,"4","0.01","","","pinyon-juniper"
"3481","8/28/2023",121,"PIED","44","",NA,NA,4.2,4.2,"4.2","0.79","","","pinyon-juniper"
"3482","",NA,"","","",NA,NA,NA,NA,"","","","",NA
"3483","",NA,"","","",NA,NA,NA,NA,"","","","",NA
"3484","",NA,"","","",NA,NA,NA,NA,"","","","",NA
"3485","",NA,"","","",NA,NA,NA,NA,"","","","",NA
"3486","",NA,"","","",NA,NA,NA,NA,"","","","",NA
"3487","",NA,"","","",NA,NA,NA,NA,"","","","",NA
"3488","",NA,"","","",NA,NA,NA,NA,"","","","",NA
"3489","",NA,"","","",NA,NA,NA,NA,"","","","",NA
"3490","",NA,"","","",NA,NA,NA,NA,"","","","",NA
"3491","",NA,"","","",NA,NA,NA,NA,"","","","",NA
"3492","",NA,"","","",NA,NA,NA,NA,"","","","",NA
"3493","",NA,"","","",NA,NA,NA,NA,"","","","",NA
"3494","",NA,"","","",NA,NA,NA,NA,"","","","",NA
"3495","",NA,"","","",NA,NA,NA,NA,"","","","",NA
"3496","",NA,"","","",NA,NA,NA,NA,"","","","",NA
"3497","",NA,"","","",NA,NA,NA,NA,"","","","",NA
"3498","",NA,"","","",NA,NA,NA,NA,"","","","",NA
"3499","",NA,"","","",NA,NA,NA,NA,"","","","",NA
"3500","",NA,"","","",NA,NA,NA,NA,"","","","",NA
"3501","",NA,"","","",NA,NA,NA,NA,"","","","",NA
"3502","",NA,"","","",NA,NA,NA,NA,"","","","",NA
"3503","",NA,"","","",NA,NA,NA,NA,"","","","",NA
"3504","",NA,"","","",NA,NA,NA,NA,"","","","",NA
"3505","",NA,"","","",NA,NA,NA,NA,"","","","",NA
"3506","",NA,"","","",NA,NA,NA,NA,"","","","",NA
"3507","",NA,"","","",NA,NA,NA,NA,"","","","",NA
"3508","",NA,"","","",NA,NA,NA,NA,"","","","",NA
"3509","",NA,"","","",NA,NA,NA,NA,"","","","",NA
"3510","",NA,"","","",NA,NA,NA,NA,"","","","",NA
"3511","",NA,"","","",NA,NA,NA,NA,"","","","",NA
"3512","",NA,"","","",NA,NA,NA,NA,"","","","",NA
"3513","",NA,"","","",NA,NA,NA,NA,"","","","",NA
"3514","",NA,"","","",NA,NA,NA,NA,"","","","",NA
"3515","",NA,"","","",NA,NA,NA,NA,"","","","",NA
"3516","",NA,"","","",NA,NA,NA,NA,"","","","",NA
"3517","",NA,"","","",NA,NA,NA,NA,"","","","",NA
"3518","",NA,"","","",NA,NA,NA,NA,"","","","",NA
"3519","",NA,"","","",NA,NA,NA,NA,"","","","",NA
"3520","",NA,"","","",NA,NA,NA,NA,"","","","",NA
"3521","",NA,"","","",NA,NA,NA,NA,"","","","",NA
"3522","",NA,"","","",NA,NA,NA,NA,"","","","",NA
"3523","",NA,"","","",NA,NA,NA,NA,"","","","",NA
"3524","",NA,"","","",NA,NA,NA,NA,"","","","",NA
"3525","",NA,"","","",NA,NA,NA,NA,"","","","",NA
"3526","",NA,"","","",NA,NA,NA,NA,"","","","",NA
"3527","",NA,"","","",NA,NA,NA,NA,"","","","",NA
"3528","",NA,"","","",NA,NA,NA,NA,"","","","",NA
"3529","",NA,"","","",NA,NA,NA,NA,"","","","",NA
"3530","",NA,"","","",NA,NA,NA,NA,"","","","",NA
"3531","",NA,"","","",NA,NA,NA,NA,"","","","",NA
"3532","",NA,"","","",NA,NA,NA,NA,"","","","",NA
"3533","",NA,"","","",NA,NA,NA,NA,"","","","",NA
"3534","",NA,"","","",NA,NA,NA,NA,"","","","",NA
"3535","",NA,"","","",NA,NA,NA,NA,"","","","",NA
"3536","",NA,"","","",NA,NA,NA,NA,"","","","",NA
"3537","",NA,"","","",NA,NA,NA,NA,"","","","",NA
"3538","`",NA,"","","",NA,NA,NA,NA,"","","","",NA
