"","treeID","tree_height_m","tree_x","tree_y","crown_area_m2","tree_cbh_m","is_training_cbh","Date","Plot","Start_Time","End_Time","X","Y","U","stdeast","stdnorth","stdu","RMSE","RMSN","RMSU","Method","notes","BUFF_DIST","ORIG_FID","Shape_Leng","Shape_Area"
"1","3524_397379.5_4058862.5",15.3100004196167,397379.5,4058862.5,83,2.5,TRUE,720,51,"10:58","11:29",36.669726384,-106.14837741,2817.3704,0.2889,0.1379,0.6628,0.2889,0.1379,0.6627,"static",NA,11.3,51,0.000718183857412,0.0000000402323485685
"2","3623_397385.5_4058858.5",17.5400009155273,397385.5,4058858.5,100,4.5,TRUE,720,51,"10:58","11:29",36.669726384,-106.14837741,2817.3704,0.2889,0.1379,0.6628,0.2889,0.1379,0.6627,"static",NA,11.3,51,0.000718183857412,0.0000000402323485685
"3","3624_397390.5_4058858.5",13.3500003814697,397390.5,4058858.5,25,4.5,TRUE,720,51,"10:58","11:29",36.669726384,-106.14837741,2817.3704,0.2889,0.1379,0.6628,0.2889,0.1379,0.6627,"static",NA,11.3,51,0.000718183857412,0.0000000402323485685
"4","3762_397370.5_4058852.5",12.6099996566772,397370.5,4058852.5,57,3.5,TRUE,720,51,"10:58","11:29",36.669726384,-106.14837741,2817.3704,0.2889,0.1379,0.6628,0.2889,0.1379,0.6627,"static",NA,11.3,51,0.000718183857412,0.0000000402323485685
"5","3874_397376.5_4058847.5",17.5,397376.5,4058847.5,105,3.5,TRUE,720,51,"10:58","11:29",36.669726384,-106.14837741,2817.3704,0.2889,0.1379,0.6628,0.2889,0.1379,0.6627,"static",NA,11.3,51,0.000718183857412,0.0000000402323485685
"6","3993_397391.5_4058842.5",19.4699993133545,397391.5,4058842.5,69,2.5,TRUE,720,51,"10:58","11:29",36.669726384,-106.14837741,2817.3704,0.2889,0.1379,0.6628,0.2889,0.1379,0.6627,"static",NA,11.3,51,0.000718183857412,0.0000000402323485685
"7","4016_397374.5_4058841.5",13.6899995803833,397374.5,4058841.5,30,4.5,TRUE,720,51,"10:58","11:29",36.669726384,-106.14837741,2817.3704,0.2889,0.1379,0.6628,0.2889,0.1379,0.6627,"static",NA,11.3,51,0.000718183857412,0.0000000402323485685
"8","4042_397369.5_4058840.5",13.8299999237061,397369.5,4058840.5,36,4.5,TRUE,720,51,"10:58","11:29",36.669726384,-106.14837741,2817.3704,0.2889,0.1379,0.6628,0.2889,0.1379,0.6627,"static",NA,11.3,51,0.000718183857412,0.0000000402323485685
"9","4063_397372.5_4058839.5",13.8199996948242,397372.5,4058839.5,11,4.5,TRUE,720,51,"10:58","11:29",36.669726384,-106.14837741,2817.3704,0.2889,0.1379,0.6628,0.2889,0.1379,0.6627,"static",NA,11.3,51,0.000718183857412,0.0000000402323485685
"10","4064_397382.5_4058839.5",20.0699996948242,397382.5,4058839.5,73,2.5,TRUE,720,51,"10:58","11:29",36.669726384,-106.14837741,2817.3704,0.2889,0.1379,0.6628,0.2889,0.1379,0.6627,"static",NA,11.3,51,0.000718183857412,0.0000000402323485685
"11","4093_397387.5_4058838.5",20.7199993133545,397387.5,4058838.5,32,2.5,TRUE,720,51,"10:58","11:29",36.669726384,-106.14837741,2817.3704,0.2889,0.1379,0.6628,0.2889,0.1379,0.6627,"static",NA,11.3,51,0.000718183857412,0.0000000402323485685
"12","5952_397359.5_4058762.5",20.6599998474121,397359.5,4058762.5,57,13.5,TRUE,720,50,"9:47","10:18",36.668837407,-106.148571983,2820.1099,0.0529,0.0404,0.2167,0.0528,0.0404,0.2166,"static",NA,11.3,50,0.000718179041966,0.0000000402318956205
"13","5981_397352.5_4058761.5",14.3199996948242,397352.5,4058761.5,46,5.5,TRUE,720,50,"9:47","10:18",36.668837407,-106.148571983,2820.1099,0.0529,0.0404,0.2167,0.0528,0.0404,0.2166,"static",NA,11.3,50,0.000718179041966,0.0000000402318956205
"14","6054_397364.5_4058758.5",17.3299999237061,397364.5,4058758.5,47,4.84579663316305,FALSE,720,50,"9:47","10:18",36.668837407,-106.148571983,2820.1099,0.0529,0.0404,0.2167,0.0528,0.0404,0.2166,"static",NA,11.3,50,0.000718179041966,0.0000000402318956205
"15","6078_397355.5_4058757.5",19.3700008392334,397355.5,4058757.5,46,6.09088294999913,FALSE,720,50,"9:47","10:18",36.668837407,-106.148571983,2820.1099,0.0529,0.0404,0.2167,0.0528,0.0404,0.2166,"static",NA,11.3,50,0.000718179041966,0.0000000402318956205
"16","6189_397366.5_4058752.5",15.7299995422363,397366.5,4058752.5,40,2.5,TRUE,720,50,"9:47","10:18",36.668837407,-106.148571983,2820.1099,0.0529,0.0404,0.2167,0.0528,0.0404,0.2166,"static",NA,11.3,50,0.000718179041966,0.0000000402318956205
"17","6190_397371.5_4058752.5",16.1399993896484,397371.5,4058752.5,44,7.5,TRUE,720,50,"9:47","10:18",36.668837407,-106.148571983,2820.1099,0.0529,0.0404,0.2167,0.0528,0.0404,0.2166,"static",NA,11.3,50,0.000718179041966,0.0000000402318956205
"18","6236_397349.5_4058750.5",18.6599998474121,397349.5,4058750.5,60,5.32056166442835,FALSE,720,50,"9:47","10:18",36.668837407,-106.148571983,2820.1099,0.0529,0.0404,0.2167,0.0528,0.0404,0.2166,"static",NA,11.3,50,0.000718179041966,0.0000000402318956205
"19","6259_397371.5_4058749.5",16.4500007629395,397371.5,4058749.5,37,8.5,TRUE,720,50,"9:47","10:18",36.668837407,-106.148571983,2820.1099,0.0529,0.0404,0.2167,0.0528,0.0404,0.2166,"static",NA,11.3,50,0.000718179041966,0.0000000402318956205
"20","6296_397355.5_4058747.5",16,397355.5,4058747.5,36,2.5,TRUE,720,50,"9:47","10:18",36.668837407,-106.148571983,2820.1099,0.0529,0.0404,0.2167,0.0528,0.0404,0.2166,"static",NA,11.3,50,0.000718179041966,0.0000000402318956205
"21","6320_397363.5_4058746.5",14.2600002288818,397363.5,4058746.5,54,2.5,TRUE,720,50,"9:47","10:18",36.668837407,-106.148571983,2820.1099,0.0529,0.0404,0.2167,0.0528,0.0404,0.2166,"static",NA,11.3,50,0.000718179041966,0.0000000402318956205
"22","6346_397374.5_4058745.5",16.3400001525879,397374.5,4058745.5,44,6.14836466231254,FALSE,720,50,"9:47","10:18",36.668837407,-106.148571983,2820.1099,0.0529,0.0404,0.2167,0.0528,0.0404,0.2166,"static",NA,11.3,50,0.000718179041966,0.0000000402318956205
"23","6409_397355.5_4058742.5",12.5600004196167,397355.5,4058742.5,25,10.5,TRUE,720,50,"9:47","10:18",36.668837407,-106.148571983,2820.1099,0.0529,0.0404,0.2167,0.0528,0.0404,0.2166,"static",NA,11.3,50,0.000718179041966,0.0000000402318956205
"24","6476_397355.5_4058739.5",15.4700002670288,397355.5,4058739.5,33,5.46808719802885,FALSE,720,50,"9:47","10:18",36.668837407,-106.148571983,2820.1099,0.0529,0.0404,0.2167,0.0528,0.0404,0.2166,"static",NA,11.3,50,0.000718179041966,0.0000000402318956205
"25","6477_397360.5_4058739.5",18.0499992370605,397360.5,4058739.5,49,4.87087156619826,FALSE,720,50,"9:47","10:18",36.668837407,-106.148571983,2820.1099,0.0529,0.0404,0.2167,0.0528,0.0404,0.2166,"static",NA,11.3,50,0.000718179041966,0.0000000402318956205
"26","6478_397371.5_4058739.5",16.5900001525879,397371.5,4058739.5,45,5.66287140674977,FALSE,720,50,"9:47","10:18",36.668837407,-106.148571983,2820.1099,0.0529,0.0404,0.2167,0.0528,0.0404,0.2166,"static",NA,11.3,50,0.000718179041966,0.0000000402318956205
"27","16518_397187.5_4058290.5",10.0200004577637,397187.5,4058290.5,33,4.51909684400959,FALSE,718,41,"2:07","2:38",36.664548368,-106.150476629,2855.7527,0.1524,0.115,0.4402,0.1524,0.115,0.4402,"static",NA,11.3,41,0.00071815525543,0.0000000402295822315
"28","16566_397190.5_4058288.5",9.48999977111816,397190.5,4058288.5,24,7.5,TRUE,718,41,"2:07","2:38",36.664548368,-106.150476629,2855.7527,0.1524,0.115,0.4402,0.1524,0.115,0.4402,"static",NA,11.3,41,0.00071815525543,0.0000000402295822315
"29","16649_397100.5_4058284.5",15.8299999237061,397100.5,4058284.5,43,9.5,TRUE,718,40,"1:22","1:53",36.664517324,-106.15137503,2859.7095,0.0537,0.0444,0.082,0.0537,0.0444,0.082,"static",NA,11.3,40,0.000718155215409,0.0000000402295760952
"30","16650_397106.5_4058284.5",15.8000001907349,397106.5,4058284.5,37,7.5,TRUE,718,40,"1:22","1:53",36.664517324,-106.15137503,2859.7095,0.0537,0.0444,0.082,0.0537,0.0444,0.082,"static",NA,11.3,40,0.000718155215409,0.0000000402295760952
"31","16652_397182.5_4058284.5",18.9699993133545,397182.5,4058284.5,63,7.5,TRUE,718,41,"2:07","2:38",36.664548368,-106.150476629,2855.7527,0.1524,0.115,0.4402,0.1524,0.115,0.4402,"static",NA,11.3,41,0.00071815525543,0.0000000402295822315
"32","16669_397194.5_4058283.5",15.0100002288818,397194.5,4058283.5,38,2.5,TRUE,718,41,"2:07","2:38",36.664548368,-106.150476629,2855.7527,0.1524,0.115,0.4402,0.1524,0.115,0.4402,"static",NA,11.3,41,0.00071815525543,0.0000000402295822315
"33","16715_397104.5_4058281.5",15,397104.5,4058281.5,26,11.5,TRUE,718,40,"1:22","1:53",36.664517324,-106.15137503,2859.7095,0.0537,0.0444,0.082,0.0537,0.0444,0.082,"static",NA,11.3,40,0.000718155215409,0.0000000402295760952
"34","16716_397112.5_4058281.5",11.6999998092651,397112.5,4058281.5,22,7.5,TRUE,718,40,"1:22","1:53",36.664517324,-106.15137503,2859.7095,0.0537,0.0444,0.082,0.0537,0.0444,0.082,"static",NA,11.3,40,0.000718155215409,0.0000000402295760952
"35","16718_397174.5_4058281.5",12.4499998092651,397174.5,4058281.5,34,2.5,TRUE,718,41,"2:07","2:38",36.664548368,-106.150476629,2855.7527,0.1524,0.115,0.4402,0.1524,0.115,0.4402,"static",NA,11.3,41,0.00071815525543,0.0000000402295822315
"36","16750_397179.5_4058280.5",15.2700004577637,397179.5,4058280.5,35,4.5,TRUE,718,41,"2:07","2:38",36.664548368,-106.150476629,2855.7527,0.1524,0.115,0.4402,0.1524,0.115,0.4402,"static",NA,11.3,41,0.00071815525543,0.0000000402295822315
"37","16799_397194.5_4058278.5",15.5,397194.5,4058278.5,31,2.5,TRUE,718,41,"2:07","2:38",36.664548368,-106.150476629,2855.7527,0.1524,0.115,0.4402,0.1524,0.115,0.4402,"static",NA,11.3,41,0.00071815525543,0.0000000402295822315
"38","16821_397176.5_4058277.5",16.7000007629395,397176.5,4058277.5,69,3.5,TRUE,718,41,"2:07","2:38",36.664548368,-106.150476629,2855.7527,0.1524,0.115,0.4402,0.1524,0.115,0.4402,"static",NA,11.3,41,0.00071815525543,0.0000000402295822315
"39","16872_397112.5_4058275.5",17.8299999237061,397112.5,4058275.5,60,7.13251580613425,FALSE,718,40,"1:22","1:53",36.664517324,-106.15137503,2859.7095,0.0537,0.0444,0.082,0.0537,0.0444,0.082,"static",NA,11.3,40,0.000718155215409,0.0000000402295760952
"40","16957_397098.5_4058271.5",14.9700002670288,397098.5,4058271.5,28,8.5,TRUE,718,40,"1:22","1:53",36.664517324,-106.15137503,2859.7095,0.0537,0.0444,0.082,0.0537,0.0444,0.082,"static",NA,11.3,40,0.000718155215409,0.0000000402295760952
"41","16978_397090.5_4058270.5",19.7399997711182,397090.5,4058270.5,88,2.5,TRUE,718,40,"1:22","1:53",36.664517324,-106.15137503,2859.7095,0.0537,0.0444,0.082,0.0537,0.0444,0.082,"static",NA,11.3,40,0.000718155215409,0.0000000402295760952
"42","17009_397183.5_4058269.5",9.90999984741211,397183.5,4058269.5,7,9.5,TRUE,718,41,"2:07","2:38",36.664548368,-106.150476629,2855.7527,0.1524,0.115,0.4402,0.1524,0.115,0.4402,"static",NA,11.3,41,0.00071815525543,0.0000000402295822315
"43","17050_397115.5_4058267.5",17.6200008392334,397115.5,4058267.5,54,10.5,TRUE,718,40,"1:22","1:53",36.664517324,-106.15137503,2859.7095,0.0537,0.0444,0.082,0.0537,0.0444,0.082,"static",NA,11.3,40,0.000718155215409,0.0000000402295760952
"44","17051_397183.5_4058267.5",14.6899995803833,397183.5,4058267.5,25,7.63278024737796,FALSE,718,41,"2:07","2:38",36.664548368,-106.150476629,2855.7527,0.1524,0.115,0.4402,0.1524,0.115,0.4402,"static",NA,11.3,41,0.00071815525543,0.0000000402295822315
"45","17092_397097.5_4058265.5",12.9899997711182,397097.5,4058265.5,42,8.5,TRUE,718,40,"1:22","1:53",36.664517324,-106.15137503,2859.7095,0.0537,0.0444,0.082,0.0537,0.0444,0.082,"static",NA,11.3,40,0.000718155215409,0.0000000402295760952
"46","17166_397109.5_4058261.5",14.9300003051758,397109.5,4058261.5,44,5.5,TRUE,718,40,"1:22","1:53",36.664517324,-106.15137503,2859.7095,0.0537,0.0444,0.082,0.0537,0.0444,0.082,"static",NA,11.3,40,0.000718155215409,0.0000000402295760952
"47","30000_397480.5_4059250.5",26.5100002288818,397480.5,4059250.5,109,6.5,TRUE,717,35,"5:16","5:47",36.67321035,-106.147316763,2788.8895,1.125,0.3626,0.6993,1.1249,0.3626,0.6993,"static",NA,11.3,35,0.000718201542798,0.0000000402340498058
"48","30195_397470.5_4059243.5",14.9700002670288,397470.5,4059243.5,48,10.5,TRUE,717,35,"5:16","5:47",36.67321035,-106.147316763,2788.8895,1.125,0.3626,0.6993,1.1249,0.3626,0.6993,"static",NA,11.3,35,0.000718201542798,0.0000000402340498058
"49","30401_397487.5_4059235.5",26.6299991607666,397487.5,4059235.5,96,10.5,TRUE,717,35,"5:16","5:47",36.67321035,-106.147316763,2788.8895,1.125,0.3626,0.6993,1.1249,0.3626,0.6993,"static",NA,11.3,35,0.000718201542798,0.0000000402340498058
"50","30603_397481.5_4059227.5",15.0799999237061,397481.5,4059227.5,39,2.5,TRUE,717,35,"5:16","5:47",36.67321035,-106.147316763,2788.8895,1.125,0.3626,0.6993,1.1249,0.3626,0.6993,"static",NA,11.3,35,0.000718201542798,0.0000000402340498058
"51","30635_397475.5_4059226.5",8.25,397475.5,4059226.5,16,3.5,TRUE,717,35,"5:16","5:47",36.67321035,-106.147316763,2788.8895,1.125,0.3626,0.6993,1.1249,0.3626,0.6993,"static",NA,11.3,35,0.000718201542798,0.0000000402340498058
"52","30690_397464.5_4059224.5",20.0200004577637,397464.5,4059224.5,148,4.5,TRUE,717,35,"5:16","5:47",36.67321035,-106.147316763,2788.8895,1.125,0.3626,0.6993,1.1249,0.3626,0.6993,"static",NA,11.3,35,0.000718201542798,0.0000000402340498058
"53","30691_397487.5_4059224.5",8.35999965667725,397487.5,4059224.5,25,2.5,TRUE,717,35,"5:16","5:47",36.67321035,-106.147316763,2788.8895,1.125,0.3626,0.6993,1.1249,0.3626,0.6993,"static",NA,11.3,35,0.000718201542798,0.0000000402340498058
"54","6_397595.5_4058999.5",14.75,397595.5,4058999.5,44,1.5,TRUE,719,45,"11:25","11:56",36.671099538,-106.145855048,2799.309,2.3032,3.0767,5.9626,2.303,3.0765,5.9623,"static","plot looked odd",11.3,45,0.000718191012688,0.0000000402330451064
"55","7_397610.5_4058999.5",12.8199996948242,397610.5,4058999.5,15,1.5,TRUE,719,45,"11:25","11:56",36.671099538,-106.145855048,2799.309,2.3032,3.0767,5.9626,2.303,3.0765,5.9623,"static","plot looked odd",11.3,45,0.000718191012688,0.0000000402330451064
"56","8_397615.5_4058999.5",12.5600004196167,397615.5,4058999.5,12,1.5,TRUE,719,45,"11:25","11:56",36.671099538,-106.145855048,2799.309,2.3032,3.0767,5.9626,2.303,3.0765,5.9623,"static","plot looked odd",11.3,45,0.000718191012688,0.0000000402330451064
"57","9_397622.5_4058999.5",16.8700008392334,397622.5,4058999.5,23,1.5,TRUE,719,45,"11:25","11:56",36.671099538,-106.145855048,2799.309,2.3032,3.0767,5.9626,2.303,3.0765,5.9623,"static","plot looked odd",11.3,45,0.000718191012688,0.0000000402330451064
"58","11_397654.5_4058999.5",14.2600002288818,397654.5,4058999.5,25,2.5,TRUE,719,44,"10:32","11:04",36.671172073,-106.145343373,2793.5844,2.8484,2.5493,5.9899,2.8482,2.5492,5.9896,"static","plot looked odd",11.3,44,0.000718191012665,0.0000000402330451045
"59","98_397649.5_4058998.5",11.9200000762939,397649.5,4058998.5,34,1.5,TRUE,719,44,"10:32","11:04",36.671172073,-106.145343373,2793.5844,2.8484,2.5493,5.9899,2.8482,2.5492,5.9896,"static","plot looked odd",11.3,44,0.000718191012665,0.0000000402330451045
"60","120_397617.5_4058997.5",11.1000003814697,397617.5,4058997.5,18,2.5,TRUE,719,45,"11:25","11:56",36.671099538,-106.145855048,2799.309,2.3032,3.0767,5.9626,2.303,3.0765,5.9623,"static","plot looked odd",11.3,45,0.000718191012688,0.0000000402330451064
"61","172_397664.5_4058995.5",22,397664.5,4058995.5,78,3.5,TRUE,719,44,"10:32","11:04",36.671172073,-106.145343373,2793.5844,2.8484,2.5493,5.9899,2.8482,2.5492,5.9896,"static","plot looked odd",11.3,44,0.000718191012665,0.0000000402330451045
"62","231_397603.5_4058993.5",15.1400003433228,397603.5,4058993.5,42,5.5,TRUE,719,45,"11:25","11:56",36.671099538,-106.145855048,2799.309,2.3032,3.0767,5.9626,2.303,3.0765,5.9623,"static","plot looked odd",11.3,45,0.000718191012688,0.0000000402330451064
"63","309_397605.5_4058990.5",17.9200000762939,397605.5,4058990.5,39,1.5,TRUE,719,45,"11:25","11:56",36.671099538,-106.145855048,2799.309,2.3032,3.0767,5.9626,2.303,3.0765,5.9623,"static","plot looked odd",11.3,45,0.000718191012688,0.0000000402330451064
"64","361_397610.5_4058988.5",5.69999980926514,397610.5,4058988.5,28,1.5,TRUE,719,45,"11:25","11:56",36.671099538,-106.145855048,2799.309,2.3032,3.0767,5.9626,2.303,3.0765,5.9623,"static","plot looked odd",11.3,45,0.000718191012688,0.0000000402330451064
"65","391_397617.5_4058987.5",5.30000019073486,397617.5,4058987.5,32,2.5,TRUE,719,45,"11:25","11:56",36.671099538,-106.145855048,2799.309,2.3032,3.0767,5.9626,2.303,3.0765,5.9623,"static","plot looked odd",11.3,45,0.000718191012688,0.0000000402330451064
"66","25324_398034.5_4059410.5",10.3500003814697,398034.5,4059410.5,27,1.5,TRUE,718,37,"9:57","10:28",36.674738588,-106.141069265,2766.117,0.8086,0.2882,0.5394,0.8086,0.2882,0.5394,"static",NA,11.3,37,0.00071821076945,0.0000000402349456115
"67","25349_398044.5_4059409.5",11.2700004577637,398044.5,4059409.5,36,4.5,TRUE,718,37,"9:57","10:28",36.674738588,-106.141069265,2766.117,0.8086,0.2882,0.5394,0.8086,0.2882,0.5394,"static",NA,11.3,37,0.00071821076945,0.0000000402349456115
"68","25420_398037.5_4059406.5",13.6999998092651,398037.5,4059406.5,53,1.5,TRUE,718,37,"9:57","10:28",36.674738588,-106.141069265,2766.117,0.8086,0.2882,0.5394,0.8086,0.2882,0.5394,"static",NA,11.3,37,0.00071821076945,0.0000000402349456115
"69","25491_398045.5_4059403.5",16.6100006103516,398045.5,4059403.5,68,2.5,TRUE,718,37,"9:57","10:28",36.674738588,-106.141069265,2766.117,0.8086,0.2882,0.5394,0.8086,0.2882,0.5394,"static",NA,11.3,37,0.00071821076945,0.0000000402349456115
"70","25540_398025.5_4059401.5",22.0900001525879,398025.5,4059401.5,93,8.5,TRUE,718,37,"9:57","10:28",36.674738588,-106.141069265,2766.117,0.8086,0.2882,0.5394,0.8086,0.2882,0.5394,"static",NA,11.3,37,0.00071821076945,0.0000000402349456115
"71","25597_398051.5_4059399.5",14,398051.5,4059399.5,28,1.5,TRUE,718,37,"9:57","10:28",36.674738588,-106.141069265,2766.117,0.8086,0.2882,0.5394,0.8086,0.2882,0.5394,"static",NA,11.3,37,0.00071821076945,0.0000000402349456115
"72","25625_398031.5_4059398.5",20.4799995422363,398031.5,4059398.5,64,3.5,TRUE,718,37,"9:57","10:28",36.674738588,-106.141069265,2766.117,0.8086,0.2882,0.5394,0.8086,0.2882,0.5394,"static",NA,11.3,37,0.00071821076945,0.0000000402349456115
"73","25752_398035.5_4059393.5",22.1000003814697,398035.5,4059393.5,111,2.5,TRUE,718,37,"9:57","10:28",36.674738588,-106.141069265,2766.117,0.8086,0.2882,0.5394,0.8086,0.2882,0.5394,"static",NA,11.3,37,0.00071821076945,0.0000000402349456115
"74","25753_398049.5_4059393.5",21.2900009155273,398049.5,4059393.5,81,9.5,TRUE,718,37,"9:57","10:28",36.674738588,-106.141069265,2766.117,0.8086,0.2882,0.5394,0.8086,0.2882,0.5394,"static",NA,11.3,37,0.00071821076945,0.0000000402349456115
"75","25782_398025.5_4059392.5",21.1299991607666,398025.5,4059392.5,52,2.5,TRUE,718,37,"9:57","10:28",36.674738588,-106.141069265,2766.117,0.8086,0.2882,0.5394,0.8086,0.2882,0.5394,"static",NA,11.3,37,0.00071821076945,0.0000000402349456115
"76","25849_398050.5_4059389.5",20.9099998474121,398050.5,4059389.5,59,8.5,TRUE,718,37,"9:57","10:28",36.674738588,-106.141069265,2766.117,0.8086,0.2882,0.5394,0.8086,0.2882,0.5394,"static",NA,11.3,37,0.00071821076945,0.0000000402349456115
"77","26044_398040.5_4059382.5",23.3999996185303,398040.5,4059382.5,109,2.5,TRUE,718,37,"9:57","10:28",36.674738588,-106.141069265,2766.117,0.8086,0.2882,0.5394,0.8086,0.2882,0.5394,"static",NA,11.3,37,0.00071821076945,0.0000000402349456115
"78","26205_398053.5_4059375.5",23.0100002288818,398053.5,4059375.5,63,2.5,TRUE,718,36,"9:19","9:49",36.674439297,-106.140825667,2758.4492,0.2162,0.5208,0.337,0.2162,0.5207,0.3369,"static",NA,11.3,36,0.000718208752293,0.0000000402347513899
"79","26255_398049.5_4059373.5",23.5900001525879,398049.5,4059373.5,72,3.5,TRUE,718,36,"9:19","9:49",36.674439297,-106.140825667,2758.4492,0.2162,0.5208,0.337,0.2162,0.5207,0.3369,"static",NA,11.3,36,0.000718208752293,0.0000000402347513899
"80","26328_398061.5_4059370.5",22.5699996948242,398061.5,4059370.5,76,10.5,TRUE,718,36,"9:19","9:49",36.674439297,-106.140825667,2758.4492,0.2162,0.5208,0.337,0.2162,0.5207,0.3369,"static",NA,11.3,36,0.000718208752293,0.0000000402347513899
"81","26426_398071.5_4059366.5",21.2900009155273,398071.5,4059366.5,83,6.5,TRUE,718,36,"9:19","9:49",36.674439297,-106.140825667,2758.4492,0.2162,0.5208,0.337,0.2162,0.5207,0.3369,"static",NA,11.3,36,0.000718208752293,0.0000000402347513899
"82","26475_398055.5_4059364.5",22.2199993133545,398055.5,4059364.5,69,3.5,TRUE,718,36,"9:19","9:49",36.674439297,-106.140825667,2758.4492,0.2162,0.5208,0.337,0.2162,0.5207,0.3369,"static",NA,11.3,36,0.000718208752293,0.0000000402347513899
"83","26556_398058.5_4059361.5",24.3600006103516,398058.5,4059361.5,63,4.5,TRUE,718,36,"9:19","9:49",36.674439297,-106.140825667,2758.4492,0.2162,0.5208,0.337,0.2162,0.5207,0.3369,"static",NA,11.3,36,0.000718208752293,0.0000000402347513899
"84","26686_398051.5_4059356.5",26.7099990844727,398051.5,4059356.5,103,8.5,TRUE,718,36,"9:19","9:49",36.674439297,-106.140825667,2758.4492,0.2162,0.5208,0.337,0.2162,0.5207,0.3369,"static",NA,11.3,36,0.000718208752293,0.0000000402347513899
"85","26687_398071.5_4059356.5",24.1399993896484,398071.5,4059356.5,76,6.5,TRUE,718,36,"9:19","9:49",36.674439297,-106.140825667,2758.4492,0.2162,0.5208,0.337,0.2162,0.5207,0.3369,"static",NA,11.3,36,0.000718208752293,0.0000000402347513899
"86","26788_398066.5_4059352.5",28.9400005340576,398066.5,4059352.5,190,1.5,TRUE,718,36,"9:19","9:49",36.674439297,-106.140825667,2758.4492,0.2162,0.5208,0.337,0.2162,0.5207,0.3369,"static",NA,11.3,36,0.000718208752293,0.0000000402347513899
"87","26835_398052.5_4059350.5",27.5200004577637,398052.5,4059350.5,97,5.5,TRUE,718,36,"9:19","9:49",36.674439297,-106.140825667,2758.4492,0.2162,0.5208,0.337,0.2162,0.5207,0.3369,"static",NA,11.3,36,0.000718208752293,0.0000000402347513899
"88","30476_397860.5_4059197.5",8.39999961853027,397860.5,4059197.5,29,1.5,TRUE,719,47,"3:01","21:32",36.672799472,-106.143086393,2778.8212,3.3633,3.7141,13.5787,3.3631,3.7139,13.5779,"static","plot looked odd",11.3,47,0.000718200490721,0.0000000402339531864
"89","30519_397854.5_4059195.5",13.1599998474121,397854.5,4059195.5,26,1.5,TRUE,719,47,"3:01","21:32",36.672799472,-106.143086393,2778.8212,3.3633,3.7141,13.5787,3.3631,3.7139,13.5779,"static","plot looked odd",11.3,47,0.000718200490721,0.0000000402339531864
"90","30545_397851.5_4059194.5",14.8500003814697,397851.5,4059194.5,38,1.5,TRUE,719,47,"3:01","21:32",36.672799472,-106.143086393,2778.8212,3.3633,3.7141,13.5787,3.3631,3.7139,13.5779,"static","plot looked odd",11.3,47,0.000718200490721,0.0000000402339531864
"91","30589_397857.5_4059192.5",12.9700002670288,397857.5,4059192.5,39,1.5,TRUE,719,47,"3:01","21:32",36.672799472,-106.143086393,2778.8212,3.3633,3.7141,13.5787,3.3631,3.7139,13.5779,"static","plot looked odd",11.3,47,0.000718200490721,0.0000000402339531864
"92","30590_397866.5_4059192.5",13.8999996185303,397866.5,4059192.5,25,6.5,TRUE,719,47,"3:01","21:32",36.672799472,-106.143086393,2778.8212,3.3633,3.7141,13.5787,3.3631,3.7139,13.5779,"static","plot looked odd",11.3,47,0.000718200490721,0.0000000402339531864
"93","30665_397863.5_4059189.5",17.1499996185303,397863.5,4059189.5,40,2.5,TRUE,719,47,"3:01","21:32",36.672799472,-106.143086393,2778.8212,3.3633,3.7141,13.5787,3.3631,3.7139,13.5779,"static","plot looked odd",11.3,47,0.000718200490721,0.0000000402339531864
"94","30666_397868.5_4059189.5",13.9399995803833,397868.5,4059189.5,22,2.5,TRUE,719,47,"3:01","21:32",36.672799472,-106.143086393,2778.8212,3.3633,3.7141,13.5787,3.3631,3.7139,13.5779,"static","plot looked odd",11.3,47,0.000718200490721,0.0000000402339531864
"95","30772_397848.5_4059184.5",16.6800003051758,397848.5,4059184.5,69,3.5,TRUE,719,47,"3:01","21:32",36.672799472,-106.143086393,2778.8212,3.3633,3.7141,13.5787,3.3631,3.7139,13.5779,"static","plot looked odd",11.3,47,0.000718200490721,0.0000000402339531864
"96","30824_397867.5_4059182.5",15.6099996566772,397867.5,4059182.5,42,11.5,TRUE,719,47,"3:01","21:32",36.672799472,-106.143086393,2778.8212,3.3633,3.7141,13.5787,3.3631,3.7139,13.5779,"static","plot looked odd",11.3,47,0.000718200490721,0.0000000402339531864
"97","30892_397866.5_4059179.5",15.9399995803833,397866.5,4059179.5,36,10.5,TRUE,719,47,"3:01","21:32",36.672799472,-106.143086393,2778.8212,3.3633,3.7141,13.5787,3.3631,3.7139,13.5779,"static","plot looked odd",11.3,47,0.000718200490721,0.0000000402339531864
"98","31024_397859.5_4059173.5",16.9899997711182,397859.5,4059173.5,28,3.5,TRUE,719,47,"3:01","21:32",36.672799472,-106.143086393,2778.8212,3.3633,3.7141,13.5787,3.3631,3.7139,13.5779,"static","plot looked odd",11.3,47,0.000718200490721,0.0000000402339531864
"99","31092_397858.5_4059170.5",15.0900001525879,397858.5,4059170.5,33,5.5,TRUE,719,47,"3:01","21:32",36.672799472,-106.143086393,2778.8212,3.3633,3.7141,13.5787,3.3631,3.7139,13.5779,"static","plot looked odd",11.3,47,0.000718200490721,0.0000000402339531864
"100","31162_397849.5_4059167.5",17.9899997711182,397849.5,4059167.5,59,1.5,TRUE,719,47,"3:01","21:32",36.672799472,-106.143086393,2778.8212,3.3633,3.7141,13.5787,3.3631,3.7139,13.5779,"static","plot looked odd",11.3,47,0.000718200490721,0.0000000402339531864
"101","31448_397906.5_4059156.5",16.7299995422363,397906.5,4059156.5,56,4.5,TRUE,719,46,"1:13","1:44",36.6724163,-106.142509741,2770.4492,1.6035,2.8505,7.6676,1.6034,2.8503,7.6672,"static","plot looked odd",11.3,46,0.000718197626937,0.0000000402336820632
"102","31464_397759.5_4059155.5",11.7600002288818,397759.5,4059155.5,38,6.5,TRUE,719,48,"3:55","4:26",36.672429194,-106.14416931,2786.2764,1.4542,2.5294,4.5122,1.4541,2.5294,4.512,"static",NA,11.3,48,0.000718197811378,0.0000000402337047904
"103","31544_397910.5_4059152.5",13.6700000762939,397910.5,4059152.5,48,3.5,TRUE,719,46,"1:13","1:44",36.6724163,-106.142509741,2770.4492,1.6035,2.8505,7.6676,1.6034,2.8503,7.6672,"static","plot looked odd",11.3,46,0.000718197626937,0.0000000402336820632
"104","31567_397767.5_4059151.5",21.8199996948242,397767.5,4059151.5,53,18.5,TRUE,719,48,"3:55","4:26",36.672429194,-106.14416931,2786.2764,1.4542,2.5294,4.5122,1.4541,2.5294,4.512,"static",NA,11.3,48,0.000718197811378,0.0000000402337047904
"105","31590_397749.5_4059150.5",4.51999998092651,397749.5,4059150.5,12,1.5,TRUE,719,48,"3:55","4:26",36.672429194,-106.14416931,2786.2764,1.4542,2.5294,4.5122,1.4541,2.5294,4.512,"static",NA,11.3,48,0.000718197811378,0.0000000402337047904
"106","31622_397917.5_4059149.5",2.92000007629395,397917.5,4059149.5,8,2.0847559000665,FALSE,719,46,"1:13","1:44",36.6724163,-106.142509741,2770.4492,1.6035,2.8505,7.6676,1.6034,2.8503,7.6672,"static","plot looked odd",11.3,46,0.000718197626937,0.0000000402336820632
"107","31670_397745.5_4059147.5",13.0100002288818,397745.5,4059147.5,34,4.5,TRUE,719,48,"3:55","4:26",36.672429194,-106.14416931,2786.2764,1.4542,2.5294,4.5122,1.4541,2.5294,4.512,"static",NA,11.3,48,0.000718197811378,0.0000000402337047904
"108","31671_397772.5_4059147.5",13.6199998855591,397772.5,4059147.5,34,3.5,TRUE,719,48,"3:55","4:26",36.672429194,-106.14416931,2786.2764,1.4542,2.5294,4.5122,1.4541,2.5294,4.512,"static",NA,11.3,48,0.000718197811378,0.0000000402337047904
"109","31696_397756.5_4059146.5",14.6400003433228,397756.5,4059146.5,56,7.5,TRUE,719,48,"3:55","4:26",36.672429194,-106.14416931,2786.2764,1.4542,2.5294,4.5122,1.4541,2.5294,4.512,"static",NA,11.3,48,0.000718197811378,0.0000000402337047904
"110","31698_397895.5_4059146.5",16.8299999237061,397895.5,4059146.5,52,2.5,TRUE,719,46,"1:13","1:44",36.6724163,-106.142509741,2770.4492,1.6035,2.8505,7.6676,1.6034,2.8503,7.6672,"static","plot looked odd",11.3,46,0.000718197626937,0.0000000402336820632
"111","31699_397901.5_4059146.5",12.1800003051758,397901.5,4059146.5,34,1.5,TRUE,719,46,"1:13","1:44",36.6724163,-106.142509741,2770.4492,1.6035,2.8505,7.6676,1.6034,2.8503,7.6672,"static","plot looked odd",11.3,46,0.000718197626937,0.0000000402336820632
"112","31700_397911.5_4059146.5",15.710000038147,397911.5,4059146.5,48,1.5,TRUE,719,46,"1:13","1:44",36.6724163,-106.142509741,2770.4492,1.6035,2.8505,7.6676,1.6034,2.8503,7.6672,"static","plot looked odd",11.3,46,0.000718197626937,0.0000000402336820632
"113","31724_397763.5_4059145.5",13.7700004577637,397763.5,4059145.5,39,8.5,TRUE,719,48,"3:55","4:26",36.672429194,-106.14416931,2786.2764,1.4542,2.5294,4.5122,1.4541,2.5294,4.512,"static",NA,11.3,48,0.000718197811378,0.0000000402337047904
"114","31758_397753.5_4059144.5",14.5900001525879,397753.5,4059144.5,32,7.5,TRUE,719,48,"3:55","4:26",36.672429194,-106.14416931,2786.2764,1.4542,2.5294,4.5122,1.4541,2.5294,4.512,"static",NA,11.3,48,0.000718197811378,0.0000000402337047904
"115","31763_397907.5_4059144.5",16.3500003814697,397907.5,4059144.5,41,1.5,TRUE,719,46,"1:13","1:44",36.6724163,-106.142509741,2770.4492,1.6035,2.8505,7.6676,1.6034,2.8503,7.6672,"static","plot looked odd",11.3,46,0.000718197626937,0.0000000402336820632
"116","31790_397900.5_4059143.5",13.1499996185303,397900.5,4059143.5,18,2.5,TRUE,719,46,"1:13","1:44",36.6724163,-106.142509741,2770.4492,1.6035,2.8505,7.6676,1.6034,2.8503,7.6672,"static","plot looked odd",11.3,46,0.000718197626937,0.0000000402336820632
"117","31825_397752.5_4059141.5",13.8800001144409,397752.5,4059141.5,46,6.5,TRUE,719,48,"3:55","4:26",36.672429194,-106.14416931,2786.2764,1.4542,2.5294,4.5122,1.4541,2.5294,4.512,"static",NA,11.3,48,0.000718197811378,0.0000000402337047904
"118","31826_397763.5_4059141.5",13.0699996948242,397763.5,4059141.5,28,10.5,TRUE,719,48,"3:55","4:26",36.672429194,-106.14416931,2786.2764,1.4542,2.5294,4.5122,1.4541,2.5294,4.512,"static",NA,11.3,48,0.000718197811378,0.0000000402337047904
"119","31848_397759.5_4059140.5",13.1899995803833,397759.5,4059140.5,41,3.5,TRUE,719,48,"3:55","4:26",36.672429194,-106.14416931,2786.2764,1.4542,2.5294,4.5122,1.4541,2.5294,4.512,"static",NA,11.3,48,0.000718197811378,0.0000000402337047904
"120","31852_397901.5_4059140.5",14.5799999237061,397901.5,4059140.5,13,6.5,TRUE,719,46,"1:13","1:44",36.6724163,-106.142509741,2770.4492,1.6035,2.8505,7.6676,1.6034,2.8503,7.6672,"static","plot looked odd",11.3,46,0.000718197626937,0.0000000402336820632
"121","31878_397770.5_4059139.5",17.1900005340576,397770.5,4059139.5,49,2.5,TRUE,719,48,"3:55","4:26",36.672429194,-106.14416931,2786.2764,1.4542,2.5294,4.5122,1.4541,2.5294,4.512,"static",NA,11.3,48,0.000718197811378,0.0000000402337047904
"122","31881_397899.5_4059139.5",15.0500001907349,397899.5,4059139.5,39,1.5,TRUE,719,46,"1:13","1:44",36.6724163,-106.142509741,2770.4492,1.6035,2.8505,7.6676,1.6034,2.8503,7.6672,"static","plot looked odd",11.3,46,0.000718197626937,0.0000000402336820632
"123","31933_397915.5_4059137.5",12.5600004196167,397915.5,4059137.5,38,1.5,TRUE,719,46,"1:13","1:44",36.6724163,-106.142509741,2770.4492,1.6035,2.8505,7.6676,1.6034,2.8503,7.6672,"static","plot looked odd",11.3,46,0.000718197626937,0.0000000402336820632
"124","31957_397911.5_4059136.5",16.3199996948242,397911.5,4059136.5,48,4.5,TRUE,719,46,"1:13","1:44",36.6724163,-106.142509741,2770.4492,1.6035,2.8505,7.6676,1.6034,2.8503,7.6672,"static","plot looked odd",11.3,46,0.000718197626937,0.0000000402336820632
"125","31984_397766.5_4059135.5",17.8299999237061,397766.5,4059135.5,69,15.5,TRUE,719,48,"3:55","4:26",36.672429194,-106.14416931,2786.2764,1.4542,2.5294,4.5122,1.4541,2.5294,4.512,"static",NA,11.3,48,0.000718197811378,0.0000000402337047904
"126","31986_397904.5_4059135.5",12.4099998474121,397904.5,4059135.5,64,2.5,TRUE,719,46,"1:13","1:44",36.6724163,-106.142509741,2770.4492,1.6035,2.8505,7.6676,1.6034,2.8503,7.6672,"static","plot looked odd",11.3,46,0.000718197626937,0.0000000402336820632
"127","32016_397918.5_4059134.5",14.0100002288818,397918.5,4059134.5,24,3.5,TRUE,719,46,"1:13","1:44",36.6724163,-106.142509741,2770.4492,1.6035,2.8505,7.6676,1.6034,2.8503,7.6672,"static","plot looked odd",11.3,46,0.000718197626937,0.0000000402336820632
"128","32095_397759.5_4059130.5",18.6700000762939,397759.5,4059130.5,90,1.5,TRUE,719,48,"3:55","4:26",36.672429194,-106.14416931,2786.2764,1.4542,2.5294,4.5122,1.4541,2.5294,4.512,"static",NA,11.3,48,0.000718197811378,0.0000000402337047904
"129","32118_397914.5_4059129.5",15.1099996566772,397914.5,4059129.5,48,1.5,TRUE,719,46,"1:13","1:44",36.6724163,-106.142509741,2770.4492,1.6035,2.8505,7.6676,1.6034,2.8503,7.6672,"static","plot looked odd",11.3,46,0.000718197626937,0.0000000402336820632
"130","32291_397713.5_4059121.5",22.2199993133545,397713.5,4059121.5,86,12.5,TRUE,719,49,"4:58","5:19",36.672093158,-106.144732479,2792.6632,3.2854,6.5671,4.931,3.2851,6.5665,4.9305,"static",NA,11.3,49,0.000718195509801,0.0000000402334760505
"131","32339_397701.5_4059119.5",9.39999961853027,397701.5,4059119.5,28,4.5,TRUE,719,49,"4:58","5:19",36.672093158,-106.144732479,2792.6632,3.2854,6.5671,4.931,3.2851,6.5665,4.9305,"static",NA,11.3,49,0.000718195509801,0.0000000402334760505
"132","32363_397698.5_4059118.5",8.97000026702881,397698.5,4059118.5,18,1.5,TRUE,719,49,"4:58","5:19",36.672093158,-106.144732479,2792.6632,3.2854,6.5671,4.931,3.2851,6.5665,4.9305,"static",NA,11.3,49,0.000718195509801,0.0000000402334760505
"133","32482_397697.5_4059113.5",10.0600004196167,397697.5,4059113.5,23,3.5,TRUE,719,49,"4:58","5:19",36.672093158,-106.144732479,2792.6632,3.2854,6.5671,4.931,3.2851,6.5665,4.9305,"static",NA,11.3,49,0.000718195509801,0.0000000402334760505
"134","32506_397706.5_4059112.5",16.0300006866455,397706.5,4059112.5,86,5.5,TRUE,719,49,"4:58","5:19",36.672093158,-106.144732479,2792.6632,3.2854,6.5671,4.931,3.2851,6.5665,4.9305,"static",NA,11.3,49,0.000718195509801,0.0000000402334760505
"135","32601_397715.5_4059108.5",15.4200000762939,397715.5,4059108.5,85,4.5,TRUE,719,49,"4:58","5:19",36.672093158,-106.144732479,2792.6632,3.2854,6.5671,4.931,3.2851,6.5665,4.9305,"static",NA,11.3,49,0.000718195509801,0.0000000402334760505
"136","32623_397721.5_4059107.5",16.5200004577637,397721.5,4059107.5,67,6.5,TRUE,719,49,"4:58","5:19",36.672093158,-106.144732479,2792.6632,3.2854,6.5671,4.931,3.2851,6.5665,4.9305,"static",NA,11.3,49,0.000718195509801,0.0000000402334760505
"137","32700_397721.5_4059104.5",16.4200000762939,397721.5,4059104.5,42,4.5,TRUE,719,49,"4:58","5:19",36.672093158,-106.144732479,2792.6632,3.2854,6.5671,4.931,3.2851,6.5665,4.9305,"static",NA,11.3,49,0.000718195509801,0.0000000402334760505
"138","32814_397723.5_4059099.5",16.7600002288818,397723.5,4059099.5,58,9.5,TRUE,719,49,"4:58","5:19",36.672093158,-106.144732479,2792.6632,3.2854,6.5671,4.931,3.2851,6.5665,4.9305,"static",NA,11.3,49,0.000718195509801,0.0000000402334760505
"139","32841_397714.5_4059098.5",16.7099990844727,397714.5,4059098.5,65,3.5,TRUE,719,49,"4:58","5:19",36.672093158,-106.144732479,2792.6632,3.2854,6.5671,4.931,3.2851,6.5665,4.9305,"static",NA,11.3,49,0.000718195509801,0.0000000402334760505
"140","32842_397761.5_4059098.5",14.5100002288818,397761.5,4059098.5,33,11.5,TRUE,718,42,"5:00","5:31",36.671910036,-106.14405503,2788.4803,1.0242,0.7369,0.9239,1.0242,0.7369,0.9239,"static",NA,11.3,42,0.00071819500874,0.0000000402334251369
"141","32871_397764.5_4059097.5",14.8199996948242,397764.5,4059097.5,29,5.5,TRUE,718,42,"5:00","5:31",36.671910036,-106.14405503,2788.4803,1.0242,0.7369,0.9239,1.0242,0.7369,0.9239,"static",NA,11.3,42,0.00071819500874,0.0000000402334251369
"142","32872_397768.5_4059097.5",8.88000011444092,397768.5,4059097.5,24,1.5,TRUE,718,42,"5:00","5:31",36.671910036,-106.14405503,2788.4803,1.0242,0.7369,0.9239,1.0242,0.7369,0.9239,"static",NA,11.3,42,0.00071819500874,0.0000000402334251369
"143","32927_397715.5_4059095.5",16.8899993896484,397715.5,4059095.5,69,5.5,TRUE,719,49,"4:58","5:19",36.672093158,-106.144732479,2792.6632,3.2854,6.5671,4.931,3.2851,6.5665,4.9305,"static",NA,11.3,49,0.000718195509801,0.0000000402334760505
"144","33035_397703.5_4059091.5",15.289999961853,397703.5,4059091.5,53,3.5,TRUE,719,49,"4:58","5:19",36.672093158,-106.144732479,2792.6632,3.2854,6.5671,4.931,3.2851,6.5665,4.9305,"static",NA,11.3,49,0.000718195509801,0.0000000402334760505
"145","33057_397756.5_4059090.5",9.8100004196167,397756.5,4059090.5,20,1.5,TRUE,718,42,"5:00","5:31",36.671910036,-106.14405503,2788.4803,1.0242,0.7369,0.9239,1.0242,0.7369,0.9239,"static",NA,11.3,42,0.00071819500874,0.0000000402334251369
"146","33096_397776.5_4059088.5",19.4400005340576,397776.5,4059088.5,136,3.5,TRUE,718,42,"5:00","5:31",36.671910036,-106.14405503,2788.4803,1.0242,0.7369,0.9239,1.0242,0.7369,0.9239,"static",NA,11.3,42,0.00071819500874,0.0000000402334251369
"147","33162_397760.5_4059086.5",14.8299999237061,397760.5,4059086.5,52,4.5,TRUE,718,42,"5:00","5:31",36.671910036,-106.14405503,2788.4803,1.0242,0.7369,0.9239,1.0242,0.7369,0.9239,"static",NA,11.3,42,0.00071819500874,0.0000000402334251369
"148","33182_397757.5_4059085.5",11.6999998092651,397757.5,4059085.5,22,1.5,TRUE,718,42,"5:00","5:31",36.671910036,-106.14405503,2788.4803,1.0242,0.7369,0.9239,1.0242,0.7369,0.9239,"static",NA,11.3,42,0.00071819500874,0.0000000402334251369
"149","33251_397782.5_4059082.5",14.6999998092651,397782.5,4059082.5,23,5.5,TRUE,718,42,"5:00","5:31",36.671910036,-106.14405503,2788.4803,1.0242,0.7369,0.9239,1.0242,0.7369,0.9239,"static",NA,11.3,42,0.00071819500874,0.0000000402334251369
"150","33278_397756.5_4059081.5",14.7799997329712,397756.5,4059081.5,43,1.5,TRUE,718,42,"5:00","5:31",36.671910036,-106.14405503,2788.4803,1.0242,0.7369,0.9239,1.0242,0.7369,0.9239,"static",NA,11.3,42,0.00071819500874,0.0000000402334251369
"151","33304_397780.5_4059080.5",15.5699996948242,397780.5,4059080.5,28,3.5,TRUE,718,42,"5:00","5:31",36.671910036,-106.14405503,2788.4803,1.0242,0.7369,0.9239,1.0242,0.7369,0.9239,"static",NA,11.3,42,0.00071819500874,0.0000000402334251369
"152","33321_397765.5_4059079.5",14.1999998092651,397765.5,4059079.5,44,2.5,TRUE,718,42,"5:00","5:31",36.671910036,-106.14405503,2788.4803,1.0242,0.7369,0.9239,1.0242,0.7369,0.9239,"static",NA,11.3,42,0.00071819500874,0.0000000402334251369
"153","33373_397779.5_4059077.5",15.9099998474121,397779.5,4059077.5,31,4.5,TRUE,718,42,"5:00","5:31",36.671910036,-106.14405503,2788.4803,1.0242,0.7369,0.9239,1.0242,0.7369,0.9239,"static",NA,11.3,42,0.00071819500874,0.0000000402334251369
"154","33427_397775.5_4059075.5",15.8100004196167,397775.5,4059075.5,41,2.5,TRUE,718,42,"5:00","5:31",36.671910036,-106.14405503,2788.4803,1.0242,0.7369,0.9239,1.0242,0.7369,0.9239,"static",NA,11.3,42,0.00071819500874,0.0000000402334251369
"155","33481_397769.5_4059073.5",18.9500007629395,397769.5,4059073.5,91,3.5,TRUE,718,42,"5:00","5:31",36.671910036,-106.14405503,2788.4803,1.0242,0.7369,0.9239,1.0242,0.7369,0.9239,"static",NA,11.3,42,0.00071819500874,0.0000000402334251369
"156","33562_397741.5_4059070.5",17.3999996185303,397741.5,4059070.5,52,2.5,TRUE,718,39,"11:52","12:22",36.671730538,-106.144267741,2788.5827,0.2134,0.4473,0.6799,0.2134,0.4473,0.6799,"static",NA,11.3,39,0.000718194085892,0.0000000402333355856
"157","33642_397739.5_4059067.5",18.7000007629395,397739.5,4059067.5,31,3.5,TRUE,718,39,"11:52","12:22",36.671730538,-106.144267741,2788.5827,0.2134,0.4473,0.6799,0.2134,0.4473,0.6799,"static",NA,11.3,39,0.000718194085892,0.0000000402333355856
"158","33733_397758.5_4059063.5",9.3100004196167,397758.5,4059063.5,29,1.5,TRUE,718,39,"11:52","12:22",36.671730538,-106.144267741,2788.5827,0.2134,0.4473,0.6799,0.2134,0.4473,0.6799,"static",NA,11.3,39,0.000718194085892,0.0000000402333355856
"159","33757_397739.5_4059062.5",17.7999992370605,397739.5,4059062.5,42,2.5,TRUE,718,39,"11:52","12:22",36.671730538,-106.144267741,2788.5827,0.2134,0.4473,0.6799,0.2134,0.4473,0.6799,"static",NA,11.3,39,0.000718194085892,0.0000000402333355856
"160","33758_397746.5_4059062.5",20.7299995422363,397746.5,4059062.5,101,6.5,TRUE,718,39,"11:52","12:22",36.671730538,-106.144267741,2788.5827,0.2134,0.4473,0.6799,0.2134,0.4473,0.6799,"static",NA,11.3,39,0.000718194085892,0.0000000402333355856
"161","33849_397759.5_4059058.5",18.8099994659424,397759.5,4059058.5,51,1.5,TRUE,718,39,"11:52","12:22",36.671730538,-106.144267741,2788.5827,0.2134,0.4473,0.6799,0.2134,0.4473,0.6799,"static",NA,11.3,39,0.000718194085892,0.0000000402333355856
"162","33871_397705.5_4059057.5",13.1899995803833,397705.5,4059057.5,51,9.5,TRUE,719,43,"9:48","10:19",36.671518139,-106.14472379,2790.1581,3.5827,2.6018,17.6558,3.5825,2.6017,17.6549,"static","plot looked odd",11.3,43,0.000718193551262,0.0000000402332760852
"163","33913_397710.5_4059055.5",15.6400003433228,397710.5,4059055.5,41,2.5,TRUE,719,43,"9:48","10:19",36.671518139,-106.14472379,2790.1581,3.5827,2.6018,17.6558,3.5825,2.6017,17.6549,"static","plot looked odd",11.3,43,0.000718193551262,0.0000000402332760852
"164","33914_397750.5_4059055.5",17.0699996948242,397750.5,4059055.5,96,2.5,TRUE,718,39,"11:52","12:22",36.671730538,-106.144267741,2788.5827,0.2134,0.4473,0.6799,0.2134,0.4473,0.6799,"static",NA,11.3,39,0.000718194085892,0.0000000402333355856
"165","33933_397683.5_4059054.5",19.1100006103516,397683.5,4059054.5,55,2.5,TRUE,718,38,"11:03","11:34",36.671475868,-106.145063965,2797.7389,0.3304,0.386,1.7549,0.3304,0.3859,1.7548,"static",NA,11.3,38,0.000718193136018,0.0000000402332412596
"166","33934_397698.5_4059054.5",14.8999996185303,397698.5,4059054.5,47,12.5,TRUE,719,43,"9:48","10:19",36.671518139,-106.14472379,2790.1581,3.5827,2.6018,17.6558,3.5825,2.6017,17.6549,"static","plot looked odd",11.3,43,0.000718193551262,0.0000000402332760852
"167","33962_397713.5_4059053.5",18.3500003814697,397713.5,4059053.5,44,1.5,TRUE,719,43,"9:48","10:19",36.671518139,-106.14472379,2790.1581,3.5827,2.6018,17.6558,3.5825,2.6017,17.6549,"static","plot looked odd",11.3,43,0.000718193551262,0.0000000402332760852
"168","33983_397719.5_4059052.5",17.7999992370605,397719.5,4059052.5,42,2.5,TRUE,719,43,"9:48","10:19",36.671518139,-106.14472379,2790.1581,3.5827,2.6018,17.6558,3.5825,2.6017,17.6549,"static","plot looked odd",11.3,43,0.000718193551262,0.0000000402332760852
"169","34026_397685.5_4059050.5",18.9400005340576,397685.5,4059050.5,50,2.5,TRUE,718,38,"11:03","11:34",36.671475868,-106.145063965,2797.7389,0.3304,0.386,1.7549,0.3304,0.3859,1.7548,"static",NA,11.3,38,0.000718193136018,0.0000000402332412596
"170","34027_397695.5_4059050.5",7.28999996185303,397695.5,4059050.5,24,1.5,TRUE,719,43,"9:48","10:19",36.671518139,-106.14472379,2790.1581,3.5827,2.6018,17.6558,3.5825,2.6017,17.6549,"static","plot looked odd",11.3,43,0.000718193551262,0.0000000402332760852
"171","34072_397716.5_4059048.5",15.9799995422363,397716.5,4059048.5,38,4.5,TRUE,719,43,"9:48","10:19",36.671518139,-106.14472379,2790.1581,3.5827,2.6018,17.6558,3.5825,2.6017,17.6549,"static","plot looked odd",11.3,43,0.000718193551262,0.0000000402332760852
"172","34124_397677.5_4059046.5",12.8599996566772,397677.5,4059046.5,37,2.5,TRUE,718,38,"11:03","11:34",36.671475868,-106.145063965,2797.7389,0.3304,0.386,1.7549,0.3304,0.3859,1.7548,"static",NA,11.3,38,0.000718193136018,0.0000000402332412596
"173","34142_397703.5_4059045.5",14.3599996566772,397703.5,4059045.5,43,2.5,TRUE,719,43,"9:48","10:19",36.671518139,-106.14472379,2790.1581,3.5827,2.6018,17.6558,3.5825,2.6017,17.6549,"static","plot looked odd",11.3,43,0.000718193551262,0.0000000402332760852
"174","34168_397668.5_4059044.5",13.5100002288818,397668.5,4059044.5,30,2.5,TRUE,718,38,"11:03","11:34",36.671475868,-106.145063965,2797.7389,0.3304,0.386,1.7549,0.3304,0.3859,1.7548,"static",NA,11.3,38,0.000718193136018,0.0000000402332412596
"175","34169_397673.5_4059044.5",13.6499996185303,397673.5,4059044.5,21,4.5,TRUE,718,38,"11:03","11:34",36.671475868,-106.145063965,2797.7389,0.3304,0.386,1.7549,0.3304,0.3859,1.7548,"static",NA,11.3,38,0.000718193136018,0.0000000402332412596
"176","34191_397699.5_4059043.5",15.4300003051758,397699.5,4059043.5,56,3.5,TRUE,719,43,"9:48","10:19",36.671518139,-106.14472379,2790.1581,3.5827,2.6018,17.6558,3.5825,2.6017,17.6549,"static","plot looked odd",11.3,43,0.000718193551262,0.0000000402332760852
"177","34192_397714.5_4059043.5",16.7299995422363,397714.5,4059043.5,47,4.5,TRUE,719,43,"9:48","10:19",36.671518139,-106.14472379,2790.1581,3.5827,2.6018,17.6558,3.5825,2.6017,17.6549,"static","plot looked odd",11.3,43,0.000718193551262,0.0000000402332760852
"178","34216_397672.5_4059042.5",13.789999961853,397672.5,4059042.5,20,2.5,TRUE,718,38,"11:03","11:34",36.671475868,-106.145063965,2797.7389,0.3304,0.386,1.7549,0.3304,0.3859,1.7548,"static",NA,11.3,38,0.000718193136018,0.0000000402332412596
"179","34217_397683.5_4059042.5",20.0799999237061,397683.5,4059042.5,117,2.5,TRUE,718,38,"11:03","11:34",36.671475868,-106.145063965,2797.7389,0.3304,0.386,1.7549,0.3304,0.3859,1.7548,"static",NA,11.3,38,0.000718193136018,0.0000000402332412596
"180","34314_397675.5_4059038.5",6,397675.5,4059038.5,19,1.5,TRUE,718,38,"11:03","11:34",36.671475868,-106.145063965,2797.7389,0.3304,0.386,1.7549,0.3304,0.3859,1.7548,"static",NA,11.3,38,0.000718193136018,0.0000000402332412596
"181","34340_397660.5_4059037.5",12.6300001144409,397660.5,4059037.5,37,2.5,TRUE,718,38,"11:03","11:34",36.671475868,-106.145063965,2797.7389,0.3304,0.386,1.7549,0.3304,0.3859,1.7548,"static",NA,11.3,38,0.000718193136018,0.0000000402332412596
"182","34341_397716.5_4059037.5",17.3799991607666,397716.5,4059037.5,77,4.5,TRUE,719,43,"9:48","10:19",36.671518139,-106.14472379,2790.1581,3.5827,2.6018,17.6558,3.5825,2.6017,17.6549,"static","plot looked odd",11.3,43,0.000718193551262,0.0000000402332760852
"183","34432_397674.5_4059033.5",16.8299999237061,397674.5,4059033.5,70,1.5,TRUE,718,38,"11:03","11:34",36.671475868,-106.145063965,2797.7389,0.3304,0.386,1.7549,0.3304,0.3859,1.7548,"static",NA,11.3,38,0.000718193136018,0.0000000402332412596
"184","34433_397708.5_4059033.5",12.8900003433228,397708.5,4059033.5,44,1.5,TRUE,719,43,"9:48","10:19",36.671518139,-106.14472379,2790.1581,3.5827,2.6018,17.6558,3.5825,2.6017,17.6549,"static","plot looked odd",11.3,43,0.000718193551262,0.0000000402332760852
"185","34491_397665.5_4059031.5",22.1200008392334,397665.5,4059031.5,84,1.5,TRUE,718,38,"11:03","11:34",36.671475868,-106.145063965,2797.7389,0.3304,0.386,1.7549,0.3304,0.3859,1.7548,"static",NA,11.3,38,0.000718193136018,0.0000000402332412596
"186","34515_397684.5_4059030.5",15,397684.5,4059030.5,72,12.5,TRUE,718,38,"11:03","11:34",36.671475868,-106.145063965,2797.7389,0.3304,0.386,1.7549,0.3304,0.3859,1.7548,"static",NA,11.3,38,0.000718193136018,0.0000000402332412596
"187","34604_397671.5_4059026.5",13.9099998474121,397671.5,4059026.5,41,2.5,TRUE,718,38,"11:03","11:34",36.671475868,-106.145063965,2797.7389,0.3304,0.386,1.7549,0.3304,0.3859,1.7548,"static",NA,11.3,38,0.000718193136018,0.0000000402332412596
"188","34621_397675.5_4059025.5",11.6099996566772,397675.5,4059025.5,31,2.5,TRUE,718,38,"11:03","11:34",36.671475868,-106.145063965,2797.7389,0.3304,0.386,1.7549,0.3304,0.3859,1.7548,"static",NA,11.3,38,0.000718193136018,0.0000000402332412596
"189","34841_397661.5_4059016.5",12.25,397661.5,4059016.5,54,2.5,TRUE,719,44,"10:32","11:04",36.671172073,-106.145343373,2793.5844,2.8484,2.5493,5.9899,2.8482,2.5492,5.9896,"static","plot looked odd",11.3,44,0.000718191012665,0.0000000402330451045
"190","34867_397652.5_4059015.5",18.3500003814697,397652.5,4059015.5,119,2.5,TRUE,719,44,"10:32","11:04",36.671172073,-106.145343373,2793.5844,2.8484,2.5493,5.9899,2.8482,2.5492,5.9896,"static","plot looked odd",11.3,44,0.000718191012665,0.0000000402330451045
"191","34889_397647.5_4059014.5",11,397647.5,4059014.5,42,1.5,TRUE,719,44,"10:32","11:04",36.671172073,-106.145343373,2793.5844,2.8484,2.5493,5.9899,2.8482,2.5492,5.9896,"static","plot looked odd",11.3,44,0.000718191012665,0.0000000402330451045
"192","34979_397603.5_4059010.5",16.1900005340576,397603.5,4059010.5,44,3.5,TRUE,719,45,"11:25","11:56",36.671099538,-106.145855048,2799.309,2.3032,3.0767,5.9626,2.303,3.0765,5.9623,"static","plot looked odd",11.3,45,0.000718191012688,0.0000000402330451064
"193","35068_397644.5_4059007.5",15.539999961853,397644.5,4059007.5,65,1.5,TRUE,719,44,"10:32","11:04",36.671172073,-106.145343373,2793.5844,2.8484,2.5493,5.9899,2.8482,2.5492,5.9896,"static","plot looked odd",11.3,44,0.000718191012665,0.0000000402330451045
"194","35069_397662.5_4059007.5",15.4499998092651,397662.5,4059007.5,60,4.5,TRUE,719,44,"10:32","11:04",36.671172073,-106.145343373,2793.5844,2.8484,2.5493,5.9899,2.8482,2.5492,5.9896,"static","plot looked odd",11.3,44,0.000718191012665,0.0000000402330451045
"195","35114_397595.5_4059005.5",16.7299995422363,397595.5,4059005.5,35,2.5,TRUE,719,45,"11:25","11:56",36.671099538,-106.145855048,2799.309,2.3032,3.0767,5.9626,2.303,3.0765,5.9623,"static","plot looked odd",11.3,45,0.000718191012688,0.0000000402330451064
"196","35115_397601.5_4059005.5",18.4300003051758,397601.5,4059005.5,45,1.5,TRUE,719,45,"11:25","11:56",36.671099538,-106.145855048,2799.309,2.3032,3.0767,5.9626,2.303,3.0765,5.9623,"static","plot looked odd",11.3,45,0.000718191012688,0.0000000402330451064
"197","35137_397621.5_4059004.5",20.8099994659424,397621.5,4059004.5,83,1.5,TRUE,719,45,"11:25","11:56",36.671099538,-106.145855048,2799.309,2.3032,3.0767,5.9626,2.303,3.0765,5.9623,"static","plot looked odd",11.3,45,0.000718191012688,0.0000000402330451064
"198","35163_397645.5_4059003.5",11.1700000762939,397645.5,4059003.5,30,1.5,TRUE,719,44,"10:32","11:04",36.671172073,-106.145343373,2793.5844,2.8484,2.5493,5.9899,2.8482,2.5492,5.9896,"static","plot looked odd",11.3,44,0.000718191012665,0.0000000402330451045
"199","35164_397658.5_4059003.5",16.5900001525879,397658.5,4059003.5,57,1.5,TRUE,719,44,"10:32","11:04",36.671172073,-106.145343373,2793.5844,2.8484,2.5493,5.9899,2.8482,2.5492,5.9896,"static","plot looked odd",11.3,44,0.000718191012665,0.0000000402330451045
"200","35194_397615.5_4059002.5",17.2900009155273,397615.5,4059002.5,73,2.5,TRUE,719,45,"11:25","11:56",36.671099538,-106.145855048,2799.309,2.3032,3.0767,5.9626,2.303,3.0765,5.9623,"static","plot looked odd",11.3,45,0.000718191012688,0.0000000402330451064
"201","35255_397594.5_4059000.5",16.2900009155273,397594.5,4059000.5,27,13.5,TRUE,719,45,"11:25","11:56",36.671099538,-106.145855048,2799.309,2.3032,3.0767,5.9626,2.303,3.0765,5.9623,"static","plot looked odd",11.3,45,0.000718191012688,0.0000000402330451064
"202","35257_397649.5_4059000.5",11.6499996185303,397649.5,4059000.5,16,1.5,TRUE,719,44,"10:32","11:04",36.671172073,-106.145343373,2793.5844,2.8484,2.5493,5.9899,2.8482,2.5492,5.9896,"static","plot looked odd",11.3,44,0.000718191012665,0.0000000402330451045
"203","35258_397653.5_4059000.5",14.4899997711182,397653.5,4059000.5,28,3.5,TRUE,719,44,"10:32","11:04",36.671172073,-106.145343373,2793.5844,2.8484,2.5493,5.9899,2.8482,2.5492,5.9896,"static","plot looked odd",11.3,44,0.000718191012665,0.0000000402330451045
"204","35259_397666.5_4059000.5",21.5200004577637,397666.5,4059000.5,44,2.5,TRUE,719,44,"10:32","11:04",36.671172073,-106.145343373,2793.5844,2.8484,2.5493,5.9899,2.8482,2.5492,5.9896,"static","plot looked odd",11.3,44,0.000718191012665,0.0000000402330451045
"205","799_399868.5_4033482.5",15.3000001907349,399868.5,4033482.5,44,3.5,TRUE,816,106,"2:45","3:28",36.441227731,-106.117204483,2475.9471,0.3823,0.8144,1.1393,0.3823,0.8143,1.1392,"static",NA,11.3,103,0.00071697004894,0.0000000401155857719
"206","800_399872.5_4033482.5",14.4399995803833,399872.5,4033482.5,26,4.5,TRUE,816,106,"2:45","3:28",36.441227731,-106.117204483,2475.9471,0.3823,0.8144,1.1393,0.3823,0.8143,1.1392,"static",NA,11.3,103,0.00071697004894,0.0000000401155857719
"207","1013_399861.5_4033476.5",7.73000001907349,399861.5,4033476.5,21,3.85132045830644,FALSE,816,106,"2:45","3:28",36.441227731,-106.117204483,2475.9471,0.3823,0.8144,1.1393,0.3823,0.8143,1.1392,"static",NA,11.3,103,0.00071697004894,0.0000000401155857719
"208","1014_399873.5_4033476.5",18.5100002288818,399873.5,4033476.5,55,6.5,TRUE,816,106,"2:45","3:28",36.441227731,-106.117204483,2475.9471,0.3823,0.8144,1.1393,0.3823,0.8143,1.1392,"static",NA,11.3,103,0.00071697004894,0.0000000401155857719
"209","1062_399869.5_4033475.5",17.8299999237061,399869.5,4033475.5,42,10.5,TRUE,816,106,"2:45","3:28",36.441227731,-106.117204483,2475.9471,0.3823,0.8144,1.1393,0.3823,0.8143,1.1392,"static",NA,11.3,103,0.00071697004894,0.0000000401155857719
"210","1170_399857.5_4033472.5",14.4899997711182,399857.5,4033472.5,43,6.5,TRUE,816,106,"2:45","3:28",36.441227731,-106.117204483,2475.9471,0.3823,0.8144,1.1393,0.3823,0.8143,1.1392,"static",NA,11.3,103,0.00071697004894,0.0000000401155857719
"211","1171_399884.5_4033472.5",19.8999996185303,399884.5,4033472.5,76,6.67252063492064,FALSE,816,106,"2:45","3:28",36.441227731,-106.117204483,2475.9471,0.3823,0.8144,1.1393,0.3823,0.8143,1.1392,"static",NA,11.3,103,0.00071697004894,0.0000000401155857719
"212","1214_399871.5_4033471.5",16.1200008392334,399871.5,4033471.5,24,5.5,TRUE,816,106,"2:45","3:28",36.441227731,-106.117204483,2475.9471,0.3823,0.8144,1.1393,0.3823,0.8143,1.1392,"static",NA,11.3,103,0.00071697004894,0.0000000401155857719
"213","1288_399865.5_4033469.5",13.8100004196167,399865.5,4033469.5,40,5.14582592040048,FALSE,816,106,"2:45","3:28",36.441227731,-106.117204483,2475.9471,0.3823,0.8144,1.1393,0.3823,0.8143,1.1392,"static",NA,11.3,103,0.00071697004894,0.0000000401155857719
"214","1321_399875.5_4033468.5",14.6700000762939,399875.5,4033468.5,27,3.5,TRUE,816,106,"2:45","3:28",36.441227731,-106.117204483,2475.9471,0.3823,0.8144,1.1393,0.3823,0.8143,1.1392,"static",NA,11.3,103,0.00071697004894,0.0000000401155857719
"215","1370_399861.5_4033467.5",14.2200002670288,399861.5,4033467.5,22,4.5,TRUE,816,106,"2:45","3:28",36.441227731,-106.117204483,2475.9471,0.3823,0.8144,1.1393,0.3823,0.8143,1.1392,"static",NA,11.3,103,0.00071697004894,0.0000000401155857719
"216","1371_399871.5_4033467.5",15.6499996185303,399871.5,4033467.5,19,7.5,TRUE,816,106,"2:45","3:28",36.441227731,-106.117204483,2475.9471,0.3823,0.8144,1.1393,0.3823,0.8143,1.1392,"static",NA,11.3,103,0.00071697004894,0.0000000401155857719
"217","1372_399881.5_4033467.5",12.9200000762939,399881.5,4033467.5,46,11.5,TRUE,816,106,"2:45","3:28",36.441227731,-106.117204483,2475.9471,0.3823,0.8144,1.1393,0.3823,0.8143,1.1392,"static",NA,11.3,103,0.00071697004894,0.0000000401155857719
"218","1444_399859.5_4033465.5",13.8599996566772,399859.5,4033465.5,19,5.5,TRUE,816,106,"2:45","3:28",36.441227731,-106.117204483,2475.9471,0.3823,0.8144,1.1393,0.3823,0.8143,1.1392,"static",NA,11.3,103,0.00071697004894,0.0000000401155857719
"219","1445_399877.5_4033465.5",12.210000038147,399877.5,4033465.5,25,2.5,TRUE,816,106,"2:45","3:28",36.441227731,-106.117204483,2475.9471,0.3823,0.8144,1.1393,0.3823,0.8143,1.1392,"static",NA,11.3,103,0.00071697004894,0.0000000401155857719
"220","1478_399872.5_4033464.5",13.7629404067993,399872.5,4033464.5,18,3.5,TRUE,816,106,"2:45","3:28",36.441227731,-106.117204483,2475.9471,0.3823,0.8144,1.1393,0.3823,0.8143,1.1392,"static",NA,11.3,103,0.00071697004894,0.0000000401155857719
"221","1522_399865.5_4033463.5",12.7700004577637,399865.5,4033463.5,22,6.5,TRUE,816,106,"2:45","3:28",36.441227731,-106.117204483,2475.9471,0.3823,0.8144,1.1393,0.3823,0.8143,1.1392,"static",NA,11.3,103,0.00071697004894,0.0000000401155857719
"222","1560_399860.5_4033462.5",14,399860.5,4033462.5,32,4.66782703509531,FALSE,816,106,"2:45","3:28",36.441227731,-106.117204483,2475.9471,0.3823,0.8144,1.1393,0.3823,0.8143,1.1392,"static",NA,11.3,103,0.00071697004894,0.0000000401155857719
"223","1561_399870.5_4033462.5",14.0600004196167,399870.5,4033462.5,20,5.5,TRUE,816,106,"2:45","3:28",36.441227731,-106.117204483,2475.9471,0.3823,0.8144,1.1393,0.3823,0.8143,1.1392,"static",NA,11.3,103,0.00071697004894,0.0000000401155857719
"224","1664_399875.5_4033459.5",21.2999992370605,399875.5,4033459.5,57,3.5,TRUE,816,106,"2:45","3:28",36.441227731,-106.117204483,2475.9471,0.3823,0.8144,1.1393,0.3823,0.8143,1.1392,"static",NA,11.3,103,0.00071697004894,0.0000000401155857719
"225","1700_399867.5_4033458.5",13.789999961853,399867.5,4033458.5,35,3.5,TRUE,816,106,"2:45","3:28",36.441227731,-106.117204483,2475.9471,0.3823,0.8144,1.1393,0.3823,0.8143,1.1392,"static",NA,11.3,103,0.00071697004894,0.0000000401155857719
"226","5291_399996.5_4033365.5",13.6099996566772,399996.5,4033365.5,40,2.5,TRUE,817,110,"10:59","11:29",36.440180364,-106.115889113,2488.6296,0.6787,0.0588,0.2374,0.6757,0.0588,0.2374,"static",NA,11.3,107,0.000716964696407,0.0000000401150665234
"227","5564_399980.5_4033358.5",22.6100006103516,399980.5,4033358.5,75,10.5,TRUE,817,110,"10:59","11:29",36.440180364,-106.115889113,2488.6296,0.6787,0.0588,0.2374,0.6757,0.0588,0.2374,"static",NA,11.3,107,0.000716964696407,0.0000000401150665234
"228","5565_399984.5_4033358.5",22.3899993896484,399984.5,4033358.5,84,4.5,TRUE,817,110,"10:59","11:29",36.440180364,-106.115889113,2488.6296,0.6787,0.0588,0.2374,0.6757,0.0588,0.2374,"static",NA,11.3,107,0.000716964696407,0.0000000401150665234
"229","5566_399997.5_4033358.5",14.4200000762939,399997.5,4033358.5,59,4.5,TRUE,817,110,"10:59","11:29",36.440180364,-106.115889113,2488.6296,0.6787,0.0588,0.2374,0.6757,0.0588,0.2374,"static",NA,11.3,107,0.000716964696407,0.0000000401150665234
"230","5715_399970.5_4033354.5",19.5499992370605,399970.5,4033354.5,87,9.5,TRUE,817,110,"10:59","11:29",36.440180364,-106.115889113,2488.6296,0.6787,0.0588,0.2374,0.6757,0.0588,0.2374,"static",NA,11.3,107,0.000716964696407,0.0000000401150665234
"231","5788_399996.5_4033352.5",10.6199998855591,399996.5,4033352.5,35,2.5,TRUE,817,110,"10:59","11:29",36.440180364,-106.115889113,2488.6296,0.6787,0.0588,0.2374,0.6757,0.0588,0.2374,"static",NA,11.3,107,0.000716964696407,0.0000000401150665234
"232","5883_399982.5_4033350.5",24.4500007629395,399982.5,4033350.5,97,3.5,TRUE,817,110,"10:59","11:29",36.440180364,-106.115889113,2488.6296,0.6787,0.0588,0.2374,0.6757,0.0588,0.2374,"static",NA,11.3,107,0.000716964696407,0.0000000401150665234
"233","5926_400000.5_4033349.5",19.7199993133545,400000.5,4033349.5,65,2.5,TRUE,817,110,"10:59","11:29",36.440180364,-106.115889113,2488.6296,0.6787,0.0588,0.2374,0.6757,0.0588,0.2374,"static",NA,11.3,107,0.000716964696407,0.0000000401150665234
"234","6053_399987.5_4033346.5",21.9899997711182,399987.5,4033346.5,87,4.5,TRUE,817,110,"10:59","11:29",36.440180364,-106.115889113,2488.6296,0.6787,0.0588,0.2374,0.6757,0.0588,0.2374,"static",NA,11.3,107,0.000716964696407,0.0000000401150665234
"235","6344_399990.5_4033339.5",17.2700004577637,399990.5,4033339.5,42,4.5,TRUE,817,110,"10:59","11:29",36.440180364,-106.115889113,2488.6296,0.6787,0.0588,0.2374,0.6757,0.0588,0.2374,"static",NA,11.3,107,0.000716964696407,0.0000000401150665234
"236","6476_400016.5_4033336.5",12.7200002670288,400016.5,4033336.5,30,2.5,TRUE,816,105,"1:53","2:24",36.439933848,-106.11561607,2495.2214,0.1418,0.3714,0.7388,0.1417,0.3714,0.7387,"static",NA,11.3,102,0.000716963275525,0.0000000401149244378
"237","6517_400006.5_4033335.5",15.1999998092651,400006.5,4033335.5,26,3.5,TRUE,816,105,"1:53","2:24",36.439933848,-106.11561607,2495.2214,0.1418,0.3714,0.7388,0.1417,0.3714,0.7387,"static",NA,11.3,102,0.000716963275525,0.0000000401149244378
"238","6611_399904.5_4033333.5",17.3700008392334,399904.5,4033333.5,41,2.5,TRUE,815,102,"4:48","5:19",36.439879664,-106.116799797,2490.3684,1.6392,0.5753,1.7136,1.6391,0.5752,1.7135,"static",NA,11.3,99,0.000716963029726,0.0000000401148973485
"239","6614_400014.5_4033333.5",11.7399997711182,400014.5,4033333.5,25,2.5,TRUE,816,105,"1:53","2:24",36.439933848,-106.11561607,2495.2214,0.1418,0.3714,0.7388,0.1417,0.3714,0.7387,"static",NA,11.3,102,0.000716963275525,0.0000000401149244378
"240","6615_400019.5_4033333.5",11.710000038147,400019.5,4033333.5,23,4.5,TRUE,816,105,"1:53","2:24",36.439933848,-106.11561607,2495.2214,0.1418,0.3714,0.7388,0.1417,0.3714,0.7387,"static",NA,11.3,102,0.000716963275525,0.0000000401149244378
"241","6657_400004.5_4033332.5",14.6999998092651,400004.5,4033332.5,26,3.5,TRUE,816,105,"1:53","2:24",36.439933848,-106.11561607,2495.2214,0.1418,0.3714,0.7388,0.1417,0.3714,0.7387,"static",NA,11.3,102,0.000716963275525,0.0000000401149244378
"242","6737_400001.5_4033330.5",13.0100002288818,400001.5,4033330.5,24,2.5,TRUE,816,105,"1:53","2:24",36.439933848,-106.11561607,2495.2214,0.1418,0.3714,0.7388,0.1417,0.3714,0.7387,"static",NA,11.3,102,0.000716963275525,0.0000000401149244378
"243","6738_400010.5_4033330.5",13.6400003433228,400010.5,4033330.5,40,2.5,TRUE,816,105,"1:53","2:24",36.439933848,-106.11561607,2495.2214,0.1418,0.3714,0.7388,0.1417,0.3714,0.7387,"static",NA,11.3,102,0.000716963275525,0.0000000401149244378
"244","6772_400017.5_4033329.5",12.1000003814697,400017.5,4033329.5,16,4.5,TRUE,816,105,"1:53","2:24",36.439933848,-106.11561607,2495.2214,0.1418,0.3714,0.7388,0.1417,0.3714,0.7387,"static",NA,11.3,102,0.000716963275525,0.0000000401149244378
"245","6773_400020.5_4033329.5",12.8800001144409,400020.5,4033329.5,22,3.5,TRUE,816,105,"1:53","2:24",36.439933848,-106.11561607,2495.2214,0.1418,0.3714,0.7388,0.1417,0.3714,0.7387,"static",NA,11.3,102,0.000716963275525,0.0000000401149244378
"246","6903_400016.5_4033326.5",11.289999961853,400016.5,4033326.5,20,2.5,TRUE,816,105,"1:53","2:24",36.439933848,-106.11561607,2495.2214,0.1418,0.3714,0.7388,0.1417,0.3714,0.7387,"static",NA,11.3,102,0.000716963275525,0.0000000401149244378
"247","6933_399895.5_4033325.5",16.6700000762939,399895.5,4033325.5,39,3.5,TRUE,815,102,"4:48","5:19",36.439879664,-106.116799797,2490.3684,1.6392,0.5753,1.7136,1.6391,0.5752,1.7135,"static",NA,11.3,99,0.000716963029726,0.0000000401148973485
"248","6935_400004.5_4033325.5",14.1700000762939,400004.5,4033325.5,61,2.5,TRUE,816,105,"1:53","2:24",36.439933848,-106.11561607,2495.2214,0.1418,0.3714,0.7388,0.1417,0.3714,0.7387,"static",NA,11.3,102,0.000716963275525,0.0000000401149244378
"249","6974_399901.5_4033324.5",14.5200004577637,399901.5,4033324.5,34,3.5,TRUE,815,102,"4:48","5:19",36.439879664,-106.116799797,2490.3684,1.6392,0.5753,1.7136,1.6391,0.5752,1.7135,"static",NA,11.3,99,0.000716963029726,0.0000000401148973485
"250","6975_399909.5_4033324.5",23.7700004577637,399909.5,4033324.5,113,3.5,TRUE,815,102,"4:48","5:19",36.439879664,-106.116799797,2490.3684,1.6392,0.5753,1.7136,1.6391,0.5752,1.7135,"static",NA,11.3,99,0.000716963029726,0.0000000401148973485
"251","6977_400026.5_4033324.5",6.61999988555908,400026.5,4033324.5,29,3.50322753961089,FALSE,816,105,"1:53","2:24",36.439933848,-106.11561607,2495.2214,0.1418,0.3714,0.7388,0.1417,0.3714,0.7387,"static",NA,11.3,102,0.000716963275525,0.0000000401149244378
"252","7018_400016.5_4033323.5",12.1800003051758,400016.5,4033323.5,21,3.5,TRUE,816,105,"1:53","2:24",36.439933848,-106.11561607,2495.2214,0.1418,0.3714,0.7388,0.1417,0.3714,0.7387,"static",NA,11.3,102,0.000716963275525,0.0000000401149244378
"253","7101_399996.5_4033321.5",19.9099998474121,399996.5,4033321.5,47,5.5,TRUE,816,105,"1:53","2:24",36.439933848,-106.11561607,2495.2214,0.1418,0.3714,0.7388,0.1417,0.3714,0.7387,"static",NA,11.3,102,0.000716963275525,0.0000000401149244378
"254","7102_400011.5_4033321.5",9.81999969482422,400011.5,4033321.5,37,3.5,TRUE,816,105,"1:53","2:24",36.439933848,-106.11561607,2495.2214,0.1418,0.3714,0.7388,0.1417,0.3714,0.7387,"static",NA,11.3,102,0.000716963275525,0.0000000401149244378
"255","7133_399892.5_4033320.5",15.789999961853,399892.5,4033320.5,48,3.5,TRUE,815,102,"4:48","5:19",36.439879664,-106.116799797,2490.3684,1.6392,0.5753,1.7136,1.6391,0.5752,1.7135,"static",NA,11.3,99,0.000716963029726,0.0000000401148973485
"256","7134_399898.5_4033320.5",9.63000011444092,399898.5,4033320.5,29,3.5,TRUE,815,102,"4:48","5:19",36.439879664,-106.116799797,2490.3684,1.6392,0.5753,1.7136,1.6391,0.5752,1.7135,"static",NA,11.3,99,0.000716963029726,0.0000000401148973485
"257","7138_400018.5_4033320.5",9.60999965667725,400018.5,4033320.5,26,3.5,TRUE,816,105,"1:53","2:24",36.439933848,-106.11561607,2495.2214,0.1418,0.3714,0.7388,0.1417,0.3714,0.7387,"static",NA,11.3,102,0.000716963275525,0.0000000401149244378
"258","7223_399914.5_4033318.5",20.2099990844727,399914.5,4033318.5,33,6.74142172076719,FALSE,815,102,"4:48","5:19",36.439879664,-106.116799797,2490.3684,1.6392,0.5753,1.7136,1.6391,0.5752,1.7135,"static",NA,11.3,99,0.000716963029726,0.0000000401148973485
"259","7264_399906.5_4033317.5",20.4500007629395,399906.5,4033317.5,60,3.5,TRUE,815,102,"4:48","5:19",36.439879664,-106.116799797,2490.3684,1.6392,0.5753,1.7136,1.6391,0.5752,1.7135,"static",NA,11.3,99,0.000716963029726,0.0000000401148973485
"260","7267_400022.5_4033317.5",22.5499992370605,400022.5,4033317.5,136,5.7851,FALSE,815,101,"3:58","4:30",36.439748198,-106.115519793,2496.7842,0.6419,0.7094,2.2593,0.6419,0.7093,2.2592,"static",NA,11.3,98,0.000716961084088,0.0000000401147164429
"261","7267_400022.5_4033317.5",22.5499992370605,400022.5,4033317.5,136,5.7851,FALSE,816,105,"1:53","2:24",36.439933848,-106.11561607,2495.2214,0.1418,0.3714,0.7388,0.1417,0.3714,0.7387,"static",NA,11.3,102,0.000716963275525,0.0000000401149244378
"262","7308_399895.5_4033316.5",7.98000001907349,399895.5,4033316.5,23,3.5,TRUE,815,102,"4:48","5:19",36.439879664,-106.116799797,2490.3684,1.6392,0.5753,1.7136,1.6391,0.5752,1.7135,"static",NA,11.3,99,0.000716963029726,0.0000000401148973485
"263","7311_400003.5_4033316.5",8.96000003814697,400003.5,4033316.5,36,2.5,TRUE,816,105,"1:53","2:24",36.439933848,-106.11561607,2495.2214,0.1418,0.3714,0.7388,0.1417,0.3714,0.7387,"static",NA,11.3,102,0.000716963275525,0.0000000401149244378
"264","7358_399911.5_4033315.5",20.5200004577637,399911.5,4033315.5,29,7.5,TRUE,815,102,"4:48","5:19",36.439879664,-106.116799797,2490.3684,1.6392,0.5753,1.7136,1.6391,0.5752,1.7135,"static",NA,11.3,99,0.000716963029726,0.0000000401148973485
"265","7359_399916.5_4033315.5",20.5599994659424,399916.5,4033315.5,33,6.5,TRUE,815,102,"4:48","5:19",36.439879664,-106.116799797,2490.3684,1.6392,0.5753,1.7136,1.6391,0.5752,1.7135,"static",NA,11.3,99,0.000716963029726,0.0000000401148973485
"266","7362_400008.5_4033315.5",9.09000015258789,400008.5,4033315.5,25,2.5,TRUE,816,105,"1:53","2:24",36.439933848,-106.11561607,2495.2214,0.1418,0.3714,0.7388,0.1417,0.3714,0.7387,"static",NA,11.3,102,0.000716963275525,0.0000000401149244378
"267","7408_400014.5_4033314.5",12.3599996566772,400014.5,4033314.5,32,3.5,TRUE,815,101,"3:58","4:30",36.439748198,-106.115519793,2496.7842,0.6419,0.7094,2.2593,0.6419,0.7093,2.2592,"static",NA,11.3,98,0.000716961084088,0.0000000401147164429
"268","7408_400014.5_4033314.5",12.3599996566772,400014.5,4033314.5,32,3.5,TRUE,816,105,"1:53","2:24",36.439933848,-106.11561607,2495.2214,0.1418,0.3714,0.7388,0.1417,0.3714,0.7387,"static",NA,11.3,102,0.000716963275525,0.0000000401149244378
"269","7483_400010.5_4033312.5",12.7200002670288,400010.5,4033312.5,22,3.5,TRUE,815,101,"3:58","4:30",36.439748198,-106.115519793,2496.7842,0.6419,0.7094,2.2593,0.6419,0.7093,2.2592,"static",NA,11.3,98,0.000716961084088,0.0000000401147164429
"270","7483_400010.5_4033312.5",12.7200002670288,400010.5,4033312.5,22,3.5,TRUE,816,105,"1:53","2:24",36.439933848,-106.11561607,2495.2214,0.1418,0.3714,0.7388,0.1417,0.3714,0.7387,"static",NA,11.3,102,0.000716963275525,0.0000000401149244378
"271","7484_400032.5_4033312.5",9.34000015258789,400032.5,4033312.5,43,3.5,TRUE,815,101,"3:58","4:30",36.439748198,-106.115519793,2496.7842,0.6419,0.7094,2.2593,0.6419,0.7093,2.2592,"static",NA,11.3,98,0.000716961084088,0.0000000401147164429
"272","7532_399863.5_4033311.5",18.9899997711182,399863.5,4033311.5,78,2.5,TRUE,815,100,"10:17","10:48",36.439678761,-106.117162049,2495.7127,1.1253,0.4894,2.2852,1.1253,0.4894,2.2851,"static",NA,11.3,97,0.000716961084136,0.0000000401147164479
"273","7534_399893.5_4033311.5",11.539999961853,399893.5,4033311.5,28,3.5,TRUE,815,102,"4:48","5:19",36.439879664,-106.116799797,2490.3684,1.6392,0.5753,1.7136,1.6391,0.5752,1.7135,"static",NA,11.3,99,0.000716963029726,0.0000000401148973485
"274","7537_400007.5_4033311.5",8.71000003814697,400007.5,4033311.5,20,3.5,TRUE,816,105,"1:53","2:24",36.439933848,-106.11561607,2495.2214,0.1418,0.3714,0.7388,0.1417,0.3714,0.7387,"static",NA,11.3,102,0.000716963275525,0.0000000401149244378
"275","7569_399878.5_4033310.5",14.5500001907349,399878.5,4033310.5,41,4.5,TRUE,815,100,"10:17","10:48",36.439678761,-106.117162049,2495.7127,1.1253,0.4894,2.2852,1.1253,0.4894,2.2851,"static",NA,11.3,97,0.000716961084136,0.0000000401147164479
"276","7570_399900.5_4033310.5",21.8400001525879,399900.5,4033310.5,73,10.5,TRUE,815,102,"4:48","5:19",36.439879664,-106.116799797,2490.3684,1.6392,0.5753,1.7136,1.6391,0.5752,1.7135,"static",NA,11.3,99,0.000716963029726,0.0000000401148973485
"277","7611_399913.5_4033309.5",21.5,399913.5,4033309.5,51,7.5,TRUE,815,102,"4:48","5:19",36.439879664,-106.116799797,2490.3684,1.6392,0.5753,1.7136,1.6391,0.5752,1.7135,"static",NA,11.3,99,0.000716963029726,0.0000000401148973485
"278","7653_400013.5_4033308.5",8.85999965667725,400013.5,4033308.5,21,3.5,TRUE,815,101,"3:58","4:30",36.439748198,-106.115519793,2496.7842,0.6419,0.7094,2.2593,0.6419,0.7093,2.2592,"static",NA,11.3,98,0.000716961084088,0.0000000401147164429
"279","7690_399908.5_4033307.5",21.7099990844727,399908.5,4033307.5,52,4.5,TRUE,815,102,"4:48","5:19",36.439879664,-106.116799797,2490.3684,1.6392,0.5753,1.7136,1.6391,0.5752,1.7135,"static",NA,11.3,99,0.000716963029726,0.0000000401148973485
"280","7734_399872.5_4033306.5",16.7700004577637,399872.5,4033306.5,75,3.5,TRUE,815,100,"10:17","10:48",36.439678761,-106.117162049,2495.7127,1.1253,0.4894,2.2852,1.1253,0.4894,2.2851,"static",NA,11.3,97,0.000716961084136,0.0000000401147164479
"281","7735_399881.5_4033306.5",12.3699998855591,399881.5,4033306.5,21,3.5,TRUE,815,100,"10:17","10:48",36.439678761,-106.117162049,2495.7127,1.1253,0.4894,2.2852,1.1253,0.4894,2.2851,"static",NA,11.3,97,0.000716961084136,0.0000000401147164479
"282","7789_400015.5_4033305.5",13.0600004196167,400015.5,4033305.5,34,3.5,TRUE,815,101,"3:58","4:30",36.439748198,-106.115519793,2496.7842,0.6419,0.7094,2.2593,0.6419,0.7093,2.2592,"static",NA,11.3,98,0.000716961084088,0.0000000401147164429
"283","7790_400021.5_4033305.5",14.3100004196167,400021.5,4033305.5,45,3.5,TRUE,815,101,"3:58","4:30",36.439748198,-106.115519793,2496.7842,0.6419,0.7094,2.2593,0.6419,0.7093,2.2592,"static",NA,11.3,98,0.000716961084088,0.0000000401147164429
"284","7821_400030.5_4033304.5",8.93000030517578,400030.5,4033304.5,36,2.5,TRUE,815,101,"3:58","4:30",36.439748198,-106.115519793,2496.7842,0.6419,0.7094,2.2593,0.6419,0.7093,2.2592,"static",NA,11.3,98,0.000716961084088,0.0000000401147164429
"285","7848_399880.5_4033303.5",12.1999998092651,399880.5,4033303.5,29,5.5,TRUE,815,100,"10:17","10:48",36.439678761,-106.117162049,2495.7127,1.1253,0.4894,2.2852,1.1253,0.4894,2.2851,"static",NA,11.3,97,0.000716961084136,0.0000000401147164479
"286","7849_400009.5_4033303.5",11.6099996566772,400009.5,4033303.5,31,2.5,TRUE,815,101,"3:58","4:30",36.439748198,-106.115519793,2496.7842,0.6419,0.7094,2.2593,0.6419,0.7093,2.2592,"static",NA,11.3,98,0.000716961084088,0.0000000401147164429
"287","7877_399857.5_4033302.5",21.5400009155273,399857.5,4033302.5,65,3.5,TRUE,815,100,"10:17","10:48",36.439678761,-106.117162049,2495.7127,1.1253,0.4894,2.2852,1.1253,0.4894,2.2851,"static",NA,11.3,97,0.000716961084136,0.0000000401147164479
"288","7881_400025.5_4033302.5",13.4399995803833,400025.5,4033302.5,30,3.5,TRUE,815,101,"3:58","4:30",36.439748198,-106.115519793,2496.7842,0.6419,0.7094,2.2593,0.6419,0.7093,2.2592,"static",NA,11.3,98,0.000716961084088,0.0000000401147164429
"289","7923_399872.5_4033301.5",16.8299999237061,399872.5,4033301.5,61,4.62782492180779,FALSE,815,100,"10:17","10:48",36.439678761,-106.117162049,2495.7127,1.1253,0.4894,2.2852,1.1253,0.4894,2.2851,"static",NA,11.3,97,0.000716961084136,0.0000000401147164479
"290","7970_400014.5_4033300.5",11.3999996185303,400014.5,4033300.5,30,4.5,TRUE,815,101,"3:58","4:30",36.439748198,-106.115519793,2496.7842,0.6419,0.7094,2.2593,0.6419,0.7093,2.2592,"static",NA,11.3,98,0.000716961084088,0.0000000401147164429
"291","8010_399885.5_4033299.5",14.4200000762939,399885.5,4033299.5,36,2.5,TRUE,815,100,"10:17","10:48",36.439678761,-106.117162049,2495.7127,1.1253,0.4894,2.2852,1.1253,0.4894,2.2851,"static",NA,11.3,97,0.000716961084136,0.0000000401147164479
"292","8013_400031.5_4033299.5",11.5699996948242,400031.5,4033299.5,23,3.5,TRUE,815,101,"3:58","4:30",36.439748198,-106.115519793,2496.7842,0.6419,0.7094,2.2593,0.6419,0.7093,2.2592,"static",NA,11.3,98,0.000716961084088,0.0000000401147164429
"293","8053_400009.5_4033298.5",12.2399997711182,400009.5,4033298.5,23,3.5,TRUE,815,101,"3:58","4:30",36.439748198,-106.115519793,2496.7842,0.6419,0.7094,2.2593,0.6419,0.7093,2.2592,"static",NA,11.3,98,0.000716961084088,0.0000000401147164429
"294","8096_399858.5_4033297.5",20.7700004577637,399858.5,4033297.5,57,5.39152519588397,FALSE,815,100,"10:17","10:48",36.439678761,-106.117162049,2495.7127,1.1253,0.4894,2.2852,1.1253,0.4894,2.2851,"static",NA,11.3,97,0.000716961084136,0.0000000401147164479
"295","8099_400020.5_4033297.5",13.1400003433228,400020.5,4033297.5,31,2.5,TRUE,815,101,"3:58","4:30",36.439748198,-106.115519793,2496.7842,0.6419,0.7094,2.2593,0.6419,0.7093,2.2592,"static",NA,11.3,98,0.000716961084088,0.0000000401147164429
"296","8100_400027.5_4033297.5",12.460000038147,400027.5,4033297.5,25,4.5,TRUE,815,101,"3:58","4:30",36.439748198,-106.115519793,2496.7842,0.6419,0.7094,2.2593,0.6419,0.7093,2.2592,"static",NA,11.3,98,0.000716961084088,0.0000000401147164429
"297","8135_399877.5_4033296.5",12.8400001525879,399877.5,4033296.5,23,5.5,TRUE,815,100,"10:17","10:48",36.439678761,-106.117162049,2495.7127,1.1253,0.4894,2.2852,1.1253,0.4894,2.2851,"static",NA,11.3,97,0.000716961084136,0.0000000401147164479
"298","8140_400023.5_4033296.5",12.0799999237061,400023.5,4033296.5,26,3.5,TRUE,815,101,"3:58","4:30",36.439748198,-106.115519793,2496.7842,0.6419,0.7094,2.2593,0.6419,0.7093,2.2592,"static",NA,11.3,98,0.000716961084088,0.0000000401147164429
"299","8171_399863.5_4033295.5",17.9200000762939,399863.5,4033295.5,58,3.5,TRUE,815,100,"10:17","10:48",36.439678761,-106.117162049,2495.7127,1.1253,0.4894,2.2852,1.1253,0.4894,2.2851,"static",NA,11.3,97,0.000716961084136,0.0000000401147164479
"300","8172_399881.5_4033295.5",13.3500003814697,399881.5,4033295.5,37,2.5,TRUE,815,100,"10:17","10:48",36.439678761,-106.117162049,2495.7127,1.1253,0.4894,2.2852,1.1253,0.4894,2.2851,"static",NA,11.3,97,0.000716961084136,0.0000000401147164479
"301","8175_400013.5_4033295.5",13.1499996185303,400013.5,4033295.5,31,5.5,TRUE,815,101,"3:58","4:30",36.439748198,-106.115519793,2496.7842,0.6419,0.7094,2.2593,0.6419,0.7093,2.2592,"static",NA,11.3,98,0.000716961084088,0.0000000401147164429
"302","8176_400031.5_4033295.5",12.6999998092651,400031.5,4033295.5,23,2.5,TRUE,815,101,"3:58","4:30",36.439748198,-106.115519793,2496.7842,0.6419,0.7094,2.2593,0.6419,0.7093,2.2592,"static",NA,11.3,98,0.000716961084088,0.0000000401147164429
"303","8213_400017.5_4033294.5",13.9799995422363,400017.5,4033294.5,21,3.5,TRUE,815,101,"3:58","4:30",36.439748198,-106.115519793,2496.7842,0.6419,0.7094,2.2593,0.6419,0.7093,2.2592,"static",NA,11.3,98,0.000716961084088,0.0000000401147164429
"304","8255_399870.5_4033293.5",14.0699996948242,399870.5,4033293.5,24,2.5,TRUE,815,100,"10:17","10:48",36.439678761,-106.117162049,2495.7127,1.1253,0.4894,2.2852,1.1253,0.4894,2.2851,"static",NA,11.3,97,0.000716961084136,0.0000000401147164479
"305","8256_399874.5_4033293.5",14.1700000762939,399874.5,4033293.5,28,3.5,TRUE,815,100,"10:17","10:48",36.439678761,-106.117162049,2495.7127,1.1253,0.4894,2.2852,1.1253,0.4894,2.2851,"static",NA,11.3,97,0.000716961084136,0.0000000401147164479
"306","8295_399878.5_4033292.5",13.7600002288818,399878.5,4033292.5,14,4.5,TRUE,815,100,"10:17","10:48",36.439678761,-106.117162049,2495.7127,1.1253,0.4894,2.2852,1.1253,0.4894,2.2851,"static",NA,11.3,97,0.000716961084136,0.0000000401147164479
"307","8329_399871.5_4033291.5",12.2200002670288,399871.5,4033291.5,21,4.5,TRUE,815,100,"10:17","10:48",36.439678761,-106.117162049,2495.7127,1.1253,0.4894,2.2852,1.1253,0.4894,2.2851,"static",NA,11.3,97,0.000716961084136,0.0000000401147164479
"308","8371_399865.5_4033290.5",20.5100002288818,399865.5,4033290.5,36,8.5,TRUE,815,100,"10:17","10:48",36.439678761,-106.117162049,2495.7127,1.1253,0.4894,2.2852,1.1253,0.4894,2.2851,"static",NA,11.3,97,0.000716961084136,0.0000000401147164479
"309","8375_400020.5_4033290.5",13.9799995422363,400020.5,4033290.5,51,2.5,TRUE,815,101,"3:58","4:30",36.439748198,-106.115519793,2496.7842,0.6419,0.7094,2.2593,0.6419,0.7093,2.2592,"static",NA,11.3,98,0.000716961084088,0.0000000401147164429
"310","8410_399878.5_4033289.5",15.5699996948242,399878.5,4033289.5,36,3.5,TRUE,815,100,"10:17","10:48",36.439678761,-106.117162049,2495.7127,1.1253,0.4894,2.2852,1.1253,0.4894,2.2851,"static",NA,11.3,97,0.000716961084136,0.0000000401147164479
"311","8441_400017.5_4033288.5",13.6199998855591,400017.5,4033288.5,28,4.5,TRUE,815,101,"3:58","4:30",36.439748198,-106.115519793,2496.7842,0.6419,0.7094,2.2593,0.6419,0.7093,2.2592,"static",NA,11.3,98,0.000716961084088,0.0000000401147164429
"312","8544_399876.5_4033285.5",12.0600004196167,399876.5,4033285.5,30,5.5,TRUE,815,100,"10:17","10:48",36.439678761,-106.117162049,2495.7127,1.1253,0.4894,2.2852,1.1253,0.4894,2.2851,"static",NA,11.3,97,0.000716961084136,0.0000000401147164479
"313","8578_399869.5_4033284.5",14.8699998855591,399869.5,4033284.5,33,2.5,TRUE,815,100,"10:17","10:48",36.439678761,-106.117162049,2495.7127,1.1253,0.4894,2.2852,1.1253,0.4894,2.2851,"static",NA,11.3,97,0.000716961084136,0.0000000401147164479
"314","10870_400010.5_4033223.5",17.5599994659424,400010.5,4033223.5,27,5.5,TRUE,816,108,"5:20","5:49",36.438917279,-106.115567485,2498.0606,0.4602,0.4931,1.2474,0.4602,0.4931,1.2473,"static",NA,11.3,105,0.000716957471852,0.0000000401143663709
"315","10953_400007.5_4033221.5",14.6599998474121,400007.5,4033221.5,30,3.5,TRUE,816,108,"5:20","5:49",36.438917279,-106.115567485,2498.0606,0.4602,0.4931,1.2474,0.4602,0.4931,1.2473,"static",NA,11.3,105,0.000716957471852,0.0000000401143663709
"316","10954_400018.5_4033221.5",15.9200000762939,400018.5,4033221.5,39,4.5,TRUE,816,108,"5:20","5:49",36.438917279,-106.115567485,2498.0606,0.4602,0.4931,1.2474,0.4602,0.4931,1.2473,"static",NA,11.3,105,0.000716957471852,0.0000000401143663709
"317","10987_400026.5_4033220.5",12.5900001525879,400026.5,4033220.5,38,3.5,TRUE,816,108,"5:20","5:49",36.438917279,-106.115567485,2498.0606,0.4602,0.4931,1.2474,0.4602,0.4931,1.2473,"static",NA,11.3,105,0.000716957471852,0.0000000401143663709
"318","11023_400015.5_4033219.5",16.1000003814697,400015.5,4033219.5,34,3.5,TRUE,816,108,"5:20","5:49",36.438917279,-106.115567485,2498.0606,0.4602,0.4931,1.2474,0.4602,0.4931,1.2473,"static",NA,11.3,105,0.000716957471852,0.0000000401143663709
"319","11100_400000.5_4033217.5",10.6899995803833,400000.5,4033217.5,38,3.5,TRUE,816,108,"5:20","5:49",36.438917279,-106.115567485,2498.0606,0.4602,0.4931,1.2474,0.4602,0.4931,1.2473,"static",NA,11.3,105,0.000716957471852,0.0000000401143663709
"320","11177_400018.5_4033215.5",14.0699996948242,400018.5,4033215.5,26,2.5,TRUE,816,108,"5:20","5:49",36.438917279,-106.115567485,2498.0606,0.4602,0.4931,1.2474,0.4602,0.4931,1.2473,"static",NA,11.3,105,0.000716957471852,0.0000000401143663709
"321","11178_400028.5_4033215.5",15.3100004196167,400028.5,4033215.5,48,3.5,TRUE,816,108,"5:20","5:49",36.438917279,-106.115567485,2498.0606,0.4602,0.4931,1.2474,0.4602,0.4931,1.2473,"static",NA,11.3,105,0.000716957471852,0.0000000401143663709
"322","11217_400008.5_4033214.5",11.9300003051758,400008.5,4033214.5,39,3.5,TRUE,816,108,"5:20","5:49",36.438917279,-106.115567485,2498.0606,0.4602,0.4931,1.2474,0.4602,0.4931,1.2473,"static",NA,11.3,105,0.000716957471852,0.0000000401143663709
"323","11256_400020.5_4033213.5",13.1199998855591,400020.5,4033213.5,28,4.5,TRUE,816,108,"5:20","5:49",36.438917279,-106.115567485,2498.0606,0.4602,0.4931,1.2474,0.4602,0.4931,1.2473,"static",NA,11.3,105,0.000716957471852,0.0000000401143663709
"324","11305_400002.5_4033212.5",13.289999961853,400002.5,4033212.5,26,4.5,TRUE,816,108,"5:20","5:49",36.438917279,-106.115567485,2498.0606,0.4602,0.4931,1.2474,0.4602,0.4931,1.2473,"static",NA,11.3,105,0.000716957471852,0.0000000401143663709
"325","11308_400065.5_4033212.5",13.3500003814697,400065.5,4033212.5,31,3.5,TRUE,815,99,"9:17","9:47",36.438835079,-106.11502848,2498.8384,0.1762,0.213,1.9309,0.1762,0.213,1.9308,"static",NA,11.3,96,0.000716957471877,0.0000000401143663733
"326","11309_400070.5_4033212.5",17.8799991607666,400070.5,4033212.5,44,14.5,TRUE,815,99,"9:17","9:47",36.438835079,-106.11502848,2498.8384,0.1762,0.213,1.9309,0.1762,0.213,1.9308,"static",NA,11.3,96,0.000716957471877,0.0000000401143663733
"327","11349_400014.5_4033211.5",12.2600002288818,400014.5,4033211.5,34,3.5,TRUE,816,108,"5:20","5:49",36.438917279,-106.115567485,2498.0606,0.4602,0.4931,1.2474,0.4602,0.4931,1.2473,"static",NA,11.3,105,0.000716957471852,0.0000000401143663709
"328","11350_400059.5_4033211.5",9.77000045776367,400059.5,4033211.5,23,3.5,TRUE,815,99,"9:17","9:47",36.438835079,-106.11502848,2498.8384,0.1762,0.213,1.9309,0.1762,0.213,1.9308,"static",NA,11.3,96,0.000716957471877,0.0000000401143663733
"329","11389_400003.5_4033210.5",12.9099998474121,400003.5,4033210.5,23,4.5,TRUE,816,108,"5:20","5:49",36.438917279,-106.115567485,2498.0606,0.4602,0.4931,1.2474,0.4602,0.4931,1.2473,"static",NA,11.3,105,0.000716957471852,0.0000000401143663709
"330","11434_400007.5_4033209.5",7.3600001335144,400007.5,4033209.5,21,3.5,TRUE,816,108,"5:20","5:49",36.438917279,-106.115567485,2498.0606,0.4602,0.4931,1.2474,0.4602,0.4931,1.2473,"static",NA,11.3,105,0.000716957471852,0.0000000401143663709
"331","11435_400022.5_4033209.5",9.4399995803833,400022.5,4033209.5,18,2.5,TRUE,816,108,"5:20","5:49",36.438917279,-106.115567485,2498.0606,0.4602,0.4931,1.2474,0.4602,0.4931,1.2473,"static",NA,11.3,105,0.000716957471852,0.0000000401143663709
"332","11471_400053.5_4033208.5",12.4300003051758,400053.5,4033208.5,20,4.5,TRUE,815,99,"9:17","9:47",36.438835079,-106.11502848,2498.8384,0.1762,0.213,1.9309,0.1762,0.213,1.9308,"static",NA,11.3,96,0.000716957471877,0.0000000401143663733
"333","11472_400056.5_4033208.5",12.8000001907349,400056.5,4033208.5,21,2.5,TRUE,815,99,"9:17","9:47",36.438835079,-106.11502848,2498.8384,0.1762,0.213,1.9309,0.1762,0.213,1.9308,"static",NA,11.3,96,0.000716957471877,0.0000000401143663733
"334","11518_400022.5_4033207.5",9.85000038146973,400022.5,4033207.5,20,4.5,TRUE,816,108,"5:20","5:49",36.438917279,-106.115567485,2498.0606,0.4602,0.4931,1.2474,0.4602,0.4931,1.2473,"static",NA,11.3,105,0.000716957471852,0.0000000401143663709
"335","11519_400067.5_4033207.5",12.1199998855591,400067.5,4033207.5,21,4.5,TRUE,815,99,"9:17","9:47",36.438835079,-106.11502848,2498.8384,0.1762,0.213,1.9309,0.1762,0.213,1.9308,"static",NA,11.3,96,0.000716957471877,0.0000000401143663733
"336","11544_400005.5_4033206.5",7.57000017166138,400005.5,4033206.5,19,2.5,TRUE,816,108,"5:20","5:49",36.438917279,-106.115567485,2498.0606,0.4602,0.4931,1.2474,0.4602,0.4931,1.2473,"static",NA,11.3,105,0.000716957471852,0.0000000401143663709
"337","11547_400064.5_4033206.5",14.1599998474121,400064.5,4033206.5,38,3.5,TRUE,815,99,"9:17","9:47",36.438835079,-106.11502848,2498.8384,0.1762,0.213,1.9309,0.1762,0.213,1.9308,"static",NA,11.3,96,0.000716957471877,0.0000000401143663733
"338","11598_400012.5_4033205.5",12.3000001907349,400012.5,4033205.5,39,3.5,TRUE,816,108,"5:20","5:49",36.438917279,-106.115567485,2498.0606,0.4602,0.4931,1.2474,0.4602,0.4931,1.2473,"static",NA,11.3,105,0.000716957471852,0.0000000401143663709
"339","11599_400026.5_4033205.5",12.710000038147,400026.5,4033205.5,26,6.5,TRUE,816,108,"5:20","5:49",36.438917279,-106.115567485,2498.0606,0.4602,0.4931,1.2474,0.4602,0.4931,1.2473,"static",NA,11.3,105,0.000716957471852,0.0000000401143663709
"340","11646_400015.5_4033204.5",14.2200002670288,400015.5,4033204.5,24,4.5,TRUE,816,108,"5:20","5:49",36.438917279,-106.115567485,2498.0606,0.4602,0.4931,1.2474,0.4602,0.4931,1.2473,"static",NA,11.3,105,0.000716957471852,0.0000000401143663709
"341","11647_400057.5_4033204.5",12.1000003814697,400057.5,4033204.5,25,5.5,TRUE,815,99,"9:17","9:47",36.438835079,-106.11502848,2498.8384,0.1762,0.213,1.9309,0.1762,0.213,1.9308,"static",NA,11.3,96,0.000716957471877,0.0000000401143663733
"342","11684_400075.5_4033203.5",15.7200002670288,400075.5,4033203.5,33,4.5,TRUE,815,99,"9:17","9:47",36.438835079,-106.11502848,2498.8384,0.1762,0.213,1.9309,0.1762,0.213,1.9308,"static",NA,11.3,96,0.000716957471877,0.0000000401143663733
"343","11733_400051.5_4033202.5",13.3599996566772,400051.5,4033202.5,30,3.5,TRUE,815,99,"9:17","9:47",36.438835079,-106.11502848,2498.8384,0.1762,0.213,1.9309,0.1762,0.213,1.9308,"static",NA,11.3,96,0.000716957471877,0.0000000401143663733
"344","11734_400070.5_4033202.5",15.0100002288818,400070.5,4033202.5,36,3.5,TRUE,815,99,"9:17","9:47",36.438835079,-106.11502848,2498.8384,0.1762,0.213,1.9309,0.1762,0.213,1.9308,"static",NA,11.3,96,0.000716957471877,0.0000000401143663733
"345","11775_400016.5_4033201.5",13.2700004577637,400016.5,4033201.5,46,2.5,TRUE,816,108,"5:20","5:49",36.438917279,-106.115567485,2498.0606,0.4602,0.4931,1.2474,0.4602,0.4931,1.2473,"static",NA,11.3,105,0.000716957471852,0.0000000401143663709
"346","11776_400023.5_4033201.5",11.4399995803833,400023.5,4033201.5,18,6.5,TRUE,816,108,"5:20","5:49",36.438917279,-106.115567485,2498.0606,0.4602,0.4931,1.2474,0.4602,0.4931,1.2473,"static",NA,11.3,105,0.000716957471852,0.0000000401143663709
"347","11814_400021.5_4033200.5",11.2299995422363,400021.5,4033200.5,20,5.5,TRUE,816,108,"5:20","5:49",36.438917279,-106.115567485,2498.0606,0.4602,0.4931,1.2474,0.4602,0.4931,1.2473,"static",NA,11.3,105,0.000716957471852,0.0000000401143663709
"348","11815_400057.5_4033200.5",12.7799997329712,400057.5,4033200.5,26,5.5,TRUE,815,99,"9:17","9:47",36.438835079,-106.11502848,2498.8384,0.1762,0.213,1.9309,0.1762,0.213,1.9308,"static",NA,11.3,96,0.000716957471877,0.0000000401143663733
"349","11902_400051.5_4033198.5",12.2600002288818,400051.5,4033198.5,32,4.5,TRUE,815,99,"9:17","9:47",36.438835079,-106.11502848,2498.8384,0.1762,0.213,1.9309,0.1762,0.213,1.9308,"static",NA,11.3,96,0.000716957471877,0.0000000401143663733
"350","11903_400071.5_4033198.5",13.460000038147,400071.5,4033198.5,39,4.5,TRUE,815,99,"9:17","9:47",36.438835079,-106.11502848,2498.8384,0.1762,0.213,1.9309,0.1762,0.213,1.9308,"static",NA,11.3,96,0.000716957471877,0.0000000401143663733
"351","11941_400001.5_4033197.5",22.7199993133545,400001.5,4033197.5,131,3.5,TRUE,816,108,"5:20","5:49",36.438917279,-106.115567485,2498.0606,0.4602,0.4931,1.2474,0.4602,0.4931,1.2473,"static",NA,11.3,105,0.000716957471852,0.0000000401143663709
"352","11943_400058.5_4033197.5",13.039999961853,400058.5,4033197.5,26,3.5,TRUE,815,99,"9:17","9:47",36.438835079,-106.11502848,2498.8384,0.1762,0.213,1.9309,0.1762,0.213,1.9308,"static",NA,11.3,96,0.000716957471877,0.0000000401143663733
"353","11985_400062.5_4033196.5",15.3599996566772,400062.5,4033196.5,53,4.5,TRUE,815,99,"9:17","9:47",36.438835079,-106.11502848,2498.8384,0.1762,0.213,1.9309,0.1762,0.213,1.9308,"static",NA,11.3,96,0.000716957471877,0.0000000401143663733
"354","12054_400073.5_4033194.5",8.96000003814697,400073.5,4033194.5,24,3.92226965094456,FALSE,815,99,"9:17","9:47",36.438835079,-106.11502848,2498.8384,0.1762,0.213,1.9309,0.1762,0.213,1.9308,"static",NA,11.3,96,0.000716957471877,0.0000000401143663733
"355","12141_400058.5_4033192.5",12.5200004577637,400058.5,4033192.5,20,6.5,TRUE,815,99,"9:17","9:47",36.438835079,-106.11502848,2498.8384,0.1762,0.213,1.9309,0.1762,0.213,1.9308,"static",NA,11.3,96,0.000716957471877,0.0000000401143663733
"356","12178_400049.5_4033191.5",13.6899995803833,400049.5,4033191.5,36,5.5,TRUE,815,99,"9:17","9:47",36.438835079,-106.11502848,2498.8384,0.1762,0.213,1.9309,0.1762,0.213,1.9308,"static",NA,11.3,96,0.000716957471877,0.0000000401143663733
"357","12215_400061.5_4033190.5",12.5600004196167,400061.5,4033190.5,44,3.5,TRUE,815,99,"9:17","9:47",36.438835079,-106.11502848,2498.8384,0.1762,0.213,1.9309,0.1762,0.213,1.9308,"static",NA,11.3,96,0.000716957471877,0.0000000401143663733
"358","12216_400072.5_4033190.5",16.3400001525879,400072.5,4033190.5,52,9.5,TRUE,815,99,"9:17","9:47",36.438835079,-106.11502848,2498.8384,0.1762,0.213,1.9309,0.1762,0.213,1.9308,"static",NA,11.3,96,0.000716957471877,0.0000000401143663733
"359","12264_400056.5_4033189.5",11.6099996566772,400056.5,4033189.5,33,3.5,TRUE,815,99,"9:17","9:47",36.438835079,-106.11502848,2498.8384,0.1762,0.213,1.9309,0.1762,0.213,1.9308,"static",NA,11.3,96,0.000716957471877,0.0000000401143663733
"360","12343_400065.5_4033187.5",10.5500001907349,400065.5,4033187.5,38,2.5,TRUE,815,99,"9:17","9:47",36.438835079,-106.11502848,2498.8384,0.1762,0.213,1.9309,0.1762,0.213,1.9308,"static",NA,11.3,96,0.000716957471877,0.0000000401143663733
"361","13062_400102.5_4033170.5",17.4099998474121,400102.5,4033170.5,47,13.5,TRUE,817,109,"9:50","10:29",36.438452642,-106.114447421,2498.0174,1.1787,0.591,1.5494,1.1787,0.5909,1.5493,"static",NA,11.3,106,0.000716954925308,0.0000000401141249814
"362","13144_400119.5_4033168.5",20.7399997711182,400119.5,4033168.5,87,2.5,TRUE,817,109,"9:50","10:29",36.438452642,-106.114447421,2498.0174,1.1787,0.591,1.5494,1.1787,0.5909,1.5493,"static",NA,11.3,106,0.000716954925308,0.0000000401141249814
"363","13261_400111.5_4033165.5",20.3700008392334,400111.5,4033165.5,82,8.5,TRUE,817,109,"9:50","10:29",36.438452642,-106.114447421,2498.0174,1.1787,0.591,1.5494,1.1787,0.5909,1.5493,"static",NA,11.3,106,0.000716954925308,0.0000000401141249814
"364","13372_400104.5_4033162.5",9.3100004196167,400104.5,4033162.5,26,2.5,TRUE,817,109,"9:50","10:29",36.438452642,-106.114447421,2498.0174,1.1787,0.591,1.5494,1.1787,0.5909,1.5493,"static",NA,11.3,106,0.000716954925308,0.0000000401141249814
"365","13409_400129.5_4033161.5",18.7199993133545,400129.5,4033161.5,84,8.5,TRUE,817,109,"9:50","10:29",36.438452642,-106.114447421,2498.0174,1.1787,0.591,1.5494,1.1787,0.5909,1.5493,"static",NA,11.3,106,0.000716954925308,0.0000000401141249814
"366","13498_400100.5_4033159.5",16.0799999237061,400100.5,4033159.5,43,2.5,TRUE,817,109,"9:50","10:29",36.438452642,-106.114447421,2498.0174,1.1787,0.591,1.5494,1.1787,0.5909,1.5493,"static",NA,11.3,106,0.000716954925308,0.0000000401141249814
"367","13499_400120.5_4033159.5",21.1100006103516,400120.5,4033159.5,57,4.5,TRUE,817,109,"9:50","10:29",36.438452642,-106.114447421,2498.0174,1.1787,0.591,1.5494,1.1787,0.5909,1.5493,"static",NA,11.3,106,0.000716954925308,0.0000000401141249814
"368","13567_400105.5_4033157.5",5.86999988555908,400105.5,4033157.5,13,3.5,TRUE,817,109,"9:50","10:29",36.438452642,-106.114447421,2498.0174,1.1787,0.591,1.5494,1.1787,0.5909,1.5493,"static",NA,11.3,106,0.000716954925308,0.0000000401141249814
"369","13568_400124.5_4033157.5",17.6100006103516,400124.5,4033157.5,42,7.5,TRUE,817,109,"9:50","10:29",36.438452642,-106.114447421,2498.0174,1.1787,0.591,1.5494,1.1787,0.5909,1.5493,"static",NA,11.3,106,0.000716954925308,0.0000000401141249814
"370","13688_400120.5_4033154.5",19.5699996948242,400120.5,4033154.5,51,4.5,TRUE,817,109,"9:50","10:29",36.438452642,-106.114447421,2498.0174,1.1787,0.591,1.5494,1.1787,0.5909,1.5493,"static",NA,11.3,106,0.000716954925308,0.0000000401141249814
"371","13799_400109.5_4033151.5",20.1800003051758,400109.5,4033151.5,77,3.5,TRUE,817,109,"9:50","10:29",36.438452642,-106.114447421,2498.0174,1.1787,0.591,1.5494,1.1787,0.5909,1.5493,"static",NA,11.3,106,0.000716954925308,0.0000000401141249814
"372","13911_400119.5_4033148.5",18.7999992370605,400119.5,4033148.5,52,2.5,TRUE,817,109,"9:50","10:29",36.438452642,-106.114447421,2498.0174,1.1787,0.591,1.5494,1.1787,0.5909,1.5493,"static",NA,11.3,106,0.000716954925308,0.0000000401141249814
"373","14085_400118.5_4033144.5",19.0599994659424,400118.5,4033144.5,45,3.5,TRUE,817,109,"9:50","10:29",36.438452642,-106.114447421,2498.0174,1.1787,0.591,1.5494,1.1787,0.5909,1.5493,"static",NA,11.3,106,0.000716954925308,0.0000000401141249814
"374","14117_400111.5_4033143.5",19.6100006103516,400111.5,4033143.5,56,3.5,TRUE,817,109,"9:50","10:29",36.438452642,-106.114447421,2498.0174,1.1787,0.591,1.5494,1.1787,0.5909,1.5493,"static",NA,11.3,106,0.000716954925308,0.0000000401141249814
"375","29262_399364.5_4034189.5",17.9300003051758,399364.5,4034189.5,52,2.5,TRUE,816,104,"11:15","11:46",36.447547121,-106.122994779,2428.3167,0.6377,0.8842,0.3744,0.6377,0.8841,0.3744,"static",NA,11.3,101,0.00071700348122,0.0000000401188070459
"376","29339_399351.5_4034187.5",14.7600002288818,399351.5,4034187.5,39,4.5,TRUE,816,104,"11:15","11:46",36.447547121,-106.122994779,2428.3167,0.6377,0.8842,0.3744,0.6377,0.8841,0.3744,"static",NA,11.3,101,0.00071700348122,0.0000000401188070459
"377","29408_399359.5_4034185.5",16.6700000762939,399359.5,4034185.5,45,3.5,TRUE,816,104,"11:15","11:46",36.447547121,-106.122994779,2428.3167,0.6377,0.8842,0.3744,0.6377,0.8841,0.3744,"static",NA,11.3,101,0.00071700348122,0.0000000401188070459
"378","29448_399350.5_4034184.5",13.2799997329712,399350.5,4034184.5,27,6.5,TRUE,816,104,"11:15","11:46",36.447547121,-106.122994779,2428.3167,0.6377,0.8842,0.3744,0.6377,0.8841,0.3744,"static",NA,11.3,101,0.00071700348122,0.0000000401188070459
"379","29523_399352.5_4034182.5",12.3599996566772,399352.5,4034182.5,26,4.5,TRUE,816,104,"11:15","11:46",36.447547121,-106.122994779,2428.3167,0.6377,0.8842,0.3744,0.6377,0.8841,0.3744,"static",NA,11.3,101,0.00071700348122,0.0000000401188070459
"380","29524_399370.5_4034182.5",19.5599994659424,399370.5,4034182.5,50,1.5,TRUE,816,104,"11:15","11:46",36.447547121,-106.122994779,2428.3167,0.6377,0.8842,0.3744,0.6377,0.8841,0.3744,"static",NA,11.3,101,0.00071700348122,0.0000000401188070459
"381","29564_399364.5_4034181.5",10.5799999237061,399364.5,4034181.5,17,5.5,TRUE,816,104,"11:15","11:46",36.447547121,-106.122994779,2428.3167,0.6377,0.8842,0.3744,0.6377,0.8841,0.3744,"static",NA,11.3,101,0.00071700348122,0.0000000401188070459
"382","29614_399364.5_4034179.5",8.83212089538574,399364.5,4034179.5,7,5.5,TRUE,816,104,"11:15","11:46",36.447547121,-106.122994779,2428.3167,0.6377,0.8842,0.3744,0.6377,0.8841,0.3744,"static",NA,11.3,101,0.00071700348122,0.0000000401188070459
"383","29646_399367.5_4034178.5",10.8000001907349,399367.5,4034178.5,15,1.5,TRUE,816,104,"11:15","11:46",36.447547121,-106.122994779,2428.3167,0.6377,0.8842,0.3744,0.6377,0.8841,0.3744,"static",NA,11.3,101,0.00071700348122,0.0000000401188070459
"384","29684_399352.5_4034177.5",14.2299995422363,399352.5,4034177.5,19,6.5,TRUE,816,104,"11:15","11:46",36.447547121,-106.122994779,2428.3167,0.6377,0.8842,0.3744,0.6377,0.8841,0.3744,"static",NA,11.3,101,0.00071700348122,0.0000000401188070459
"385","29685_399356.5_4034177.5",15.6599998474121,399356.5,4034177.5,36,3.5,TRUE,816,104,"11:15","11:46",36.447547121,-106.122994779,2428.3167,0.6377,0.8842,0.3744,0.6377,0.8841,0.3744,"static",NA,11.3,101,0.00071700348122,0.0000000401188070459
"386","29686_399362.5_4034177.5",11.0600004196167,399362.5,4034177.5,15,3.5,TRUE,816,104,"11:15","11:46",36.447547121,-106.122994779,2428.3167,0.6377,0.8842,0.3744,0.6377,0.8841,0.3744,"static",NA,11.3,101,0.00071700348122,0.0000000401188070459
"387","29722_399347.5_4034176.5",13.5799999237061,399347.5,4034176.5,38,4.5,TRUE,816,104,"11:15","11:46",36.447547121,-106.122994779,2428.3167,0.6377,0.8842,0.3744,0.6377,0.8841,0.3744,"static",NA,11.3,101,0.00071700348122,0.0000000401188070459
"388","29743_399354.5_4034175.5",14.5,399354.5,4034175.5,8,11.5,TRUE,816,104,"11:15","11:46",36.447547121,-106.122994779,2428.3167,0.6377,0.8842,0.3744,0.6377,0.8841,0.3744,"static",NA,11.3,101,0.00071700348122,0.0000000401188070459
"389","29744_399369.5_4034175.5",12.8000001907349,399369.5,4034175.5,25,5.5,TRUE,816,104,"11:15","11:46",36.447547121,-106.122994779,2428.3167,0.6377,0.8842,0.3744,0.6377,0.8841,0.3744,"static",NA,11.3,101,0.00071700348122,0.0000000401188070459
"390","29772_399372.5_4034174.5",9.94999980926514,399372.5,4034174.5,23,4.5,TRUE,816,104,"11:15","11:46",36.447547121,-106.122994779,2428.3167,0.6377,0.8842,0.3744,0.6377,0.8841,0.3744,"static",NA,11.3,101,0.00071700348122,0.0000000401188070459
"391","29805_399363.5_4034173.5",9.97000026702881,399363.5,4034173.5,17,5.5,TRUE,816,104,"11:15","11:46",36.447547121,-106.122994779,2428.3167,0.6377,0.8842,0.3744,0.6377,0.8841,0.3744,"static",NA,11.3,101,0.00071700348122,0.0000000401188070459
"392","29846_399353.5_4034172.5",13.6499996185303,399353.5,4034172.5,23,5.5,TRUE,816,104,"11:15","11:46",36.447547121,-106.122994779,2428.3167,0.6377,0.8842,0.3744,0.6377,0.8841,0.3744,"static",NA,11.3,101,0.00071700348122,0.0000000401188070459
"393","29879_399357.5_4034171.5",16.4400005340576,399357.5,4034171.5,28,2.5,TRUE,816,104,"11:15","11:46",36.447547121,-106.122994779,2428.3167,0.6377,0.8842,0.3744,0.6377,0.8841,0.3744,"static",NA,11.3,101,0.00071700348122,0.0000000401188070459
"394","29880_399367.5_4034171.5",11.5,399367.5,4034171.5,29,3.5,TRUE,816,104,"11:15","11:46",36.447547121,-106.122994779,2428.3167,0.6377,0.8842,0.3744,0.6377,0.8841,0.3744,"static",NA,11.3,101,0.00071700348122,0.0000000401188070459
"395","29881_399370.5_4034171.5",11.4300003051758,399370.5,4034171.5,21,2.5,TRUE,816,104,"11:15","11:46",36.447547121,-106.122994779,2428.3167,0.6377,0.8842,0.3744,0.6377,0.8841,0.3744,"static",NA,11.3,101,0.00071700348122,0.0000000401188070459
"396","29976_399354.5_4034168.5",14.4799995422363,399354.5,4034168.5,20,7.5,TRUE,816,104,"11:15","11:46",36.447547121,-106.122994779,2428.3167,0.6377,0.8842,0.3744,0.6377,0.8841,0.3744,"static",NA,11.3,101,0.00071700348122,0.0000000401188070459
"397","29977_399359.5_4034168.5",12.6700000762939,399359.5,4034168.5,25,4.5,TRUE,816,104,"11:15","11:46",36.447547121,-106.122994779,2428.3167,0.6377,0.8842,0.3744,0.6377,0.8841,0.3744,"static",NA,11.3,101,0.00071700348122,0.0000000401188070459
"398","30013_399348.5_4034167.5",16.25,399348.5,4034167.5,31,8.5,TRUE,816,104,"11:15","11:46",36.447547121,-106.122994779,2428.3167,0.6377,0.8842,0.3744,0.6377,0.8841,0.3744,"static",NA,11.3,101,0.00071700348122,0.0000000401188070459
"399","30079_399362.5_4034165.5",13.5200004577637,399362.5,4034165.5,37,4.5,TRUE,816,104,"11:15","11:46",36.447547121,-106.122994779,2428.3167,0.6377,0.8842,0.3744,0.6377,0.8841,0.3744,"static",NA,11.3,101,0.00071700348122,0.0000000401188070459
"400","30109_399354.5_4034164.5",14.6599998474121,399354.5,4034164.5,26,6.5,TRUE,816,104,"11:15","11:46",36.447547121,-106.122994779,2428.3167,0.6377,0.8842,0.3744,0.6377,0.8841,0.3744,"static",NA,11.3,101,0.00071700348122,0.0000000401188070459
"401","30146_399359.5_4034163.5",14,399359.5,4034163.5,29,4.5,TRUE,816,104,"11:15","11:46",36.447547121,-106.122994779,2428.3167,0.6377,0.8842,0.3744,0.6377,0.8841,0.3744,"static",NA,11.3,101,0.00071700348122,0.0000000401188070459
"402","43178_399861.5_4033789.5",19.7399997711182,399861.5,4033789.5,38,8.5,TRUE,816,107,"4:23","4:54",36.443998983,-106.117379685,2430.2287,2.1193,1.2613,12.8197,2.1191,1.2612,12.8189,"static",NA,11.3,104,0.000716984848258,0.0000000401170184031
"403","43262_399864.5_4033786.5",20.8500003814697,399864.5,4033786.5,36,5.5,TRUE,816,107,"4:23","4:54",36.443998983,-106.117379685,2430.2287,2.1193,1.2613,12.8197,2.1191,1.2612,12.8189,"static",NA,11.3,104,0.000716984848258,0.0000000401170184031
"404","43363_399855.5_4033783.5",21.0900001525879,399855.5,4033783.5,33,10.5,TRUE,816,107,"4:23","4:54",36.443998983,-106.117379685,2430.2287,2.1193,1.2613,12.8197,2.1191,1.2612,12.8189,"static",NA,11.3,104,0.000716984848258,0.0000000401170184031
"405","43412_399846.5_4033782.5",18.7099990844727,399846.5,4033782.5,29,9.5,TRUE,816,107,"4:23","4:54",36.443998983,-106.117379685,2430.2287,2.1193,1.2613,12.8197,2.1191,1.2612,12.8189,"static",NA,11.3,104,0.000716984848258,0.0000000401170184031
"406","43437_399852.5_4033781.5",21.9400005340576,399852.5,4033781.5,47,11.5,TRUE,816,107,"4:23","4:54",36.443998983,-106.117379685,2430.2287,2.1193,1.2613,12.8197,2.1191,1.2612,12.8189,"static",NA,11.3,104,0.000716984848258,0.0000000401170184031
"407","43438_399865.5_4033781.5",21.2099990844727,399865.5,4033781.5,41,4.5,TRUE,816,107,"4:23","4:54",36.443998983,-106.117379685,2430.2287,2.1193,1.2613,12.8197,2.1191,1.2612,12.8189,"static",NA,11.3,104,0.000716984848258,0.0000000401170184031
"408","43533_399860.5_4033778.5",23.8299999237061,399860.5,4033778.5,39,10.5,TRUE,816,107,"4:23","4:54",36.443998983,-106.117379685,2430.2287,2.1193,1.2613,12.8197,2.1191,1.2612,12.8189,"static",NA,11.3,104,0.000716984848258,0.0000000401170184031
"409","43602_399864.5_4033776.5",20.9200000762939,399864.5,4033776.5,30,5.5,TRUE,816,107,"4:23","4:54",36.443998983,-106.117379685,2430.2287,2.1193,1.2613,12.8197,2.1191,1.2612,12.8189,"static",NA,11.3,104,0.000716984848258,0.0000000401170184031
"410","43679_399861.5_4033774.5",21.1700000762939,399861.5,4033774.5,34,5.5,TRUE,816,107,"4:23","4:54",36.443998983,-106.117379685,2430.2287,2.1193,1.2613,12.8197,2.1191,1.2612,12.8189,"static",NA,11.3,104,0.000716984848258,0.0000000401170184031
"411","43680_399872.5_4033774.5",21.7199993133545,399872.5,4033774.5,66,8.5,TRUE,816,107,"4:23","4:54",36.443998983,-106.117379685,2430.2287,2.1193,1.2613,12.8197,2.1191,1.2612,12.8189,"static",NA,11.3,104,0.000716984848258,0.0000000401170184031
"412","43719_399849.5_4033773.5",21.6200008392334,399849.5,4033773.5,42,9.5,TRUE,816,107,"4:23","4:54",36.443998983,-106.117379685,2430.2287,2.1193,1.2613,12.8197,2.1191,1.2612,12.8189,"static",NA,11.3,104,0.000716984848258,0.0000000401170184031
"413","43720_399855.5_4033773.5",22.8600006103516,399855.5,4033773.5,40,10.5,TRUE,816,107,"4:23","4:54",36.443998983,-106.117379685,2430.2287,2.1193,1.2613,12.8197,2.1191,1.2612,12.8189,"static",NA,11.3,104,0.000716984848258,0.0000000401170184031
"414","43817_399851.5_4033770.5",22.5200004577637,399851.5,4033770.5,42,8.5,TRUE,816,107,"4:23","4:54",36.443998983,-106.117379685,2430.2287,2.1193,1.2613,12.8197,2.1191,1.2612,12.8189,"static",NA,11.3,104,0.000716984848258,0.0000000401170184031
"415","43818_399866.5_4033770.5",21.7000007629395,399866.5,4033770.5,46,7.5,TRUE,816,107,"4:23","4:54",36.443998983,-106.117379685,2430.2287,2.1193,1.2613,12.8197,2.1191,1.2612,12.8189,"static",NA,11.3,104,0.000716984848258,0.0000000401170184031
"416","44042_399867.5_4033764.5",19.7099990844727,399867.5,4033764.5,31,10.5,TRUE,816,107,"4:23","4:54",36.443998983,-106.117379685,2430.2287,2.1193,1.2613,12.8197,2.1191,1.2612,12.8189,"static",NA,11.3,104,0.000716984848258,0.0000000401170184031
"417","44106_399856.5_4033762.5",21.6499996185303,399856.5,4033762.5,64,5.5,TRUE,816,107,"4:23","4:54",36.443998983,-106.117379685,2430.2287,2.1193,1.2613,12.8197,2.1191,1.2612,12.8189,"static",NA,11.3,104,0.000716984848258,0.0000000401170184031
"418","44380_399770.5_4033754.5",16.4899997711182,399770.5,4033754.5,28,6.5,TRUE,816,103,"9:33","10:15",36.443663043,-106.118349211,2449.2812,1.2364,0.3666,0.8562,1.2364,0.3666,0.8562,"static",NA,11.3,100,0.000716982422463,0.0000000401167742014
"419","44454_399775.5_4033752.5",14.960000038147,399775.5,4033752.5,26,6.5,TRUE,816,103,"9:33","10:15",36.443663043,-106.118349211,2449.2812,1.2364,0.3666,0.8562,1.2364,0.3666,0.8562,"static",NA,11.3,100,0.000716982422463,0.0000000401167742014
"420","44524_399764.5_4033750.5",17.5400009155273,399764.5,4033750.5,33,5.5,TRUE,816,103,"9:33","10:15",36.443663043,-106.118349211,2449.2812,1.2364,0.3666,0.8562,1.2364,0.3666,0.8562,"static",NA,11.3,100,0.000716982422463,0.0000000401167742014
"421","44525_399779.5_4033750.5",16.9699993133545,399779.5,4033750.5,22,9.5,TRUE,816,103,"9:33","10:15",36.443663043,-106.118349211,2449.2812,1.2364,0.3666,0.8562,1.2364,0.3666,0.8562,"static",NA,11.3,100,0.000716982422463,0.0000000401167742014
"422","44552_399769.5_4033749.5",18.1499996185303,399769.5,4033749.5,34,10.5,TRUE,816,103,"9:33","10:15",36.443663043,-106.118349211,2449.2812,1.2364,0.3666,0.8562,1.2364,0.3666,0.8562,"static",NA,11.3,100,0.000716982422463,0.0000000401167742014
"423","44589_399758.5_4033748.5",19.4500007629395,399758.5,4033748.5,50,7.5,TRUE,816,103,"9:33","10:15",36.443663043,-106.118349211,2449.2812,1.2364,0.3666,0.8562,1.2364,0.3666,0.8562,"static",NA,11.3,100,0.000716982422463,0.0000000401167742014
"424","44621_399782.5_4033747.5",15.8599996566772,399782.5,4033747.5,20,10.5,TRUE,816,103,"9:33","10:15",36.443663043,-106.118349211,2449.2812,1.2364,0.3666,0.8562,1.2364,0.3666,0.8562,"static",NA,11.3,100,0.000716982422463,0.0000000401167742014
"425","44668_399765.5_4033746.5",17.4500007629395,399765.5,4033746.5,26,7.5,TRUE,816,103,"9:33","10:15",36.443663043,-106.118349211,2449.2812,1.2364,0.3666,0.8562,1.2364,0.3666,0.8562,"static",NA,11.3,100,0.000716982422463,0.0000000401167742014
"426","44669_399775.5_4033746.5",17.9400005340576,399775.5,4033746.5,42,9.5,TRUE,816,103,"9:33","10:15",36.443663043,-106.118349211,2449.2812,1.2364,0.3666,0.8562,1.2364,0.3666,0.8562,"static",NA,11.3,100,0.000716982422463,0.0000000401167742014
"427","44733_399784.5_4033744.5",17.9799995422363,399784.5,4033744.5,36,9.5,TRUE,816,103,"9:33","10:15",36.443663043,-106.118349211,2449.2812,1.2364,0.3666,0.8562,1.2364,0.3666,0.8562,"static",NA,11.3,100,0.000716982422463,0.0000000401167742014
"428","44762_399768.5_4033743.5",15.2299995422363,399768.5,4033743.5,54,6.5,TRUE,816,103,"9:33","10:15",36.443663043,-106.118349211,2449.2812,1.2364,0.3666,0.8562,1.2364,0.3666,0.8562,"static",NA,11.3,100,0.000716982422463,0.0000000401167742014
"429","44864_399761.5_4033740.5",16.5599994659424,399761.5,4033740.5,69,5.5,TRUE,816,103,"9:33","10:15",36.443663043,-106.118349211,2449.2812,1.2364,0.3666,0.8562,1.2364,0.3666,0.8562,"static",NA,11.3,100,0.000716982422463,0.0000000401167742014
"430","44865_399777.5_4033740.5",16.5699996948242,399777.5,4033740.5,31,10.5,TRUE,816,103,"9:33","10:15",36.443663043,-106.118349211,2449.2812,1.2364,0.3666,0.8562,1.2364,0.3666,0.8562,"static",NA,11.3,100,0.000716982422463,0.0000000401167742014
"431","44866_399782.5_4033740.5",18.9400005340576,399782.5,4033740.5,52,8.5,TRUE,816,103,"9:33","10:15",36.443663043,-106.118349211,2449.2812,1.2364,0.3666,0.8562,1.2364,0.3666,0.8562,"static",NA,11.3,100,0.000716982422463,0.0000000401167742014
"432","44899_399772.5_4033739.5",15,399772.5,4033739.5,25,9.5,TRUE,816,103,"9:33","10:15",36.443663043,-106.118349211,2449.2812,1.2364,0.3666,0.8562,1.2364,0.3666,0.8562,"static",NA,11.3,100,0.000716982422463,0.0000000401167742014
"433","45042_399779.5_4033734.5",18.7800006866455,399779.5,4033734.5,51,9.5,TRUE,816,103,"9:33","10:15",36.443663043,-106.118349211,2449.2812,1.2364,0.3666,0.8562,1.2364,0.3666,0.8562,"static",NA,11.3,100,0.000716982422463,0.0000000401167742014
"434","45174_399758.5_4033730.5",14.8100004196167,399758.5,4033730.5,42,5.5,TRUE,816,103,"9:33","10:15",36.443663043,-106.118349211,2449.2812,1.2364,0.3666,0.8562,1.2364,0.3666,0.8562,"static",NA,11.3,100,0.000716982422463,0.0000000401167742014
"435","45175_399772.5_4033730.5",22,399772.5,4033730.5,100,2.5,TRUE,816,103,"9:33","10:15",36.443663043,-106.118349211,2449.2812,1.2364,0.3666,0.8562,1.2364,0.3666,0.8562,"static",NA,11.3,100,0.000716982422463,0.0000000401167742014
"436","45244_399764.5_4033728.5",11.460000038147,399764.5,4033728.5,22,6.5,TRUE,816,103,"9:33","10:15",36.443663043,-106.118349211,2449.2812,1.2364,0.3666,0.8562,1.2364,0.3666,0.8562,"static",NA,11.3,100,0.000716982422463,0.0000000401167742014
"437","45245_399779.5_4033728.5",16.4300003051758,399779.5,4033728.5,52,8.5,TRUE,816,103,"9:33","10:15",36.443663043,-106.118349211,2449.2812,1.2364,0.3666,0.8562,1.2364,0.3666,0.8562,"static",NA,11.3,100,0.000716982422463,0.0000000401167742014
"438","5171_365381.5_3899898.5",6.44000005722046,365381.5,3899898.5,46,1.5,TRUE,703,19,"11:14","11:45",35.232985508,-106.479476938,2201.631,0.2383,0.2025,1.0283,0.2383,0.2025,1.0283,"static",NA,11.3,19,0.000710789230826,0.0000000395196951498
"439","5574_365375.5_3899890.5",6.80999994277954,365375.5,3899890.5,43,1.5,TRUE,703,19,"11:14","11:45",35.232985508,-106.479476938,2201.631,0.2383,0.2025,1.0283,0.2383,0.2025,1.0283,"static",NA,11.3,19,0.000710789230826,0.0000000395196951498
"440","5575_365380.5_3899890.5",4.84999990463257,365380.5,3899890.5,30,1.5,TRUE,703,19,"11:14","11:45",35.232985508,-106.479476938,2201.631,0.2383,0.2025,1.0283,0.2383,0.2025,1.0283,"static",NA,11.3,19,0.000710789230826,0.0000000395196951498
"441","5627_365369.5_3899889.5",5.15999984741211,365369.5,3899889.5,42,2.5,TRUE,703,19,"11:14","11:45",35.232985508,-106.479476938,2201.631,0.2383,0.2025,1.0283,0.2383,0.2025,1.0283,"static",NA,11.3,19,0.000710789230826,0.0000000395196951498
"442","5723_365361.5_3899887.5",4.5,365361.5,3899887.5,34,1.5,TRUE,703,19,"11:14","11:45",35.232985508,-106.479476938,2201.631,0.2383,0.2025,1.0283,0.2383,0.2025,1.0283,"static",NA,11.3,19,0.000710789230826,0.0000000395196951498
"443","5785_365375.5_3899886.5",4.6399998664856,365375.5,3899886.5,17,2.5,TRUE,703,19,"11:14","11:45",35.232985508,-106.479476938,2201.631,0.2383,0.2025,1.0283,0.2383,0.2025,1.0283,"static",NA,11.3,19,0.000710789230826,0.0000000395196951498
"444","5786_365381.5_3899886.5",3.01999998092651,365381.5,3899886.5,6,1.78822514724839,FALSE,703,19,"11:14","11:45",35.232985508,-106.479476938,2201.631,0.2383,0.2025,1.0283,0.2383,0.2025,1.0283,"static",NA,11.3,19,0.000710789230826,0.0000000395196951498
"445","5787_365384.5_3899886.5",3.8199999332428,365384.5,3899886.5,26,1.56562182263584,FALSE,703,19,"11:14","11:45",35.232985508,-106.479476938,2201.631,0.2383,0.2025,1.0283,0.2383,0.2025,1.0283,"static",NA,11.3,19,0.000710789230826,0.0000000395196951498
"446","6002_365363.5_3899882.5",5.17000007629395,365363.5,3899882.5,23,1.5,TRUE,703,19,"11:14","11:45",35.232985508,-106.479476938,2201.631,0.2383,0.2025,1.0283,0.2383,0.2025,1.0283,"static",NA,11.3,19,0.000710789230826,0.0000000395196951498
"447","6003_365366.5_3899882.5",4.92000007629395,365366.5,3899882.5,29,2.5,TRUE,703,19,"11:14","11:45",35.232985508,-106.479476938,2201.631,0.2383,0.2025,1.0283,0.2383,0.2025,1.0283,"static",NA,11.3,19,0.000710789230826,0.0000000395196951498
"448","6105_365381.5_3899880.5",5.28000020980835,365381.5,3899880.5,23,1.5,TRUE,703,19,"11:14","11:45",35.232985508,-106.479476938,2201.631,0.2383,0.2025,1.0283,0.2383,0.2025,1.0283,"static",NA,11.3,19,0.000710789230826,0.0000000395196951498
"449","6148_365369.5_3899879.5",4.92999982833862,365369.5,3899879.5,30,1.5,TRUE,703,19,"11:14","11:45",35.232985508,-106.479476938,2201.631,0.2383,0.2025,1.0283,0.2383,0.2025,1.0283,"static",NA,11.3,19,0.000710789230826,0.0000000395196951498
"450","6195_365384.5_3899878.5",5.57000017166138,365384.5,3899878.5,27,2.5,TRUE,703,19,"11:14","11:45",35.232985508,-106.479476938,2201.631,0.2383,0.2025,1.0283,0.2383,0.2025,1.0283,"static",NA,11.3,19,0.000710789230826,0.0000000395196951498
"451","6259_365379.5_3899877.5",4.84000015258789,365379.5,3899877.5,23,2.5,TRUE,703,19,"11:14","11:45",35.232985508,-106.479476938,2201.631,0.2383,0.2025,1.0283,0.2383,0.2025,1.0283,"static",NA,11.3,19,0.000710789230826,0.0000000395196951498
"452","6400_365375.5_3899874.5",6.59000015258789,365375.5,3899874.5,37,1.5,TRUE,703,19,"11:14","11:45",35.232985508,-106.479476938,2201.631,0.2383,0.2025,1.0283,0.2383,0.2025,1.0283,"static",NA,11.3,19,0.000710789230826,0.0000000395196951498
"453","6474_365367.5_3899873.5",6.05000019073486,365367.5,3899873.5,20,2.5,TRUE,703,19,"11:14","11:45",35.232985508,-106.479476938,2201.631,0.2383,0.2025,1.0283,0.2383,0.2025,1.0283,"static",NA,11.3,19,0.000710789230826,0.0000000395196951498
"454","6475_365382.5_3899873.5",5.73000001907349,365382.5,3899873.5,17,1.5,TRUE,703,19,"11:14","11:45",35.232985508,-106.479476938,2201.631,0.2383,0.2025,1.0283,0.2383,0.2025,1.0283,"static",NA,11.3,19,0.000710789230826,0.0000000395196951498
"455","6518_365369.5_3899872.5",6.01999998092651,365369.5,3899872.5,23,2.5,TRUE,703,19,"11:14","11:45",35.232985508,-106.479476938,2201.631,0.2383,0.2025,1.0283,0.2383,0.2025,1.0283,"static",NA,11.3,19,0.000710789230826,0.0000000395196951498
"456","27225_365167.5_3899450.5",5.90999984741211,365167.5,3899450.5,54,1.5,TRUE,828,119,"10:42","11:13",35.228980226,-106.481704309,2136.1751,0.1269,0.0157,0.2124,0.1269,0.0157,0.2123,"static","plot looked odd",11.3,116,0.000710770442094,0.0000000395178858063
"457","27309_365159.5_3899448.5",5.44999980926514,365159.5,3899448.5,55,1.5,TRUE,828,119,"10:42","11:13",35.228980226,-106.481704309,2136.1751,0.1269,0.0157,0.2124,0.1269,0.0157,0.2123,"static","plot looked odd",11.3,116,0.000710770442094,0.0000000395178858063
"458","27351_365153.5_3899447.5",2.74000000953674,365153.5,3899447.5,11,1.59794073936842,FALSE,828,119,"10:42","11:13",35.228980226,-106.481704309,2136.1751,0.1269,0.0157,0.2124,0.1269,0.0157,0.2123,"static","plot looked odd",11.3,116,0.000710770442094,0.0000000395178858063
"459","27352_365165.5_3899447.5",4.65999984741211,365165.5,3899447.5,19,1.5,TRUE,828,119,"10:42","11:13",35.228980226,-106.481704309,2136.1751,0.1269,0.0157,0.2124,0.1269,0.0157,0.2123,"static","plot looked odd",11.3,116,0.000710770442094,0.0000000395178858063
"460","27472_365171.5_3899444.5",3.35999989509583,365171.5,3899444.5,5,1.61876784471358,FALSE,828,119,"10:42","11:13",35.228980226,-106.481704309,2136.1751,0.1269,0.0157,0.2124,0.1269,0.0157,0.2123,"static","plot looked odd",11.3,116,0.000710770442094,0.0000000395178858063
"461","27548_365156.5_3899442.5",6.19000005722046,365156.5,3899442.5,31,1.5,TRUE,828,119,"10:42","11:13",35.228980226,-106.481704309,2136.1751,0.1269,0.0157,0.2124,0.1269,0.0157,0.2123,"static","plot looked odd",11.3,116,0.000710770442094,0.0000000395178858063
"462","27549_365175.5_3899442.5",3.17000007629395,365175.5,3899442.5,3,1.67780589151589,FALSE,828,119,"10:42","11:13",35.228980226,-106.481704309,2136.1751,0.1269,0.0157,0.2124,0.1269,0.0157,0.2123,"static","plot looked odd",11.3,116,0.000710770442094,0.0000000395178858063
"463","27626_365152.5_3899440.5",6.07999992370605,365152.5,3899440.5,24,1.5,TRUE,828,119,"10:42","11:13",35.228980226,-106.481704309,2136.1751,0.1269,0.0157,0.2124,0.1269,0.0157,0.2123,"static","plot looked odd",11.3,116,0.000710770442094,0.0000000395178858063
"464","27627_365168.5_3899440.5",5.82000017166138,365168.5,3899440.5,31,1.5,TRUE,828,119,"10:42","11:13",35.228980226,-106.481704309,2136.1751,0.1269,0.0157,0.2124,0.1269,0.0157,0.2123,"static","plot looked odd",11.3,116,0.000710770442094,0.0000000395178858063
"465","27628_365173.5_3899440.5",3.21000003814697,365173.5,3899440.5,15,1.5695133526426,FALSE,828,119,"10:42","11:13",35.228980226,-106.481704309,2136.1751,0.1269,0.0157,0.2124,0.1269,0.0157,0.2123,"static","plot looked odd",11.3,116,0.000710770442094,0.0000000395178858063
"466","27796_365158.5_3899436.5",5.73999977111816,365158.5,3899436.5,45,2.5,TRUE,828,119,"10:42","11:13",35.228980226,-106.481704309,2136.1751,0.1269,0.0157,0.2124,0.1269,0.0157,0.2123,"static","plot looked odd",11.3,116,0.000710770442094,0.0000000395178858063
"467","27797_365176.5_3899436.5",2.15000009536743,365176.5,3899436.5,2,1.27307425874319,FALSE,828,119,"10:42","11:13",35.228980226,-106.481704309,2136.1751,0.1269,0.0157,0.2124,0.1269,0.0157,0.2123,"static","plot looked odd",11.3,116,0.000710770442094,0.0000000395178858063
"468","27830_365165.5_3899435.5",4.63000011444092,365165.5,3899435.5,21,1.5,TRUE,828,119,"10:42","11:13",35.228980226,-106.481704309,2136.1751,0.1269,0.0157,0.2124,0.1269,0.0157,0.2123,"static","plot looked odd",11.3,116,0.000710770442094,0.0000000395178858063
"469","27863_365163.5_3899434.5",5.15000009536743,365163.5,3899434.5,19,2.5,TRUE,828,119,"10:42","11:13",35.228980226,-106.481704309,2136.1751,0.1269,0.0157,0.2124,0.1269,0.0157,0.2123,"static","plot looked odd",11.3,116,0.000710770442094,0.0000000395178858063
"470","27987_365164.5_3899431.5",4.44000005722046,365164.5,3899431.5,15,1.5,TRUE,828,119,"10:42","11:13",35.228980226,-106.481704309,2136.1751,0.1269,0.0157,0.2124,0.1269,0.0157,0.2123,"static","plot looked odd",11.3,116,0.000710770442094,0.0000000395178858063
"471","33188_365049.5_3899297.5",3.15000009536743,365049.5,3899297.5,16,1.57679927016302,FALSE,828,120,"1:02","1:33",35.227586491,-106.482994731,2120.912,0.061,0.0675,0.1278,0.061,0.0675,0.1278,"static","plot looked odd",11.3,117,0.000710763792687,0.0000000395172465285
"472","33481_365053.5_3899289.5",4.90999984741211,365053.5,3899289.5,43,1.5,TRUE,828,120,"1:02","1:33",35.227586491,-106.482994731,2120.912,0.061,0.0675,0.1278,0.061,0.0675,0.1278,"static","plot looked odd",11.3,117,0.000710763792687,0.0000000395172465285
"473","33599_365048.5_3899286.5",2.30999994277954,365048.5,3899286.5,5,1.36781457414229,FALSE,828,120,"1:02","1:33",35.227586491,-106.482994731,2120.912,0.061,0.0675,0.1278,0.061,0.0675,0.1278,"static","plot looked odd",11.3,117,0.000710763792687,0.0000000395172465285
"474","33641_365040.5_3899285.5",5.73999977111816,365040.5,3899285.5,42,1.5,TRUE,828,120,"1:02","1:33",35.227586491,-106.482994731,2120.912,0.061,0.0675,0.1278,0.061,0.0675,0.1278,"static","plot looked odd",11.3,117,0.000710763792687,0.0000000395172465285
"475","33726_365057.5_3899283.5",4.6100001335144,365057.5,3899283.5,17,2.5,TRUE,828,120,"1:02","1:33",35.227586491,-106.482994731,2120.912,0.061,0.0675,0.1278,0.061,0.0675,0.1278,"static","plot looked odd",11.3,117,0.000710763792687,0.0000000395172465285
"476","33803_365041.5_3899281.5",4.01999998092651,365041.5,3899281.5,17,1.5,TRUE,828,120,"1:02","1:33",35.227586491,-106.482994731,2120.912,0.061,0.0675,0.1278,0.061,0.0675,0.1278,"static","plot looked odd",11.3,117,0.000710763792687,0.0000000395172465285
"477","33926_365042.5_3899278.5",3.80999994277954,365042.5,3899278.5,17,1.53725874234515,FALSE,828,120,"1:02","1:33",35.227586491,-106.482994731,2120.912,0.061,0.0675,0.1278,0.061,0.0675,0.1278,"static","plot looked odd",11.3,117,0.000710763792687,0.0000000395172465285
"478","35677_365179.5_3899236.5",2.70000004768372,365179.5,3899236.5,6,1.598744375276,FALSE,828,118,"9:43","10:14",35.227047616,-106.481431117,2121.4946,0.0515,0.0922,0.1692,0.0515,0.0922,0.1692,"static","plot looked odd",11.3,115,0.000710761153646,0.0000000395170117229
"479","35765_365179.5_3899234.5",2.58999991416931,365179.5,3899234.5,2,1.53361026726491,FALSE,828,118,"9:43","10:14",35.227047616,-106.481431117,2121.4946,0.0515,0.0922,0.1692,0.0515,0.0922,0.1692,"static","plot looked odd",11.3,115,0.000710761153646,0.0000000395170117229
"480","35766_365187.5_3899234.5",2.75999999046326,365187.5,3899234.5,3,1.63427199355066,FALSE,828,118,"9:43","10:14",35.227047616,-106.481431117,2121.4946,0.0515,0.0922,0.1692,0.0515,0.0922,0.1692,"static","plot looked odd",11.3,115,0.000710761153646,0.0000000395170117229
"481","35890_365179.5_3899231.5",2.04999995231628,365179.5,3899231.5,1,1.21386142044455,FALSE,828,118,"9:43","10:14",35.227047616,-106.481431117,2121.4946,0.0515,0.0922,0.1692,0.0515,0.0922,0.1692,"static","plot looked odd",11.3,115,0.000710761153646,0.0000000395170117229
"482","35964_365177.5_3899229.5",2.90000009536743,365177.5,3899229.5,5,1.67192989856387,FALSE,828,118,"9:43","10:14",35.227047616,-106.481431117,2121.4946,0.0515,0.0922,0.1692,0.0515,0.0922,0.1692,"static","plot looked odd",11.3,115,0.000710761153646,0.0000000395170117229
"483","36004_365180.5_3899228.5",3.65000009536743,365180.5,3899228.5,12,1.53340899627763,FALSE,828,118,"9:43","10:14",35.227047616,-106.481431117,2121.4946,0.0515,0.0922,0.1692,0.0515,0.0922,0.1692,"static","plot looked odd",11.3,115,0.000710761153646,0.0000000395170117229
"484","36057_365178.5_3899227.5",3.76999998092651,365178.5,3899227.5,13,1.53646032286015,FALSE,828,118,"9:43","10:14",35.227047616,-106.481431117,2121.4946,0.0515,0.0922,0.1692,0.0515,0.0922,0.1692,"static","plot looked odd",11.3,115,0.000710761153646,0.0000000395170117229
"485","36095_365193.5_3899226.5",6.34000015258789,365193.5,3899226.5,47,1.5,TRUE,828,118,"9:43","10:14",35.227047616,-106.481431117,2121.4946,0.0515,0.0922,0.1692,0.0515,0.0922,0.1692,"static","plot looked odd",11.3,115,0.000710761153646,0.0000000395170117229
"486","36138_365195.5_3899225.5",6.26000022888184,365195.5,3899225.5,27,1.5,TRUE,828,118,"9:43","10:14",35.227047616,-106.481431117,2121.4946,0.0515,0.0922,0.1692,0.0515,0.0922,0.1692,"static","plot looked odd",11.3,115,0.000710761153646,0.0000000395170117229
"487","36214_365199.5_3899223.5",4.76999998092651,365199.5,3899223.5,22,1.5,TRUE,828,118,"9:43","10:14",35.227047616,-106.481431117,2121.4946,0.0515,0.0922,0.1692,0.0515,0.0922,0.1692,"static","plot looked odd",11.3,115,0.000710761153646,0.0000000395170117229
"488","36342_365182.5_3899220.5",3.02999997138977,365182.5,3899220.5,12,1.56280691655115,FALSE,828,118,"9:43","10:14",35.227047616,-106.481431117,2121.4946,0.0515,0.0922,0.1692,0.0515,0.0922,0.1692,"static","plot looked odd",11.3,115,0.000710761153646,0.0000000395170117229
"489","36433_365178.5_3899218.5",4.46999979019165,365178.5,3899218.5,23,1.5,TRUE,828,118,"9:43","10:14",35.227047616,-106.481431117,2121.4946,0.0515,0.0922,0.1692,0.0515,0.0922,0.1692,"static","plot looked odd",11.3,115,0.000710761153646,0.0000000395170117229
"490","36468_365194.5_3899217.5",3.50999999046326,365194.5,3899217.5,6,1.62366791920894,FALSE,828,118,"9:43","10:14",35.227047616,-106.481431117,2121.4946,0.0515,0.0922,0.1692,0.0515,0.0922,0.1692,"static","plot looked odd",11.3,115,0.000710761153646,0.0000000395170117229
"491","36569_365183.5_3899215.5",5.94999980926514,365183.5,3899215.5,30,1.5,TRUE,828,118,"9:43","10:14",35.227047616,-106.481431117,2121.4946,0.0515,0.0922,0.1692,0.0515,0.0922,0.1692,"static","plot looked odd",11.3,115,0.000710761153646,0.0000000395170117229
"492","54453_365098.5_3898825.5",4.32000017166138,365098.5,3898825.5,19,1.5,TRUE,703,20,"1:47","2:18",35.223284028,-106.482359593,2104.9727,0.026,0.0678,0.0784,0.026,0.0678,0.0784,"static","plot looked odd",11.3,20,0.000710742100382,0.0000000395151717191
"493","54501_365105.5_3898824.5",4.92999982833862,365105.5,3898824.5,36,1.5,TRUE,703,20,"1:47","2:18",35.223284028,-106.482359593,2104.9727,0.026,0.0678,0.0784,0.026,0.0678,0.0784,"static","plot looked odd",11.3,20,0.000710742100382,0.0000000395151717191
"494","54543_365093.5_3898823.5",3.49000000953674,365093.5,3898823.5,5,1.67145000443431,FALSE,703,20,"1:47","2:18",35.223284028,-106.482359593,2104.9727,0.026,0.0678,0.0784,0.026,0.0678,0.0784,"static","plot looked odd",11.3,20,0.000710742100382,0.0000000395151717191
"495","54586_365108.5_3898822.5",5.8600001335144,365108.5,3898822.5,38,2.5,TRUE,703,20,"1:47","2:18",35.223284028,-106.482359593,2104.9727,0.026,0.0678,0.0784,0.026,0.0678,0.0784,"static","plot looked odd",11.3,20,0.000710742100382,0.0000000395151717191
"496","54631_365095.5_3898821.5",4.1399998664856,365095.5,3898821.5,7,1.5,TRUE,703,20,"1:47","2:18",35.223284028,-106.482359593,2104.9727,0.026,0.0678,0.0784,0.026,0.0678,0.0784,"static","plot looked odd",11.3,20,0.000710742100382,0.0000000395151717191
"497","54798_365107.5_3898817.5",3.96000003814697,365107.5,3898817.5,21,1.50779069707422,FALSE,703,20,"1:47","2:18",35.223284028,-106.482359593,2104.9727,0.026,0.0678,0.0784,0.026,0.0678,0.0784,"static","plot looked odd",11.3,20,0.000710742100382,0.0000000395151717191
"498","54840_365080.5_3898816.5",4.07000017166138,365080.5,3898816.5,34,1.5,TRUE,703,20,"1:47","2:18",35.223284028,-106.482359593,2104.9727,0.026,0.0678,0.0784,0.026,0.0678,0.0784,"static","plot looked odd",11.3,20,0.000710742100382,0.0000000395151717191
"499","54841_365090.5_3898816.5",2.91000008583069,365090.5,3898816.5,7,1.55402262484759,FALSE,703,20,"1:47","2:18",35.223284028,-106.482359593,2104.9727,0.026,0.0678,0.0784,0.026,0.0678,0.0784,"static","plot looked odd",11.3,20,0.000710742100382,0.0000000395151717191
"500","54886_365098.5_3898815.5",3.29999995231628,365098.5,3898815.5,13,1.53795537715782,FALSE,703,20,"1:47","2:18",35.223284028,-106.482359593,2104.9727,0.026,0.0678,0.0784,0.026,0.0678,0.0784,"static","plot looked odd",11.3,20,0.000710742100382,0.0000000395151717191
"501","54926_365103.5_3898814.5",3.8199999332428,365103.5,3898814.5,25,1.50746169080162,FALSE,703,20,"1:47","2:18",35.223284028,-106.482359593,2104.9727,0.026,0.0678,0.0784,0.026,0.0678,0.0784,"static","plot looked odd",11.3,20,0.000710742100382,0.0000000395151717191
"502","54964_365091.5_3898813.5",2.55999994277954,365091.5,3898813.5,9,1.51584645812758,FALSE,703,20,"1:47","2:18",35.223284028,-106.482359593,2104.9727,0.026,0.0678,0.0784,0.026,0.0678,0.0784,"static","plot looked odd",11.3,20,0.000710742100382,0.0000000395151717191
"503","54965_365099.5_3898813.5",3.60999989509583,365099.5,3898813.5,14,1.52112081106624,FALSE,703,20,"1:47","2:18",35.223284028,-106.482359593,2104.9727,0.026,0.0678,0.0784,0.026,0.0678,0.0784,"static","plot looked odd",11.3,20,0.000710742100382,0.0000000395151717191
"504","55012_365087.5_3898812.5",3.34999990463257,365087.5,3898812.5,12,1.53673584575919,FALSE,703,20,"1:47","2:18",35.223284028,-106.482359593,2104.9727,0.026,0.0678,0.0784,0.026,0.0678,0.0784,"static","plot looked odd",11.3,20,0.000710742100382,0.0000000395151717191
"505","55108_365084.5_3898810.5",2.0699999332428,365084.5,3898810.5,1,1.22570395986944,FALSE,703,20,"1:47","2:18",35.223284028,-106.482359593,2104.9727,0.026,0.0678,0.0784,0.026,0.0678,0.0784,"static","plot looked odd",11.3,20,0.000710742100382,0.0000000395151717191
"506","55193_365092.5_3898808.5",2.70000004768372,365092.5,3898808.5,3,1.598744375276,FALSE,703,20,"1:47","2:18",35.223284028,-106.482359593,2104.9727,0.026,0.0678,0.0784,0.026,0.0678,0.0784,"static","plot looked odd",11.3,20,0.000710742100382,0.0000000395151717191
"507","55268_365090.5_3898806.5",4.36999988555908,365090.5,3898806.5,27,1.5,TRUE,703,20,"1:47","2:18",35.223284028,-106.482359593,2104.9727,0.026,0.0678,0.0784,0.026,0.0678,0.0784,"static","plot looked odd",11.3,20,0.000710742100382,0.0000000395151717191
"508","55322_365095.5_3898805.5",2.78999996185303,365095.5,3898805.5,10,1.53737424877054,FALSE,703,20,"1:47","2:18",35.223284028,-106.482359593,2104.9727,0.026,0.0678,0.0784,0.026,0.0678,0.0784,"static","plot looked odd",11.3,20,0.000710742100382,0.0000000395151717191
"509","55491_365095.5_3898801.5",4.65000009536743,365095.5,3898801.5,26,2.5,TRUE,703,20,"1:47","2:18",35.223284028,-106.482359593,2104.9727,0.026,0.0678,0.0784,0.026,0.0678,0.0784,"static","plot looked odd",11.3,20,0.000710742100382,0.0000000395151717191
"510","55492_365098.5_3898801.5",5.48999977111816,365098.5,3898801.5,30,2.5,TRUE,703,20,"1:47","2:18",35.223284028,-106.482359593,2104.9727,0.026,0.0678,0.0784,0.026,0.0678,0.0784,"static","plot looked odd",11.3,20,0.000710742100382,0.0000000395151717191
"511","56099_364943.5_3898787.5",3.16000008583069,364943.5,3898787.5,10,1.60620491514049,FALSE,828,121,"2:13","2:44",35.222966672,-106.4841056,2087.841,0.0653,0.0174,0.0376,0.0653,0.0174,0.0376,"static","plot looked odd",11.3,118,0.000710740357927,0.0000000395150024483
"512","56184_364929.5_3898785.5",3.52999997138977,364929.5,3898785.5,5,1.81886215316228,FALSE,828,121,"2:13","2:44",35.222966672,-106.4841056,2087.841,0.0653,0.0174,0.0376,0.0653,0.0174,0.0376,"static","plot looked odd",11.3,118,0.000710740357927,0.0000000395150024483
"513","56185_364945.5_3898785.5",3.64000010490417,364945.5,3898785.5,14,1.57998006787258,FALSE,828,121,"2:13","2:44",35.222966672,-106.4841056,2087.841,0.0653,0.0174,0.0376,0.0653,0.0174,0.0376,"static","plot looked odd",11.3,118,0.000710740357927,0.0000000395150024483
"514","56277_364929.5_3898783.5",4.21999979019165,364929.5,3898783.5,12,1.5,TRUE,828,121,"2:13","2:44",35.222966672,-106.4841056,2087.841,0.0653,0.0174,0.0376,0.0653,0.0174,0.0376,"static","plot looked odd",11.3,118,0.000710740357927,0.0000000395150024483
"515","56332_364931.5_3898782.5",4.19000005722046,364931.5,3898782.5,13,1.5,TRUE,828,121,"2:13","2:44",35.222966672,-106.4841056,2087.841,0.0653,0.0174,0.0376,0.0653,0.0174,0.0376,"static","plot looked odd",11.3,118,0.000710740357927,0.0000000395150024483
"516","56333_364952.5_3898782.5",6.3899998664856,364952.5,3898782.5,66,2.5,TRUE,828,121,"2:13","2:44",35.222966672,-106.4841056,2087.841,0.0653,0.0174,0.0376,0.0653,0.0174,0.0376,"static","plot looked odd",11.3,118,0.000710740357927,0.0000000395150024483
"517","56544_364931.5_3898777.5",4.98999977111816,364931.5,3898777.5,44,2.5,TRUE,828,121,"2:13","2:44",35.222966672,-106.4841056,2087.841,0.0653,0.0174,0.0376,0.0653,0.0174,0.0376,"static","plot looked odd",11.3,118,0.000710740357927,0.0000000395150024483
"518","56592_364949.5_3898776.5",4.19999980926514,364949.5,3898776.5,28,1.5,TRUE,828,121,"2:13","2:44",35.222966672,-106.4841056,2087.841,0.0653,0.0174,0.0376,0.0653,0.0174,0.0376,"static","plot looked odd",11.3,118,0.000710740357927,0.0000000395150024483
"519","56634_364944.5_3898775.5",2.85999989509583,364944.5,3898775.5,2,1.69348469067509,FALSE,828,121,"2:13","2:44",35.222966672,-106.4841056,2087.841,0.0653,0.0174,0.0376,0.0653,0.0174,0.0376,"static","plot looked odd",11.3,118,0.000710740357927,0.0000000395150024483
"520","56679_364938.5_3898774.5",3.75,364938.5,3898774.5,21,1.54199943092465,FALSE,828,121,"2:13","2:44",35.222966672,-106.4841056,2087.841,0.0653,0.0174,0.0376,0.0653,0.0174,0.0376,"static","plot looked odd",11.3,118,0.000710740357927,0.0000000395150024483
"521","57011_364940.5_3898767.5",3.79999995231628,364940.5,3898767.5,22,1.54886296102287,FALSE,828,121,"2:13","2:44",35.222966672,-106.4841056,2087.841,0.0653,0.0174,0.0376,0.0653,0.0174,0.0376,"static","plot looked odd",11.3,118,0.000710740357927,0.0000000395150024483
"522","29284_368946.5_3897735.5",18.8299999237061,368946.5,3897735.5,44,12.5,TRUE,707,28,"2:07","3:54",35.213980091,-106.439934676,3022.4527,0.3562,0.125,0.3531,0.3562,0.125,0.3531,"static",NA,11.3,28,0.000710695234063,0.0000000395106268994
"523","29327_368940.5_3897734.5",16.8500003814697,368940.5,3897734.5,24,1.5,TRUE,707,28,"2:07","3:54",35.213980091,-106.439934676,3022.4527,0.3562,0.125,0.3531,0.3562,0.125,0.3531,"static",NA,11.3,28,0.000710695234063,0.0000000395106268994
"524","29365_368936.5_3897733.5",15.3699998855591,368936.5,3897733.5,17,1.5,TRUE,707,28,"2:07","3:54",35.213980091,-106.439934676,3022.4527,0.3562,0.125,0.3531,0.3562,0.125,0.3531,"static",NA,11.3,28,0.000710695234063,0.0000000395106268994
"525","29366_368950.5_3897733.5",17.8299999237061,368950.5,3897733.5,31,15.5,TRUE,707,28,"2:07","3:54",35.213980091,-106.439934676,3022.4527,0.3562,0.125,0.3531,0.3562,0.125,0.3531,"static",NA,11.3,28,0.000710695234063,0.0000000395106268994
"526","29440_368943.5_3897731.5",19.0300006866455,368943.5,3897731.5,33,1.5,TRUE,707,28,"2:07","3:54",35.213980091,-106.439934676,3022.4527,0.3562,0.125,0.3531,0.3562,0.125,0.3531,"static",NA,11.3,28,0.000710695234063,0.0000000395106268994
"527","29499_368955.5_3897729.5",17.6700000762939,368955.5,3897729.5,31,7.5,TRUE,707,28,"2:07","3:54",35.213980091,-106.439934676,3022.4527,0.3562,0.125,0.3531,0.3562,0.125,0.3531,"static",NA,11.3,28,0.000710695234063,0.0000000395106268994
"528","29568_368935.5_3897727.5",16.9899997711182,368935.5,3897727.5,49,11.5,TRUE,707,28,"2:07","3:54",35.213980091,-106.439934676,3022.4527,0.3562,0.125,0.3531,0.3562,0.125,0.3531,"static",NA,11.3,28,0.000710695234063,0.0000000395106268994
"529","29611_368944.5_3897726.5",18.3500003814697,368944.5,3897726.5,44,8.5,TRUE,707,28,"2:07","3:54",35.213980091,-106.439934676,3022.4527,0.3562,0.125,0.3531,0.3562,0.125,0.3531,"static",NA,11.3,28,0.000710695234063,0.0000000395106268994
"530","29676_368940.5_3897724.5",18.4400005340576,368940.5,3897724.5,33,2.5,TRUE,707,28,"2:07","3:54",35.213980091,-106.439934676,3022.4527,0.3562,0.125,0.3531,0.3562,0.125,0.3531,"static",NA,11.3,28,0.000710695234063,0.0000000395106268994
"531","29677_368952.5_3897724.5",19.9599990844727,368952.5,3897724.5,40,2.5,TRUE,707,28,"2:07","3:54",35.213980091,-106.439934676,3022.4527,0.3562,0.125,0.3531,0.3562,0.125,0.3531,"static",NA,11.3,28,0.000710695234063,0.0000000395106268994
"532","29739_368931.5_3897722.5",21.9699993133545,368931.5,3897722.5,53,10.5,TRUE,707,28,"2:07","3:54",35.213980091,-106.439934676,3022.4527,0.3562,0.125,0.3531,0.3562,0.125,0.3531,"static",NA,11.3,28,0.000710695234063,0.0000000395106268994
"533","29832_368950.5_3897719.5",21.25,368950.5,3897719.5,47,2.5,TRUE,707,28,"2:07","3:54",35.213980091,-106.439934676,3022.4527,0.3562,0.125,0.3531,0.3562,0.125,0.3531,"static",NA,11.3,28,0.000710695234063,0.0000000395106268994
"534","29833_368955.5_3897719.5",24.3500003814697,368955.5,3897719.5,36,2.5,TRUE,707,28,"2:07","3:54",35.213980091,-106.439934676,3022.4527,0.3562,0.125,0.3531,0.3562,0.125,0.3531,"static",NA,11.3,28,0.000710695234063,0.0000000395106268994
"535","29862_368930.5_3897718.5",21.4799995422363,368930.5,3897718.5,45,13.5,TRUE,707,28,"2:07","3:54",35.213980091,-106.439934676,3022.4527,0.3562,0.125,0.3531,0.3562,0.125,0.3531,"static",NA,11.3,28,0.000710695234063,0.0000000395106268994
"536","29909_368936.5_3897717.5",22.8199996948242,368936.5,3897717.5,53,1.5,TRUE,707,28,"2:07","3:54",35.213980091,-106.439934676,3022.4527,0.3562,0.125,0.3531,0.3562,0.125,0.3531,"static",NA,11.3,28,0.000710695234063,0.0000000395106268994
"537","29939_368943.5_3897716.5",20.3999996185303,368943.5,3897716.5,54,1.5,TRUE,707,28,"2:07","3:54",35.213980091,-106.439934676,3022.4527,0.3562,0.125,0.3531,0.3562,0.125,0.3531,"static",NA,11.3,28,0.000710695234063,0.0000000395106268994
"538","30108_368934.5_3897711.5",23.7299995422363,368934.5,3897711.5,94,2.5,TRUE,707,28,"2:07","3:54",35.213980091,-106.439934676,3022.4527,0.3562,0.125,0.3531,0.3562,0.125,0.3531,"static",NA,11.3,28,0.000710695234063,0.0000000395106268994
"539","30109_368942.5_3897711.5",17.2399997711182,368942.5,3897711.5,38,1.5,TRUE,707,28,"2:07","3:54",35.213980091,-106.439934676,3022.4527,0.3562,0.125,0.3531,0.3562,0.125,0.3531,"static",NA,11.3,28,0.000710695234063,0.0000000395106268994
"540","30151_368950.5_3897710.5",19.8299999237061,368950.5,3897710.5,47,1.5,TRUE,707,28,"2:07","3:54",35.213980091,-106.439934676,3022.4527,0.3562,0.125,0.3531,0.3562,0.125,0.3531,"static",NA,11.3,28,0.000710695234063,0.0000000395106268994
"541","31864_368812.5_3897657.5",17.1200008392334,368812.5,3897657.5,56,1.5,TRUE,707,27,"10:52","11:23",35.21323408,-106.441319643,3044.6241,1.42,0.5037,1.1128,1.4199,0.5037,1.1127,"static",NA,11.3,27,0.000710691498341,0.0000000395102590743
"542","31988_368817.5_3897653.5",26.7800006866455,368817.5,3897653.5,68,1.5,TRUE,707,27,"10:52","11:23",35.21323408,-106.441319643,3044.6241,1.42,0.5037,1.1128,1.4199,0.5037,1.1127,"static",NA,11.3,27,0.000710691498341,0.0000000395102590743
"543","32085_368807.5_3897650.5",26.5,368807.5,3897650.5,125,1.5,TRUE,707,27,"10:52","11:23",35.21323408,-106.441319643,3044.6241,1.42,0.5037,1.1128,1.4199,0.5037,1.1127,"static",NA,11.3,27,0.000710691498341,0.0000000395102590743
"544","32115_368818.5_3897649.5",28.2900009155273,368818.5,3897649.5,107,1.5,TRUE,707,27,"10:52","11:23",35.21323408,-106.441319643,3044.6241,1.42,0.5037,1.1128,1.4199,0.5037,1.1127,"static",NA,11.3,27,0.000710691498341,0.0000000395102590743
"545","32228_368834.5_3897646.5",27.6499996185303,368834.5,3897646.5,80,1.5,TRUE,707,27,"10:52","11:23",35.21323408,-106.441319643,3044.6241,1.42,0.5037,1.1128,1.4199,0.5037,1.1127,"static",NA,11.3,27,0.000710691498341,0.0000000395102590743
"546","32394_368810.5_3897641.5",9.21000003814697,368810.5,3897641.5,30,1.5,TRUE,707,27,"10:52","11:23",35.21323408,-106.441319643,3044.6241,1.42,0.5037,1.1128,1.4199,0.5037,1.1127,"static",NA,11.3,27,0.000710691498341,0.0000000395102590743
"547","32431_368815.5_3897640.5",13.4200000762939,368815.5,3897640.5,33,2.5,TRUE,707,27,"10:52","11:23",35.21323408,-106.441319643,3044.6241,1.42,0.5037,1.1128,1.4199,0.5037,1.1127,"static",NA,11.3,27,0.000710691498341,0.0000000395102590743
"548","32501_368804.5_3897638.5",25.2999992370605,368804.5,3897638.5,90,1.5,TRUE,707,27,"10:52","11:23",35.21323408,-106.441319643,3044.6241,1.42,0.5037,1.1128,1.4199,0.5037,1.1127,"static",NA,11.3,27,0.000710691498341,0.0000000395102590743
"549","32554_368824.5_3897636.5",28.6000003814697,368824.5,3897636.5,118,1.5,TRUE,707,27,"10:52","11:23",35.21323408,-106.441319643,3044.6241,1.42,0.5037,1.1128,1.4199,0.5037,1.1127,"static",NA,11.3,27,0.000710691498341,0.0000000395102590743
"550","32616_368816.5_3897634.5",16.0599994659424,368816.5,3897634.5,32,3.5,TRUE,707,27,"10:52","11:23",35.21323408,-106.441319643,3044.6241,1.42,0.5037,1.1128,1.4199,0.5037,1.1127,"static",NA,11.3,27,0.000710691498341,0.0000000395102590743
"551","32683_368811.5_3897632.5",17.3500003814697,368811.5,3897632.5,42,1.5,TRUE,707,27,"10:52","11:23",35.21323408,-106.441319643,3044.6241,1.42,0.5037,1.1128,1.4199,0.5037,1.1127,"static",NA,11.3,27,0.000710691498341,0.0000000395102590743
"552","32740_368807.5_3897630.5",14.4899997711182,368807.5,3897630.5,32,2.5,TRUE,707,27,"10:52","11:23",35.21323408,-106.441319643,3044.6241,1.42,0.5037,1.1128,1.4199,0.5037,1.1127,"static",NA,11.3,27,0.000710691498341,0.0000000395102590743
"553","32794_368818.5_3897628.5",21.5699996948242,368818.5,3897628.5,62,1.5,TRUE,707,27,"10:52","11:23",35.21323408,-106.441319643,3044.6241,1.42,0.5037,1.1128,1.4199,0.5037,1.1127,"static",NA,11.3,27,0.000710691498341,0.0000000395102590743
"554","9261_373283.5_3893799.5",17.0400009155273,373283.5,3893799.5,48,1.5,TRUE,705,22,"12:29","1:00",35.179050828,-106.391553354,2440.1177,0.0666,0.3749,0.1521,0.0666,0.3749,0.1521,"static",NA,11.3,22,0.000710523067484,0.0000000394940086366
"555","9397_373291.5_3893796.5",7.65999984741211,373291.5,3893796.5,27,1.5,TRUE,705,22,"12:29","1:00",35.179050828,-106.391553354,2440.1177,0.0666,0.3749,0.1521,0.0666,0.3749,0.1521,"static",NA,11.3,22,0.000710523067484,0.0000000394940086366
"556","9398_373293.5_3893796.5",5.69999980926514,373293.5,3893796.5,16,1.5,TRUE,705,22,"12:29","1:00",35.179050828,-106.391553354,2440.1177,0.0666,0.3749,0.1521,0.0666,0.3749,0.1521,"static",NA,11.3,22,0.000710523067484,0.0000000394940086366
"557","9483_373299.5_3893794.5",8.68000030517578,373299.5,3893794.5,32,1.5,TRUE,705,22,"12:29","1:00",35.179050828,-106.391553354,2440.1177,0.0666,0.3749,0.1521,0.0666,0.3749,0.1521,"static",NA,11.3,22,0.000710523067484,0.0000000394940086366
"558","9575_373291.5_3893792.5",2.94000005722046,373291.5,3893792.5,9,1.82299893160521,FALSE,705,22,"12:29","1:00",35.179050828,-106.391553354,2440.1177,0.0666,0.3749,0.1521,0.0666,0.3749,0.1521,"static",NA,11.3,22,0.000710523067484,0.0000000394940086366
"559","9576_373303.5_3893792.5",9.5600004196167,373303.5,3893792.5,46,1.5,TRUE,705,22,"12:29","1:00",35.179050828,-106.391553354,2440.1177,0.0666,0.3749,0.1521,0.0666,0.3749,0.1521,"static",NA,11.3,22,0.000710523067484,0.0000000394940086366
"560","9608_373283.5_3893791.5",10.8400001525879,373283.5,3893791.5,40,1.5,TRUE,705,22,"12:29","1:00",35.179050828,-106.391553354,2440.1177,0.0666,0.3749,0.1521,0.0666,0.3749,0.1521,"static",NA,11.3,22,0.000710523067484,0.0000000394940086366
"561","9648_373296.5_3893790.5",3.08999991416931,373296.5,3893790.5,5,1.91600899066528,FALSE,705,22,"12:29","1:00",35.179050828,-106.391553354,2440.1177,0.0666,0.3749,0.1521,0.0666,0.3749,0.1521,"static",NA,11.3,22,0.000710523067484,0.0000000394940086366
"562","9796_373287.5_3893787.5",8.13000011444092,373287.5,3893787.5,29,1.5,TRUE,705,22,"12:29","1:00",35.179050828,-106.391553354,2440.1177,0.0666,0.3749,0.1521,0.0666,0.3749,0.1521,"static",NA,11.3,22,0.000710523067484,0.0000000394940086366
"563","9891_373293.5_3893785.5",11.7399997711182,373293.5,3893785.5,47,10.5,TRUE,705,22,"12:29","1:00",35.179050828,-106.391553354,2440.1177,0.0666,0.3749,0.1521,0.0666,0.3749,0.1521,"static",NA,11.3,22,0.000710523067484,0.0000000394940086366
"564","9892_373302.5_3893785.5",8.57999992370605,373302.5,3893785.5,39,1.5,TRUE,705,22,"12:29","1:00",35.179050828,-106.391553354,2440.1177,0.0666,0.3749,0.1521,0.0666,0.3749,0.1521,"static",NA,11.3,22,0.000710523067484,0.0000000394940086366
"565","9920_373279.5_3893784.5",13.4700002670288,373279.5,3893784.5,57,1.5,TRUE,705,22,"12:29","1:00",35.179050828,-106.391553354,2440.1177,0.0666,0.3749,0.1521,0.0666,0.3749,0.1521,"static",NA,11.3,22,0.000710523067484,0.0000000394940086366
"566","9921_373283.5_3893784.5",6.44999980926514,373283.5,3893784.5,17,4.5,TRUE,705,22,"12:29","1:00",35.179050828,-106.391553354,2440.1177,0.0666,0.3749,0.1521,0.0666,0.3749,0.1521,"static",NA,11.3,22,0.000710523067484,0.0000000394940086366
"567","10011_373304.5_3893782.5",11.6099996566772,373304.5,3893782.5,20,1.5,TRUE,705,22,"12:29","1:00",35.179050828,-106.391553354,2440.1177,0.0666,0.3749,0.1521,0.0666,0.3749,0.1521,"static",NA,11.3,22,0.000710523067484,0.0000000394940086366
"568","10061_373289.5_3893781.5",16.2900009155273,373289.5,3893781.5,79,1.5,TRUE,705,22,"12:29","1:00",35.179050828,-106.391553354,2440.1177,0.0666,0.3749,0.1521,0.0666,0.3749,0.1521,"static",NA,11.3,22,0.000710523067484,0.0000000394940086366
"569","10095_373303.5_3893780.5",11.5100002288818,373303.5,3893780.5,23,2.5,TRUE,705,22,"12:29","1:00",35.179050828,-106.391553354,2440.1177,0.0666,0.3749,0.1521,0.0666,0.3749,0.1521,"static",NA,11.3,22,0.000710523067484,0.0000000394940086366
"570","10178_373282.5_3893778.5",7.36999988555908,373282.5,3893778.5,37,1.5,TRUE,705,22,"12:29","1:00",35.179050828,-106.391553354,2440.1177,0.0666,0.3749,0.1521,0.0666,0.3749,0.1521,"static",NA,11.3,22,0.000710523067484,0.0000000394940086366
"571","10222_373301.5_3893777.5",7.6100001335144,373301.5,3893777.5,27,1.5,TRUE,705,22,"12:29","1:00",35.179050828,-106.391553354,2440.1177,0.0666,0.3749,0.1521,0.0666,0.3749,0.1521,"static",NA,11.3,22,0.000710523067484,0.0000000394940086366
"572","10298_373298.5_3893775.5",9.64999961853027,373298.5,3893775.5,67,1.5,TRUE,705,22,"12:29","1:00",35.179050828,-106.391553354,2440.1177,0.0666,0.3749,0.1521,0.0666,0.3749,0.1521,"static",NA,11.3,22,0.000710523067484,0.0000000394940086366
"573","14037_373175.5_3893689.5",7.36999988555908,373175.5,3893689.5,30,1.5,TRUE,705,21,"11:29","12:00",35.178039349,-106.392831265,2459.6187,0.5101,0.3918,0.2649,0.51,0.3918,0.2649,"static",NA,11.3,21,0.000710518457211,0.0000000394935753287
"574","14236_373171.5_3893685.5",16.6299991607666,373171.5,3893685.5,69,10.5,TRUE,705,21,"11:29","12:00",35.178039349,-106.392831265,2459.6187,0.5101,0.3918,0.2649,0.51,0.3918,0.2649,"static",NA,11.3,21,0.000710518457211,0.0000000394935753287
"575","14286_373178.5_3893684.5",3.60999989509583,373178.5,3893684.5,19,1.72934043780179,FALSE,705,21,"11:29","12:00",35.178039349,-106.392831265,2459.6187,0.5101,0.3918,0.2649,0.51,0.3918,0.2649,"static",NA,11.3,21,0.000710518457211,0.0000000394935753287
"576","14338_373166.5_3893683.5",12.0900001525879,373166.5,3893683.5,57,1.5,TRUE,705,21,"11:29","12:00",35.178039349,-106.392831265,2459.6187,0.5101,0.3918,0.2649,0.51,0.3918,0.2649,"static",NA,11.3,21,0.000710518457211,0.0000000394935753287
"577","14379_373185.5_3893682.5",13.1599998474121,373185.5,3893682.5,67,1.5,TRUE,705,21,"11:29","12:00",35.178039349,-106.392831265,2459.6187,0.5101,0.3918,0.2649,0.51,0.3918,0.2649,"static",NA,11.3,21,0.000710518457211,0.0000000394935753287
"578","14560_373177.5_3893678.5",6.42000007629395,373177.5,3893678.5,34,1.5,TRUE,705,21,"11:29","12:00",35.178039349,-106.392831265,2459.6187,0.5101,0.3918,0.2649,0.51,0.3918,0.2649,"static",NA,11.3,21,0.000710518457211,0.0000000394935753287
"579","14612_373170.5_3893677.5",3.45000004768372,373170.5,3893677.5,20,1.7395510427405,FALSE,705,21,"11:29","12:00",35.178039349,-106.392831265,2459.6187,0.5101,0.3918,0.2649,0.51,0.3918,0.2649,"static",NA,11.3,21,0.000710518457211,0.0000000394935753287
"580","14613_373188.5_3893677.5",11.1700000762939,373188.5,3893677.5,27,2.5,TRUE,705,21,"11:29","12:00",35.178039349,-106.392831265,2459.6187,0.5101,0.3918,0.2649,0.51,0.3918,0.2649,"static",NA,11.3,21,0.000710518457211,0.0000000394935753287
"581","14716_373173.5_3893675.5",3.59999990463257,373173.5,3893675.5,17,1.78719580873605,FALSE,705,21,"11:29","12:00",35.178039349,-106.392831265,2459.6187,0.5101,0.3918,0.2649,0.51,0.3918,0.2649,"static",NA,11.3,21,0.000710518457211,0.0000000394935753287
"582","14803_373160.5_3893673.5",5.92999982833862,373160.5,3893673.5,17,2.5,TRUE,705,21,"11:29","12:00",35.178039349,-106.392831265,2459.6187,0.5101,0.3918,0.2649,0.51,0.3918,0.2649,"static",NA,11.3,21,0.000710518457211,0.0000000394935753287
"583","14804_373165.5_3893673.5",3.09999990463257,373165.5,3893673.5,11,1.87368311982056,FALSE,705,21,"11:29","12:00",35.178039349,-106.392831265,2459.6187,0.5101,0.3918,0.2649,0.51,0.3918,0.2649,"static",NA,11.3,21,0.000710518457211,0.0000000394935753287
"584","14843_373169.5_3893672.5",5.5,373169.5,3893672.5,25,1.5,TRUE,705,21,"11:29","12:00",35.178039349,-106.392831265,2459.6187,0.5101,0.3918,0.2649,0.51,0.3918,0.2649,"static",NA,11.3,21,0.000710518457211,0.0000000394935753287
"585","14844_373173.5_3893672.5",3.57999992370605,373173.5,3893672.5,15,1.83084122822568,FALSE,705,21,"11:29","12:00",35.178039349,-106.392831265,2459.6187,0.5101,0.3918,0.2649,0.51,0.3918,0.2649,"static",NA,11.3,21,0.000710518457211,0.0000000394935753287
"586","14890_373161.5_3893671.5",6.32999992370605,373161.5,3893671.5,14,1.5,TRUE,705,21,"11:29","12:00",35.178039349,-106.392831265,2459.6187,0.5101,0.3918,0.2649,0.51,0.3918,0.2649,"static",NA,11.3,21,0.000710518457211,0.0000000394935753287
"587","14939_373183.5_3893670.5",17.5900001525879,373183.5,3893670.5,130,1.5,TRUE,705,21,"11:29","12:00",35.178039349,-106.392831265,2459.6187,0.5101,0.3918,0.2649,0.51,0.3918,0.2649,"static",NA,11.3,21,0.000710518457211,0.0000000394935753287
"588","15037_373167.5_3893668.5",7.42000007629395,373167.5,3893668.5,31,1.5,TRUE,705,21,"11:29","12:00",35.178039349,-106.392831265,2459.6187,0.5101,0.3918,0.2649,0.51,0.3918,0.2649,"static",NA,11.3,21,0.000710518457211,0.0000000394935753287
"589","15239_373171.5_3893664.5",13.7399997711182,373171.5,3893664.5,83,1.5,TRUE,705,21,"11:29","12:00",35.178039349,-106.392831265,2459.6187,0.5101,0.3918,0.2649,0.51,0.3918,0.2649,"static",NA,11.3,21,0.000710518457211,0.0000000394935753287
"590","15384_373179.5_3893661.5",7.6399998664856,373179.5,3893661.5,28,1.5,TRUE,705,21,"11:29","12:00",35.178039349,-106.392831265,2459.6187,0.5101,0.3918,0.2649,0.51,0.3918,0.2649,"static",NA,11.3,21,0.000710518457211,0.0000000394935753287
"591","13862_374333.5_3893670.5",5.90000009536743,374333.5,3893670.5,18,3.5,TRUE,705,23,"4:13","4:44",35.178060021,-106.379987712,2246.8589,1.3945,2.2955,7.199,1.3944,2.2953,7.1986,"static",NA,11.3,23,0.000710518457205,0.0000000394935753277
"592","13863_374352.5_3893670.5",7.90999984741211,374352.5,3893670.5,27,1.5,TRUE,705,23,"4:13","4:44",35.178060021,-106.379987712,2246.8589,1.3945,2.2955,7.199,1.3944,2.2953,7.1986,"static",NA,11.3,23,0.000710518457205,0.0000000394935753277
"593","13960_374341.5_3893668.5",25.1100006103516,374341.5,3893668.5,64,1.5,TRUE,705,23,"4:13","4:44",35.178060021,-106.379987712,2246.8589,1.3945,2.2955,7.199,1.3944,2.2953,7.1986,"static",NA,11.3,23,0.000710518457205,0.0000000394935753277
"594","13961_374355.5_3893668.5",5.84999990463257,374355.5,3893668.5,21,2.5,TRUE,705,23,"4:13","4:44",35.178060021,-106.379987712,2246.8589,1.3945,2.2955,7.199,1.3944,2.2953,7.1986,"static",NA,11.3,23,0.000710518457205,0.0000000394935753277
"595","14000_374346.5_3893667.5",23.4799995422363,374346.5,3893667.5,80,18.5,TRUE,705,23,"4:13","4:44",35.178060021,-106.379987712,2246.8589,1.3945,2.2955,7.199,1.3944,2.2953,7.1986,"static",NA,11.3,23,0.000710518457205,0.0000000394935753277
"596","14096_374338.5_3893665.5",24.7399997711182,374338.5,3893665.5,85,1.5,TRUE,705,23,"4:13","4:44",35.178060021,-106.379987712,2246.8589,1.3945,2.2955,7.199,1.3944,2.2953,7.1986,"static",NA,11.3,23,0.000710518457205,0.0000000394935753277
"597","14236_374333.5_3893662.5",7.26000022888184,374333.5,3893662.5,33,1.5,TRUE,705,23,"4:13","4:44",35.178060021,-106.379987712,2246.8589,1.3945,2.2955,7.199,1.3944,2.2953,7.1986,"static",NA,11.3,23,0.000710518457205,0.0000000394935753277
"598","14456_374350.5_3893657.5",22.2399997711182,374350.5,3893657.5,125,1.5,TRUE,705,23,"4:13","4:44",35.178060021,-106.379987712,2246.8589,1.3945,2.2955,7.199,1.3944,2.2953,7.1986,"static",NA,11.3,23,0.000710518457205,0.0000000394935753277
"599","14496_374326.5_3893656.5",26.9599990844727,374326.5,3893656.5,81,1.5,TRUE,705,23,"4:13","4:44",35.178060021,-106.379987712,2246.8589,1.3945,2.2955,7.199,1.3944,2.2953,7.1986,"static",NA,11.3,23,0.000710518457205,0.0000000394935753277
"600","14720_374334.5_3893651.5",7.78000020980835,374334.5,3893651.5,26,2.5,TRUE,705,23,"4:13","4:44",35.178060021,-106.379987712,2246.8589,1.3945,2.2955,7.199,1.3944,2.2953,7.1986,"static",NA,11.3,23,0.000710518457205,0.0000000394935753277
"601","14721_374340.5_3893651.5",15.1700000762939,374340.5,3893651.5,67,1.5,TRUE,705,23,"4:13","4:44",35.178060021,-106.379987712,2246.8589,1.3945,2.2955,7.199,1.3944,2.2953,7.1986,"static",NA,11.3,23,0.000710518457205,0.0000000394935753277
"602","14813_374344.5_3893649.5",10.3800001144409,374344.5,3893649.5,24,4.5,TRUE,705,23,"4:13","4:44",35.178060021,-106.379987712,2246.8589,1.3945,2.2955,7.199,1.3944,2.2953,7.1986,"static",NA,11.3,23,0.000710518457205,0.0000000394935753277
"603","17415_334111.5_3987730.5",25.7800006866455,334111.5,3987730.5,131,1.5,TRUE,622,10,"12:16","12:48",36.019849358,-106.84088956,2730.111,0.8756,0.4282,0.7063,0.8755,0.4282,0.7062,"static",NA,11.3,10,0.000714769354311,0.0000000399036294813
"604","17477_334104.5_3987727.5",28.1800003051758,334104.5,3987727.5,72,1.5,TRUE,622,10,"12:16","12:48",36.019849358,-106.84088956,2730.111,0.8756,0.4282,0.7063,0.8755,0.4282,0.7062,"static",NA,11.3,10,0.000714769354311,0.0000000399036294813
"605","17495_334128.5_3987726.5",12.6599998474121,334128.5,3987726.5,36,1.5,TRUE,622,10,"12:16","12:48",36.019849358,-106.84088956,2730.111,0.8756,0.4282,0.7063,0.8755,0.4282,0.7062,"static",NA,11.3,10,0.000714769354311,0.0000000399036294813
"606","17611_334104.5_3987721.5",22.3400001525879,334104.5,3987721.5,50,1.5,TRUE,622,10,"12:16","12:48",36.019849358,-106.84088956,2730.111,0.8756,0.4282,0.7063,0.8755,0.4282,0.7062,"static",NA,11.3,10,0.000714769354311,0.0000000399036294813
"607","17612_334120.5_3987721.5",13.0900001525879,334120.5,3987721.5,31,1.5,TRUE,622,10,"12:16","12:48",36.019849358,-106.84088956,2730.111,0.8756,0.4282,0.7063,0.8755,0.4282,0.7062,"static",NA,11.3,10,0.000714769354311,0.0000000399036294813
"608","17679_334125.5_3987718.5",9.73999977111816,334125.5,3987718.5,27,1.5,TRUE,622,10,"12:16","12:48",36.019849358,-106.84088956,2730.111,0.8756,0.4282,0.7063,0.8755,0.4282,0.7062,"static",NA,11.3,10,0.000714769354311,0.0000000399036294813
"609","17704_334108.5_3987717.5",25.4899997711182,334108.5,3987717.5,73,3.5,TRUE,622,10,"12:16","12:48",36.019849358,-106.84088956,2730.111,0.8756,0.4282,0.7063,0.8755,0.4282,0.7062,"static",NA,11.3,10,0.000714769354311,0.0000000399036294813
"610","17816_334129.5_3987712.5",7.09999990463257,334129.5,3987712.5,20,1.5,TRUE,622,10,"12:16","12:48",36.019849358,-106.84088956,2730.111,0.8756,0.4282,0.7063,0.8755,0.4282,0.7062,"static",NA,11.3,10,0.000714769354311,0.0000000399036294813
"611","17923_334108.5_3987707.5",23.6499996185303,334108.5,3987707.5,38,10.5,TRUE,622,10,"12:16","12:48",36.019849358,-106.84088956,2730.111,0.8756,0.4282,0.7063,0.8755,0.4282,0.7062,"static",NA,11.3,10,0.000714769354311,0.0000000399036294813
"612","17924_334121.5_3987707.5",17.1800003051758,334121.5,3987707.5,57,1.5,TRUE,622,10,"12:16","12:48",36.019849358,-106.84088956,2730.111,0.8756,0.4282,0.7063,0.8755,0.4282,0.7062,"static",NA,11.3,10,0.000714769354311,0.0000000399036294813
"613","17936_334128.5_3987706.5",15.2200002670288,334128.5,3987706.5,48,1.5,TRUE,622,10,"12:16","12:48",36.019849358,-106.84088956,2730.111,0.8756,0.4282,0.7063,0.8755,0.4282,0.7062,"static",NA,11.3,10,0.000714769354311,0.0000000399036294813
"614","17957_334113.5_3987705.5",18.7000007629395,334113.5,3987705.5,61,3.5,TRUE,622,10,"12:16","12:48",36.019849358,-106.84088956,2730.111,0.8756,0.4282,0.7063,0.8755,0.4282,0.7062,"static",NA,11.3,10,0.000714769354311,0.0000000399036294813
"615","26007_334021.5_3987369.5",13.3000001907349,334021.5,3987369.5,63,2.5,TRUE,621,7,"10:00","10:31",36.016531236,-106.841835194,2770.2379,0.7467,0.4932,0.8756,0.7467,0.4931,0.8756,"static",NA,11.3,7,0.000714751673498,0.0000000399019311685
"616","26218_334031.5_3987360.5",15.8500003814697,334031.5,3987360.5,47,6.5,TRUE,621,7,"10:00","10:31",36.016531236,-106.841835194,2770.2379,0.7467,0.4932,0.8756,0.7467,0.4931,0.8756,"static",NA,11.3,7,0.000714751673498,0.0000000399019311685
"617","26219_334035.5_3987360.5",13.9300003051758,334035.5,3987360.5,27,5.5,TRUE,621,7,"10:00","10:31",36.016531236,-106.841835194,2770.2379,0.7467,0.4932,0.8756,0.7467,0.4931,0.8756,"static",NA,11.3,7,0.000714751673498,0.0000000399019311685
"618","26241_334014.5_3987359.5",19.5599994659424,334014.5,3987359.5,106,1.5,TRUE,621,7,"10:00","10:31",36.016531236,-106.841835194,2770.2379,0.7467,0.4932,0.8756,0.7467,0.4931,0.8756,"static",NA,11.3,7,0.000714751673498,0.0000000399019311685
"619","26299_334036.5_3987356.5",13.8900003433228,334036.5,3987356.5,17,9.5,TRUE,621,7,"10:00","10:31",36.016531236,-106.841835194,2770.2379,0.7467,0.4932,0.8756,0.7467,0.4931,0.8756,"static",NA,11.3,7,0.000714751673498,0.0000000399019311685
"620","26348_334022.5_3987354.5",30.2299995422363,334022.5,3987354.5,122,1.5,TRUE,621,7,"10:00","10:31",36.016531236,-106.841835194,2770.2379,0.7467,0.4932,0.8756,0.7467,0.4931,0.8756,"static",NA,11.3,7,0.000714751673498,0.0000000399019311685
"621","26349_334032.5_3987354.5",13.7799997329712,334032.5,3987354.5,12,10.5,TRUE,621,7,"10:00","10:31",36.016531236,-106.841835194,2770.2379,0.7467,0.4932,0.8756,0.7467,0.4931,0.8756,"static",NA,11.3,7,0.000714751673498,0.0000000399019311685
"622","26369_334034.5_3987353.5",14.3400001525879,334034.5,3987353.5,23,7.5,TRUE,621,7,"10:00","10:31",36.016531236,-106.841835194,2770.2379,0.7467,0.4932,0.8756,0.7467,0.4931,0.8756,"static",NA,11.3,7,0.000714751673498,0.0000000399019311685
"623","26446_334031.5_3987349.5",18.9400005340576,334031.5,3987349.5,42,1.5,TRUE,621,7,"10:00","10:31",36.016531236,-106.841835194,2770.2379,0.7467,0.4932,0.8756,0.7467,0.4931,0.8756,"static",NA,11.3,7,0.000714751673498,0.0000000399019311685
"624","26512_334020.5_3987346.5",33.4599990844727,334020.5,3987346.5,186,20.5,TRUE,621,7,"10:00","10:31",36.016531236,-106.841835194,2770.2379,0.7467,0.4932,0.8756,0.7467,0.4931,0.8756,"static",NA,11.3,7,0.000714751673498,0.0000000399019311685
"625","26536_334032.5_3987345.5",19.0599994659424,334032.5,3987345.5,74,1.5,TRUE,621,7,"10:00","10:31",36.016531236,-106.841835194,2770.2379,0.7467,0.4932,0.8756,0.7467,0.4931,0.8756,"static",NA,11.3,7,0.000714751673498,0.0000000399019311685
"626","26632_334028.5_3987341.5",21.5,334028.5,3987341.5,57,4.5,TRUE,621,7,"10:00","10:31",36.016531236,-106.841835194,2770.2379,0.7467,0.4932,0.8756,0.7467,0.4931,0.8756,"static",NA,11.3,7,0.000714751673498,0.0000000399019311685
"627","26715_334025.5_3987337.5",19.1700000762939,334025.5,3987337.5,70,5.5,TRUE,621,7,"10:00","10:31",36.016531236,-106.841835194,2770.2379,0.7467,0.4932,0.8756,0.7467,0.4931,0.8756,"static",NA,11.3,7,0.000714751673498,0.0000000399019311685
"628","10593_333227.5_3989508.5",28.3299999237061,333227.5,3989508.5,67,4.5,TRUE,623,12,"9:36","10:07",36.035735911,-106.85111395,2863.8925,0.5248,1.0388,2.9303,0.5248,1.0387,2.9302,"static",NA,11.3,12,0.000714851540319,0.0000000399115851195
"629","10616_333240.5_3989507.5",29.8799991607666,333240.5,3989507.5,62,1.5,TRUE,623,12,"9:36","10:07",36.035735911,-106.85111395,2863.8925,0.5248,1.0388,2.9303,0.5248,1.0387,2.9302,"static",NA,11.3,12,0.000714851540319,0.0000000399115851195
"630","10641_333220.5_3989506.5",32.6800003051758,333220.5,3989506.5,70,21.5,TRUE,623,12,"9:36","10:07",36.035735911,-106.85111395,2863.8925,0.5248,1.0388,2.9303,0.5248,1.0387,2.9302,"static",NA,11.3,12,0.000714851540319,0.0000000399115851195
"631","10642_333235.5_3989506.5",30.3299999237061,333235.5,3989506.5,59,6.5,TRUE,623,12,"9:36","10:07",36.035735911,-106.85111395,2863.8925,0.5248,1.0388,2.9303,0.5248,1.0387,2.9302,"static",NA,11.3,12,0.000714851540319,0.0000000399115851195
"632","10787_333229.5_3989501.5",24.3999996185303,333229.5,3989501.5,48,5.5,TRUE,623,12,"9:36","10:07",36.035735911,-106.85111395,2863.8925,0.5248,1.0388,2.9303,0.5248,1.0387,2.9302,"static",NA,11.3,12,0.000714851540319,0.0000000399115851195
"633","10836_333222.5_3989499.5",28.7399997711182,333222.5,3989499.5,45,4.5,TRUE,623,12,"9:36","10:07",36.035735911,-106.85111395,2863.8925,0.5248,1.0388,2.9303,0.5248,1.0387,2.9302,"static",NA,11.3,12,0.000714851540319,0.0000000399115851195
"634","10837_333237.5_3989499.5",23.8500003814697,333237.5,3989499.5,42,3.5,TRUE,623,12,"9:36","10:07",36.035735911,-106.85111395,2863.8925,0.5248,1.0388,2.9303,0.5248,1.0387,2.9302,"static",NA,11.3,12,0.000714851540319,0.0000000399115851195
"635","10838_333243.5_3989499.5",24.2999992370605,333243.5,3989499.5,27,12.5,TRUE,623,12,"9:36","10:07",36.035735911,-106.85111395,2863.8925,0.5248,1.0388,2.9303,0.5248,1.0387,2.9302,"static",NA,11.3,12,0.000714851540319,0.0000000399115851195
"636","10945_333223.5_3989495.5",30.4899997711182,333223.5,3989495.5,35,2.5,TRUE,623,12,"9:36","10:07",36.035735911,-106.85111395,2863.8925,0.5248,1.0388,2.9303,0.5248,1.0387,2.9302,"static",NA,11.3,12,0.000714851540319,0.0000000399115851195
"637","10946_333241.5_3989495.5",23.0300006866455,333241.5,3989495.5,21,12.5,TRUE,623,12,"9:36","10:07",36.035735911,-106.85111395,2863.8925,0.5248,1.0388,2.9303,0.5248,1.0387,2.9302,"static",NA,11.3,12,0.000714851540319,0.0000000399115851195
"638","10971_333229.5_3989494.5",29.8999996185303,333229.5,3989494.5,48,7.5,TRUE,623,12,"9:36","10:07",36.035735911,-106.85111395,2863.8925,0.5248,1.0388,2.9303,0.5248,1.0387,2.9302,"static",NA,11.3,12,0.000714851540319,0.0000000399115851195
"639","10972_333237.5_3989494.5",20.1000003814697,333237.5,3989494.5,30,10.5,TRUE,623,12,"9:36","10:07",36.035735911,-106.85111395,2863.8925,0.5248,1.0388,2.9303,0.5248,1.0387,2.9302,"static",NA,11.3,12,0.000714851540319,0.0000000399115851195
"640","11025_333219.5_3989492.5",26.4224967956543,333219.5,3989492.5,47,2.5,TRUE,623,12,"9:36","10:07",36.035735911,-106.85111395,2863.8925,0.5248,1.0388,2.9303,0.5248,1.0387,2.9302,"static",NA,11.3,12,0.000714851540319,0.0000000399115851195
"641","11074_333232.5_3989490.5",32.6300010681152,333232.5,3989490.5,51,1.5,TRUE,623,12,"9:36","10:07",36.035735911,-106.85111395,2863.8925,0.5248,1.0388,2.9303,0.5248,1.0387,2.9302,"static",NA,11.3,12,0.000714851540319,0.0000000399115851195
"642","11200_333226.5_3989485.5",27.9699993133545,333226.5,3989485.5,63,8.5,TRUE,623,12,"9:36","10:07",36.035735911,-106.85111395,2863.8925,0.5248,1.0388,2.9303,0.5248,1.0387,2.9302,"static",NA,11.3,12,0.000714851540319,0.0000000399115851195
"643","11231_333235.5_3989484.5",27.4099998474121,333235.5,3989484.5,63,1.5,TRUE,623,12,"9:36","10:07",36.035735911,-106.85111395,2863.8925,0.5248,1.0388,2.9303,0.5248,1.0387,2.9302,"static",NA,11.3,12,0.000714851540319,0.0000000399115851195
"644","17104_333296.5_3989247.5",39.5699996948242,333296.5,3989247.5,73,9.5,TRUE,622,9,"9:33","11:03",36.033399,-106.850249939,2851.4888,0.9472,0.2301,0.5366,0.9472,0.2301,0.5366,"static",NA,11.3,9,0.000714839966317,0.0000000399104596613
"645","17149_333315.5_3989245.5",37.9700012207031,333315.5,3989245.5,91,3.5,TRUE,622,9,"9:33","11:03",36.033399,-106.850249939,2851.4888,0.9472,0.2301,0.5366,0.9472,0.2301,0.5366,"static",NA,11.3,9,0.000714839966317,0.0000000399104596613
"646","17255_333298.5_3989240.5",36.7200012207031,333298.5,3989240.5,60,18.5,TRUE,622,9,"9:33","11:03",36.033399,-106.850249939,2851.4888,0.9472,0.2301,0.5366,0.9472,0.2301,0.5366,"static",NA,11.3,9,0.000714839966317,0.0000000399104596613
"647","17283_333286.5_3989239.5",42.8300018310547,333286.5,3989239.5,141,14.5,TRUE,622,9,"9:33","11:03",36.033399,-106.850249939,2851.4888,0.9472,0.2301,0.5366,0.9472,0.2301,0.5366,"static",NA,11.3,9,0.000714839966317,0.0000000399104596613
"648","17284_333306.5_3989239.5",30.3600006103516,333306.5,3989239.5,74,3.5,TRUE,622,9,"9:33","11:03",36.033399,-106.850249939,2851.4888,0.9472,0.2301,0.5366,0.9472,0.2301,0.5366,"static",NA,11.3,9,0.000714839966317,0.0000000399104596613
"649","17351_333314.5_3989236.5",33.0499992370605,333314.5,3989236.5,76,6.5,TRUE,622,9,"9:33","11:03",36.033399,-106.850249939,2851.4888,0.9472,0.2301,0.5366,0.9472,0.2301,0.5366,"static",NA,11.3,9,0.000714839966317,0.0000000399104596613
"650","17371_333296.5_3989235.5",36.75,333296.5,3989235.5,70,12.5,TRUE,622,9,"9:33","11:03",36.033399,-106.850249939,2851.4888,0.9472,0.2301,0.5366,0.9472,0.2301,0.5366,"static",NA,11.3,9,0.000714839966317,0.0000000399104596613
"651","17394_333306.5_3989234.5",31.8799991607666,333306.5,3989234.5,49,4.5,TRUE,622,9,"9:33","11:03",36.033399,-106.850249939,2851.4888,0.9472,0.2301,0.5366,0.9472,0.2301,0.5366,"static",NA,11.3,9,0.000714839966317,0.0000000399104596613
"652","17484_333291.5_3989230.5",39.5699996948242,333291.5,3989230.5,79,11.5,TRUE,622,9,"9:33","11:03",36.033399,-106.850249939,2851.4888,0.9472,0.2301,0.5366,0.9472,0.2301,0.5366,"static",NA,11.3,9,0.000714839966317,0.0000000399104596613
"653","17510_333306.5_3989229.5",31.2199993133545,333306.5,3989229.5,67,19.5,TRUE,622,9,"9:33","11:03",36.033399,-106.850249939,2851.4888,0.9472,0.2301,0.5366,0.9472,0.2301,0.5366,"static",NA,11.3,9,0.000714839966317,0.0000000399104596613
"654","17572_333316.5_3989226.5",31.0300006866455,333316.5,3989226.5,93,2.5,TRUE,622,9,"9:33","11:03",36.033399,-106.850249939,2851.4888,0.9472,0.2301,0.5366,0.9472,0.2301,0.5366,"static",NA,11.3,9,0.000714839966317,0.0000000399104596613
"655","17673_333299.5_3989221.5",21.7000007629395,333299.5,3989221.5,59,2.5,TRUE,622,9,"9:33","11:03",36.033399,-106.850249939,2851.4888,0.9472,0.2301,0.5366,0.9472,0.2301,0.5366,"static",NA,11.3,9,0.000714839966317,0.0000000399104596613
"656","26832_333646.5_3988839.5",28.5499992370605,333646.5,3988839.5,41,10.5,TRUE,622,11,"2:08","2:39",36.029747881,-106.846367045,2816.6565,0.3462,0.5598,0.5859,0.3462,0.5598,0.5859,"static",NA,11.3,11,0.000714821205108,0.0000000399086472032
"657","26917_333641.5_3988836.5",28.4799995422363,333641.5,3988836.5,92,16.5,TRUE,622,11,"2:08","2:39",36.029747881,-106.846367045,2816.6565,0.3462,0.5598,0.5859,0.3462,0.5598,0.5859,"static",NA,11.3,11,0.000714821205108,0.0000000399086472032
"658","27057_333650.5_3988830.5",25.3299999237061,333650.5,3988830.5,84,11.5,TRUE,622,11,"2:08","2:39",36.029747881,-106.846367045,2816.6565,0.3462,0.5598,0.5859,0.3462,0.5598,0.5859,"static",NA,11.3,11,0.000714821205108,0.0000000399086472032
"659","27089_333633.5_3988829.5",24.0799999237061,333633.5,3988829.5,76,9.5,TRUE,622,11,"2:08","2:39",36.029747881,-106.846367045,2816.6565,0.3462,0.5598,0.5859,0.3462,0.5598,0.5859,"static",NA,11.3,11,0.000714821205108,0.0000000399086472032
"660","27209_333640.5_3988824.5",20.3799991607666,333640.5,3988824.5,59,6.5,TRUE,622,11,"2:08","2:39",36.029747881,-106.846367045,2816.6565,0.3462,0.5598,0.5859,0.3462,0.5598,0.5859,"static",NA,11.3,11,0.000714821205108,0.0000000399086472032
"661","27235_333635.5_3988823.5",24.5300006866455,333635.5,3988823.5,50,5.5,TRUE,622,11,"2:08","2:39",36.029747881,-106.846367045,2816.6565,0.3462,0.5598,0.5859,0.3462,0.5598,0.5859,"static",NA,11.3,11,0.000714821205108,0.0000000399086472032
"662","27236_333655.5_3988823.5",24.1000003814697,333655.5,3988823.5,82,3.5,TRUE,622,11,"2:08","2:39",36.029747881,-106.846367045,2816.6565,0.3462,0.5598,0.5859,0.3462,0.5598,0.5859,"static",NA,11.3,11,0.000714821205108,0.0000000399086472032
"663","27388_333646.5_3988817.5",18.1900005340576,333646.5,3988817.5,65,7.5,TRUE,622,11,"2:08","2:39",36.029747881,-106.846367045,2816.6565,0.3462,0.5598,0.5859,0.3462,0.5598,0.5859,"static",NA,11.3,11,0.000714821205108,0.0000000399086472032
"664","27433_333640.5_3988815.5",21.6200008392334,333640.5,3988815.5,84,1.5,TRUE,622,11,"2:08","2:39",36.029747881,-106.846367045,2816.6565,0.3462,0.5598,0.5859,0.3462,0.5598,0.5859,"static",NA,11.3,11,0.000714821205108,0.0000000399086472032
"665","3365_334735.5_3986861.5",24.75,334735.5,3986861.5,65,1.5,TRUE,621,8,"1:13","1:44",36.012154956,-106.833893023,2678.1464,0.4185,0.5353,0.7201,0.4185,0.5352,0.7201,"static",NA,11.3,8,0.000714729644123,0.000000039899808202
"666","3442_334724.5_3986858.5",30,334724.5,3986858.5,86,1.5,TRUE,621,8,"1:13","1:44",36.012154956,-106.833893023,2678.1464,0.4185,0.5353,0.7201,0.4185,0.5352,0.7201,"static",NA,11.3,8,0.000714729644123,0.000000039899808202
"667","3464_334739.5_3986857.5",25.7700004577637,334739.5,3986857.5,32,1.5,TRUE,621,8,"1:13","1:44",36.012154956,-106.833893023,2678.1464,0.4185,0.5353,0.7201,0.4185,0.5352,0.7201,"static",NA,11.3,8,0.000714729644123,0.000000039899808202
"668","3526_334744.5_3986855.5",24.6900005340576,334744.5,3986855.5,50,13.5,TRUE,621,8,"1:13","1:44",36.012154956,-106.833893023,2678.1464,0.4185,0.5353,0.7201,0.4185,0.5352,0.7201,"static",NA,11.3,8,0.000714729644123,0.000000039899808202
"669","3541_334717.5_3986854.5",17.2800006866455,334717.5,3986854.5,49,1.5,TRUE,621,8,"1:13","1:44",36.012154956,-106.833893023,2678.1464,0.4185,0.5353,0.7201,0.4185,0.5352,0.7201,"static",NA,11.3,8,0.000714729644123,0.000000039899808202
"670","3565_334731.5_3986853.5",21.0699996948242,334731.5,3986853.5,41,1.5,TRUE,621,8,"1:13","1:44",36.012154956,-106.833893023,2678.1464,0.4185,0.5353,0.7201,0.4185,0.5352,0.7201,"static",NA,11.3,8,0.000714729644123,0.000000039899808202
"671","3601_334738.5_3986852.5",27.0799999237061,334738.5,3986852.5,56,2.5,TRUE,621,8,"1:13","1:44",36.012154956,-106.833893023,2678.1464,0.4185,0.5353,0.7201,0.4185,0.5352,0.7201,"static",NA,11.3,8,0.000714729644123,0.000000039899808202
"672","3625_334724.5_3986851.5",2.17000007629395,334724.5,3986851.5,4,1.57393500045855,FALSE,621,8,"1:13","1:44",36.012154956,-106.833893023,2678.1464,0.4185,0.5353,0.7201,0.4185,0.5352,0.7201,"static",NA,11.3,8,0.000714729644123,0.000000039899808202
"673","3725_334720.5_3986847.5",17.4599990844727,334720.5,3986847.5,42,1.5,TRUE,621,8,"1:13","1:44",36.012154956,-106.833893023,2678.1464,0.4185,0.5353,0.7201,0.4185,0.5352,0.7201,"static",NA,11.3,8,0.000714729644123,0.000000039899808202
"674","3750_334736.5_3986846.5",27.1299991607666,334736.5,3986846.5,117,1.5,TRUE,621,8,"1:13","1:44",36.012154956,-106.833893023,2678.1464,0.4185,0.5353,0.7201,0.4185,0.5352,0.7201,"static",NA,11.3,8,0.000714729644123,0.000000039899808202
"675","3798_334721.5_3986844.5",19.3099994659424,334721.5,3986844.5,42,1.5,TRUE,621,8,"1:13","1:44",36.012154956,-106.833893023,2678.1464,0.4185,0.5353,0.7201,0.4185,0.5352,0.7201,"static",NA,11.3,8,0.000714729644123,0.000000039899808202
"676","3871_334729.5_3986841.5",23.1299991607666,334729.5,3986841.5,56,1.5,TRUE,621,8,"1:13","1:44",36.012154956,-106.833893023,2678.1464,0.4185,0.5353,0.7201,0.4185,0.5352,0.7201,"static",NA,11.3,8,0.000714729644123,0.000000039899808202
"677","20777_339494.5_3956641.5",4.86999988555908,339494.5,3956641.5,13,1.5,TRUE,725,53,"11:23","11:54",35.740588997,-106.775047199,1991.0706,0.3877,0.0855,0.0746,0.3877,0.0855,0.00746,"static",NA,11.3,53,0.000713338743664,0.0000000397657674996
"678","20843_339483.5_3956640.5",7.28999996185303,339483.5,3956640.5,31,1.5,TRUE,725,53,"11:23","11:54",35.740588997,-106.775047199,1991.0706,0.3877,0.0855,0.0746,0.3877,0.0855,0.00746,"static",NA,11.3,53,0.000713338743664,0.0000000397657674996
"679","20906_339491.5_3956639.5",4.32999992370605,339491.5,3956639.5,13,1.5,TRUE,725,53,"11:23","11:54",35.740588997,-106.775047199,1991.0706,0.3877,0.0855,0.0746,0.3877,0.0855,0.00746,"static",NA,11.3,53,0.000713338743664,0.0000000397657674996
"680","20959_339488.5_3956638.5",5.03999996185303,339488.5,3956638.5,21,1.5,TRUE,725,53,"11:23","11:54",35.740588997,-106.775047199,1991.0706,0.3877,0.0855,0.0746,0.3877,0.0855,0.00746,"static",NA,11.3,53,0.000713338743664,0.0000000397657674996
"681","21016_339496.5_3956637.5",4.15000009536743,339496.5,3956637.5,13,1.5,TRUE,725,53,"11:23","11:54",35.740588997,-106.775047199,1991.0706,0.3877,0.0855,0.0746,0.3877,0.0855,0.00746,"static",NA,11.3,53,0.000713338743664,0.0000000397657674996
"682","21017_339498.5_3956637.5",5.01999998092651,339498.5,3956637.5,14,1.5,TRUE,725,53,"11:23","11:54",35.740588997,-106.775047199,1991.0706,0.3877,0.0855,0.0746,0.3877,0.0855,0.00746,"static",NA,11.3,53,0.000713338743664,0.0000000397657674996
"683","21079_339484.5_3956636.5",3.69000005722046,339484.5,3956636.5,9,1.66440544498286,FALSE,725,53,"11:23","11:54",35.740588997,-106.775047199,1991.0706,0.3877,0.0855,0.0746,0.3877,0.0855,0.00746,"static",NA,11.3,53,0.000713338743664,0.0000000397657674996
"684","21251_339494.5_3956633.5",7.8899998664856,339494.5,3956633.5,31,1.5,TRUE,725,53,"11:23","11:54",35.740588997,-106.775047199,1991.0706,0.3877,0.0855,0.0746,0.3877,0.0855,0.00746,"static",NA,11.3,53,0.000713338743664,0.0000000397657674996
"685","21307_339479.5_3956632.5",9.18000030517578,339479.5,3956632.5,35,7.5,TRUE,725,53,"11:23","11:54",35.740588997,-106.775047199,1991.0706,0.3877,0.0855,0.0746,0.3877,0.0855,0.00746,"static",NA,11.3,53,0.000713338743664,0.0000000397657674996
"686","21365_339483.5_3956631.5",5.40000009536743,339483.5,3956631.5,12,2.5,TRUE,725,53,"11:23","11:54",35.740588997,-106.775047199,1991.0706,0.3877,0.0855,0.0746,0.3877,0.0855,0.00746,"static",NA,11.3,53,0.000713338743664,0.0000000397657674996
"687","21366_339502.5_3956631.5",7.42999982833862,339502.5,3956631.5,29,1.5,TRUE,725,53,"11:23","11:54",35.740588997,-106.775047199,1991.0706,0.3877,0.0855,0.0746,0.3877,0.0855,0.00746,"static",NA,11.3,53,0.000713338743664,0.0000000397657674996
"688","21545_339495.5_3956628.5",10.9200000762939,339495.5,3956628.5,54,1.5,TRUE,725,53,"11:23","11:54",35.740588997,-106.775047199,1991.0706,0.3877,0.0855,0.0746,0.3877,0.0855,0.00746,"static",NA,11.3,53,0.000713338743664,0.0000000397657674996
"689","21617_339480.5_3956627.5",9.36999988555908,339480.5,3956627.5,35,1.5,TRUE,725,53,"11:23","11:54",35.740588997,-106.775047199,1991.0706,0.3877,0.0855,0.0746,0.3877,0.0855,0.00746,"static",NA,11.3,53,0.000713338743664,0.0000000397657674996
"690","21733_339487.5_3956625.5",7.26000022888184,339487.5,3956625.5,16,1.5,TRUE,725,53,"11:23","11:54",35.740588997,-106.775047199,1991.0706,0.3877,0.0855,0.0746,0.3877,0.0855,0.00746,"static",NA,11.3,53,0.000713338743664,0.0000000397657674996
"691","21798_339484.5_3956624.5",3.85999989509583,339484.5,3956624.5,21,1.55822481820518,FALSE,725,53,"11:23","11:54",35.740588997,-106.775047199,1991.0706,0.3877,0.0855,0.0746,0.3877,0.0855,0.00746,"static",NA,11.3,53,0.000713338743664,0.0000000397657674996
"692","21799_339501.5_3956624.5",9.63000011444092,339501.5,3956624.5,37,1.5,TRUE,725,53,"11:23","11:54",35.740588997,-106.775047199,1991.0706,0.3877,0.0855,0.0746,0.3877,0.0855,0.00746,"static",NA,11.3,53,0.000713338743664,0.0000000397657674996
"693","21864_339496.5_3956623.5",9.10999965667725,339496.5,3956623.5,40,1.5,TRUE,725,53,"11:23","11:54",35.740588997,-106.775047199,1991.0706,0.3877,0.0855,0.0746,0.3877,0.0855,0.00746,"static",NA,11.3,53,0.000713338743664,0.0000000397657674996
"694","22109_339478.5_3956619.5",6.71000003814697,339478.5,3956619.5,21,1.5,TRUE,725,53,"11:23","11:54",35.740588997,-106.775047199,1991.0706,0.3877,0.0855,0.0746,0.3877,0.0855,0.00746,"static",NA,11.3,53,0.000713338743664,0.0000000397657674996
"695","22110_339484.5_3956619.5",7.30999994277954,339484.5,3956619.5,20,1.5,TRUE,725,53,"11:23","11:54",35.740588997,-106.775047199,1991.0706,0.3877,0.0855,0.0746,0.3877,0.0855,0.00746,"static",NA,11.3,53,0.000713338743664,0.0000000397657674996
"696","22165_339486.5_3956618.5",7.53999996185303,339486.5,3956618.5,21,4.5,TRUE,725,53,"11:23","11:54",35.740588997,-106.775047199,1991.0706,0.3877,0.0855,0.0746,0.3877,0.0855,0.00746,"static",NA,11.3,53,0.000713338743664,0.0000000397657674996
"697","22275_339489.5_3956616.5",8.22000026702881,339489.5,3956616.5,19,1.5,TRUE,725,53,"11:23","11:54",35.740588997,-106.775047199,1991.0706,0.3877,0.0855,0.0746,0.3877,0.0855,0.00746,"static",NA,11.3,53,0.000713338743664,0.0000000397657674996
"698","22335_339491.5_3956615.5",8.40999984741211,339491.5,3956615.5,27,1.5,TRUE,725,53,"11:23","11:54",35.740588997,-106.775047199,1991.0706,0.3877,0.0855,0.0746,0.3877,0.0855,0.00746,"static",NA,11.3,53,0.000713338743664,0.0000000397657674996
"699","24319_339433.5_3956580.5",4.92999982833862,339433.5,3956580.5,22,2.5,TRUE,726,57,"9:33","10:04",35.74003321,-106.775553844,2001.14,0.0306,0.0435,0.0359,0.0306,0.0435,0.0359,"static",NA,11.3,57,0.00071333538435,0.0000000397654444785
"700","24320_339441.5_3956580.5",7.25,339441.5,3956580.5,22,1.5,TRUE,726,57,"9:33","10:04",35.74003321,-106.775553844,2001.14,0.0306,0.0435,0.0359,0.0306,0.0435,0.0359,"static",NA,11.3,57,0.00071333538435,0.0000000397654444785
"701","24369_339438.5_3956579.5",5.76000022888184,339438.5,3956579.5,19,2.5,TRUE,726,57,"9:33","10:04",35.74003321,-106.775553844,2001.14,0.0306,0.0435,0.0359,0.0306,0.0435,0.0359,"static",NA,11.3,57,0.00071333538435,0.0000000397654444785
"702","24370_339445.5_3956579.5",5.34000015258789,339445.5,3956579.5,16,1.5,TRUE,726,57,"9:33","10:04",35.74003321,-106.775553844,2001.14,0.0306,0.0435,0.0359,0.0306,0.0435,0.0359,"static",NA,11.3,57,0.00071333538435,0.0000000397654444785
"703","24479_339440.5_3956577.5",6.17999982833862,339440.5,3956577.5,18,2.5,TRUE,726,57,"9:33","10:04",35.74003321,-106.775553844,2001.14,0.0306,0.0435,0.0359,0.0306,0.0435,0.0359,"static",NA,11.3,57,0.00071333538435,0.0000000397654444785
"704","24541_339449.5_3956576.5",7.69999980926514,339449.5,3956576.5,24,1.5,TRUE,726,57,"9:33","10:04",35.74003321,-106.775553844,2001.14,0.0306,0.0435,0.0359,0.0306,0.0435,0.0359,"static",NA,11.3,57,0.00071333538435,0.0000000397654444785
"705","24594_339445.5_3956575.5",7.01000022888184,339445.5,3956575.5,25,1.5,TRUE,726,57,"9:33","10:04",35.74003321,-106.775553844,2001.14,0.0306,0.0435,0.0359,0.0306,0.0435,0.0359,"static",NA,11.3,57,0.00071333538435,0.0000000397654444785
"706","24767_339429.5_3956572.5",5.73999977111816,339429.5,3956572.5,38,2.5,TRUE,726,57,"9:33","10:04",35.74003321,-106.775553844,2001.14,0.0306,0.0435,0.0359,0.0306,0.0435,0.0359,"static",NA,11.3,57,0.00071333538435,0.0000000397654444785
"707","24867_339442.5_3956570.5",2.51999998092651,339442.5,3956570.5,6,1.63212438433496,FALSE,726,57,"9:33","10:04",35.74003321,-106.775553844,2001.14,0.0306,0.0435,0.0359,0.0306,0.0435,0.0359,"static",NA,11.3,57,0.00071333538435,0.0000000397654444785
"708","24988_339431.5_3956568.5",4.09000015258789,339431.5,3956568.5,11,1.5,TRUE,726,57,"9:33","10:04",35.74003321,-106.775553844,2001.14,0.0306,0.0435,0.0359,0.0306,0.0435,0.0359,"static",NA,11.3,57,0.00071333538435,0.0000000397654444785
"709","25037_339437.5_3956567.5",7.09999990463257,339437.5,3956567.5,31,1.5,TRUE,726,57,"9:33","10:04",35.74003321,-106.775553844,2001.14,0.0306,0.0435,0.0359,0.0306,0.0435,0.0359,"static",NA,11.3,57,0.00071333538435,0.0000000397654444785
"710","25038_339450.5_3956567.5",8.15999984741211,339450.5,3956567.5,19,1.5,TRUE,726,57,"9:33","10:04",35.74003321,-106.775553844,2001.14,0.0306,0.0435,0.0359,0.0306,0.0435,0.0359,"static",NA,11.3,57,0.00071333538435,0.0000000397654444785
"711","25093_339432.5_3956566.5",5.19999980926514,339432.5,3956566.5,13,1.5,TRUE,726,57,"9:33","10:04",35.74003321,-106.775553844,2001.14,0.0306,0.0435,0.0359,0.0306,0.0435,0.0359,"static",NA,11.3,57,0.00071333538435,0.0000000397654444785
"712","25147_339435.5_3956565.5",6.69000005722046,339435.5,3956565.5,10,5.5,TRUE,726,57,"9:33","10:04",35.74003321,-106.775553844,2001.14,0.0306,0.0435,0.0359,0.0306,0.0435,0.0359,"static",NA,11.3,57,0.00071333538435,0.0000000397654444785
"713","25148_339449.5_3956565.5",8.02999973297119,339449.5,3956565.5,19,1.5,TRUE,726,57,"9:33","10:04",35.74003321,-106.775553844,2001.14,0.0306,0.0435,0.0359,0.0306,0.0435,0.0359,"static",NA,11.3,57,0.00071333538435,0.0000000397654444785
"714","25216_339437.5_3956564.5",6.69000005722046,339437.5,3956564.5,20,1.5,TRUE,726,57,"9:33","10:04",35.74003321,-106.775553844,2001.14,0.0306,0.0435,0.0359,0.0306,0.0435,0.0359,"static",NA,11.3,57,0.00071333538435,0.0000000397654444785
"715","25324_339430.5_3956562.5",2.53999996185303,339430.5,3956562.5,5,1.64507774020935,FALSE,726,57,"9:33","10:04",35.74003321,-106.775553844,2001.14,0.0306,0.0435,0.0359,0.0306,0.0435,0.0359,"static",NA,11.3,57,0.00071333538435,0.0000000397654444785
"716","25325_339446.5_3956562.5",3.08999991416931,339446.5,3956562.5,17,1.5,TRUE,726,57,"9:33","10:04",35.74003321,-106.775553844,2001.14,0.0306,0.0435,0.0359,0.0306,0.0435,0.0359,"static",NA,11.3,57,0.00071333538435,0.0000000397654444785
"717","25400_339434.5_3956561.5",3.94000005722046,339434.5,3956561.5,13,1.52839497268763,FALSE,726,57,"9:33","10:04",35.74003321,-106.775553844,2001.14,0.0306,0.0435,0.0359,0.0306,0.0435,0.0359,"static",NA,11.3,57,0.00071333538435,0.0000000397654444785
"718","25447_339443.5_3956560.5",8.05000019073486,339443.5,3956560.5,34,1.5,TRUE,726,57,"9:33","10:04",35.74003321,-106.775553844,2001.14,0.0306,0.0435,0.0359,0.0306,0.0435,0.0359,"static",NA,11.3,57,0.00071333538435,0.0000000397654444785
"719","25515_339451.5_3956559.5",4.26000022888184,339451.5,3956559.5,19,1.5,TRUE,726,57,"9:33","10:04",35.74003321,-106.775553844,2001.14,0.0306,0.0435,0.0359,0.0306,0.0435,0.0359,"static",NA,11.3,57,0.00071333538435,0.0000000397654444785
"720","25683_339437.5_3956556.5",7.63000011444092,339437.5,3956556.5,37,3.5,TRUE,726,57,"9:33","10:04",35.74003321,-106.775553844,2001.14,0.0306,0.0435,0.0359,0.0306,0.0435,0.0359,"static",NA,11.3,57,0.00071333538435,0.0000000397654444785
"721","25684_339446.5_3956556.5",3.76999998092651,339446.5,3956556.5,11,1.58950460352308,FALSE,726,57,"9:33","10:04",35.74003321,-106.775553844,2001.14,0.0306,0.0435,0.0359,0.0306,0.0435,0.0359,"static",NA,11.3,57,0.00071333538435,0.0000000397654444785
"722","36746_339399.5_3956366.5",2.21000003814697,339399.5,3956366.5,3,1.43134721386573,FALSE,726,58,"11:36","12:07",35.738112181,-106.776004075,2027.2665,0.0329,0.03,0.0421,0.0329,0.03,0.0421,"static",NA,11.3,58,0.000713325672047,0.0000000397644966856
"723","36870_339390.5_3956364.5",2.89000010490417,339390.5,3956364.5,9,1.63911890662239,FALSE,726,58,"11:36","12:07",35.738112181,-106.776004075,2027.2665,0.0329,0.03,0.0421,0.0329,0.03,0.0421,"static",NA,11.3,58,0.000713325672047,0.0000000397644966856
"724","36871_339397.5_3956364.5",3.0699999332428,339397.5,3956364.5,8,1.60328305373548,FALSE,726,58,"11:36","12:07",35.738112181,-106.776004075,2027.2665,0.0329,0.03,0.0421,0.0329,0.03,0.0421,"static",NA,11.3,58,0.000713325672047,0.0000000397644966856
"725","36940_339399.5_3956363.5",2.46000003814697,339399.5,3956363.5,4,1.59326431671179,FALSE,726,58,"11:36","12:07",35.738112181,-106.776004075,2027.2665,0.0329,0.03,0.0421,0.0329,0.03,0.0421,"static",NA,11.3,58,0.000713325672047,0.0000000397644966856
"726","37172_339401.5_3956359.5",2.35999989509583,339401.5,3956359.5,5,1.52849738292366,FALSE,726,58,"11:36","12:07",35.738112181,-106.776004075,2027.2665,0.0329,0.03,0.0421,0.0329,0.03,0.0421,"static",NA,11.3,58,0.000713325672047,0.0000000397644966856
"727","37236_339399.5_3956358.5",2.1800000667572,339399.5,3956358.5,3,1.41191718005415,FALSE,726,58,"11:36","12:07",35.738112181,-106.776004075,2027.2665,0.0329,0.03,0.0421,0.0329,0.03,0.0421,"static",NA,11.3,58,0.000713325672047,0.0000000397644966856
"728","37293_339405.5_3956357.5",3.57999992370605,339405.5,3956357.5,6,1.67006261269797,FALSE,726,58,"11:36","12:07",35.738112181,-106.776004075,2027.2665,0.0329,0.03,0.0421,0.0329,0.03,0.0421,"static",NA,11.3,58,0.000713325672047,0.0000000397644966856
"729","37294_339407.5_3956357.5",2.66000008583069,339407.5,3956357.5,2,1.72279802987187,FALSE,726,58,"11:36","12:07",35.738112181,-106.776004075,2027.2665,0.0329,0.03,0.0421,0.0329,0.03,0.0421,"static",NA,11.3,58,0.000713325672047,0.0000000397644966856
"730","37423_339409.5_3956355.5",3.21000003814697,339409.5,3956355.5,12,1.62819757065311,FALSE,726,58,"11:36","12:07",35.738112181,-106.776004075,2027.2665,0.0329,0.03,0.0421,0.0329,0.03,0.0421,"static",NA,11.3,58,0.000713325672047,0.0000000397644966856
"731","37468_339404.5_3956354.5",2.73000001907349,339404.5,3956354.5,7,1.64166068783314,FALSE,726,58,"11:36","12:07",35.738112181,-106.776004075,2027.2665,0.0329,0.03,0.0421,0.0329,0.03,0.0421,"static",NA,11.3,58,0.000713325672047,0.0000000397644966856
"732","37521_339387.5_3956353.5",3.85999989509583,339387.5,3956353.5,12,1.65744403393881,FALSE,726,58,"11:36","12:07",35.738112181,-106.776004075,2027.2665,0.0329,0.03,0.0421,0.0329,0.03,0.0421,"static",NA,11.3,58,0.000713325672047,0.0000000397644966856
"733","37522_339409.5_3956353.5",2.92000007629395,339409.5,3956353.5,3,1.89119181065512,FALSE,726,58,"11:36","12:07",35.738112181,-106.776004075,2027.2665,0.0329,0.03,0.0421,0.0329,0.03,0.0421,"static",NA,11.3,58,0.000713325672047,0.0000000397644966856
"734","37583_339405.5_3956352.5",2.54999995231628,339405.5,3956352.5,5,1.65155441814654,FALSE,726,58,"11:36","12:07",35.738112181,-106.776004075,2027.2665,0.0329,0.03,0.0421,0.0329,0.03,0.0421,"static",NA,11.3,58,0.000713325672047,0.0000000397644966856
"735","37701_339391.5_3956350.5",3.10999989509583,339391.5,3956350.5,10,1.61190086642605,FALSE,726,58,"11:36","12:07",35.738112181,-106.776004075,2027.2665,0.0329,0.03,0.0421,0.0329,0.03,0.0421,"static",NA,11.3,58,0.000713325672047,0.0000000397644966856
"736","37702_339396.5_3956350.5",2.20000004768372,339396.5,3956350.5,3,1.42487053592854,FALSE,726,58,"11:36","12:07",35.738112181,-106.776004075,2027.2665,0.0329,0.03,0.0421,0.0329,0.03,0.0421,"static",NA,11.3,58,0.000713325672047,0.0000000397644966856
"737","37703_339403.5_3956350.5",2.07999992370605,339403.5,3956350.5,4,1.34715024626602,FALSE,726,58,"11:36","12:07",35.738112181,-106.776004075,2027.2665,0.0329,0.03,0.0421,0.0329,0.03,0.0421,"static",NA,11.3,58,0.000713325672047,0.0000000397644966856
"738","37770_339388.5_3956349.5",3.01999998092651,339388.5,3956349.5,11,1.61512747842574,FALSE,726,58,"11:36","12:07",35.738112181,-106.776004075,2027.2665,0.0329,0.03,0.0421,0.0329,0.03,0.0421,"static",NA,11.3,58,0.000713325672047,0.0000000397644966856
"739","38150_339392.5_3956343.5",3.34999990463257,339392.5,3956343.5,10,1.60000731420198,FALSE,726,58,"11:36","12:07",35.738112181,-106.776004075,2027.2665,0.0329,0.03,0.0421,0.0329,0.03,0.0421,"static",NA,11.3,58,0.000713325672047,0.0000000397644966856
"740","43030_339332.5_3956262.5",5.34999990463257,339332.5,3956262.5,26,1.5,TRUE,727,62,"10:09","10:39",35.737129519,-106.776651166,2029.3773,0.4832,1.0991,0.4068,0.4832,1.0991,0.4067,"static",NA,11.3,62,0.000713320600395,0.0000000397640028479
"741","43211_339339.5_3956259.5",8.59000015258789,339339.5,3956259.5,48,1.5,TRUE,727,62,"10:09","10:39",35.737129519,-106.776651166,2029.3773,0.4832,1.0991,0.4068,0.4832,1.0991,0.4067,"static",NA,11.3,62,0.000713320600395,0.0000000397640028479
"742","43383_339336.5_3956256.5",7.42999982833862,339336.5,3956256.5,28,1.5,TRUE,727,62,"10:09","10:39",35.737129519,-106.776651166,2029.3773,0.4832,1.0991,0.4068,0.4832,1.0991,0.4067,"static",NA,11.3,62,0.000713320600395,0.0000000397640028479
"743","43517_339325.5_3956254.5",5.59000015258789,339325.5,3956254.5,18,1.5,TRUE,727,62,"10:09","10:39",35.737129519,-106.776651166,2029.3773,0.4832,1.0991,0.4068,0.4832,1.0991,0.4067,"static",NA,11.3,62,0.000713320600395,0.0000000397640028479
"744","43518_339327.5_3956254.5",5.3899998664856,339327.5,3956254.5,24,1.5,TRUE,727,62,"10:09","10:39",35.737129519,-106.776651166,2029.3773,0.4832,1.0991,0.4068,0.4832,1.0991,0.4067,"static",NA,11.3,62,0.000713320600395,0.0000000397640028479
"745","43519_339347.5_3956254.5",4.46999979019165,339347.5,3956254.5,13,1.5,TRUE,727,62,"10:09","10:39",35.737129519,-106.776651166,2029.3773,0.4832,1.0991,0.4068,0.4832,1.0991,0.4067,"static",NA,11.3,62,0.000713320600395,0.0000000397640028479
"746","43578_339335.5_3956253.5",7,339335.5,3956253.5,35,1.5,TRUE,727,62,"10:09","10:39",35.737129519,-106.776651166,2029.3773,0.4832,1.0991,0.4068,0.4832,1.0991,0.4067,"static",NA,11.3,62,0.000713320600395,0.0000000397640028479
"747","43756_339332.5_3956250.5",5.65999984741211,339332.5,3956250.5,18,1.5,TRUE,727,62,"10:09","10:39",35.737129519,-106.776651166,2029.3773,0.4832,1.0991,0.4068,0.4832,1.0991,0.4067,"static",NA,11.3,62,0.000713320600395,0.0000000397640028479
"748","43803_339325.5_3956249.5",5.17999982833862,339325.5,3956249.5,24,1.5,TRUE,727,62,"10:09","10:39",35.737129519,-106.776651166,2029.3773,0.4832,1.0991,0.4068,0.4832,1.0991,0.4067,"static",NA,11.3,62,0.000713320600395,0.0000000397640028479
"749","43937_339331.5_3956247.5",6.13000011444092,339331.5,3956247.5,19,2.5,TRUE,727,62,"10:09","10:39",35.737129519,-106.776651166,2029.3773,0.4832,1.0991,0.4068,0.4832,1.0991,0.4067,"static",NA,11.3,62,0.000713320600395,0.0000000397640028479
"750","44060_339327.5_3956245.5",7.26000022888184,339327.5,3956245.5,20,1.5,TRUE,727,62,"10:09","10:39",35.737129519,-106.776651166,2029.3773,0.4832,1.0991,0.4068,0.4832,1.0991,0.4067,"static",NA,11.3,62,0.000713320600395,0.0000000397640028479
"751","44061_339348.5_3956245.5",3.53999996185303,339348.5,3956245.5,10,1.57712813133303,FALSE,727,62,"10:09","10:39",35.737129519,-106.776651166,2029.3773,0.4832,1.0991,0.4068,0.4832,1.0991,0.4067,"static",NA,11.3,62,0.000713320600395,0.0000000397640028479
"752","44119_339334.5_3956244.5",6.82999992370605,339334.5,3956244.5,18,1.5,TRUE,727,62,"10:09","10:39",35.737129519,-106.776651166,2029.3773,0.4832,1.0991,0.4068,0.4832,1.0991,0.4067,"static",NA,11.3,62,0.000713320600395,0.0000000397640028479
"753","44174_339337.5_3956243.5",6.71999979019165,339337.5,3956243.5,31,2.5,TRUE,727,62,"10:09","10:39",35.737129519,-106.776651166,2029.3773,0.4832,1.0991,0.4068,0.4832,1.0991,0.4067,"static",NA,11.3,62,0.000713320600395,0.0000000397640028479
"754","44175_339342.5_3956243.5",7.21000003814697,339342.5,3956243.5,50,2.5,TRUE,727,62,"10:09","10:39",35.737129519,-106.776651166,2029.3773,0.4832,1.0991,0.4068,0.4832,1.0991,0.4067,"static",NA,11.3,62,0.000713320600395,0.0000000397640028479
"755","44243_339348.5_3956242.5",4.73000001907349,339348.5,3956242.5,11,1.5,TRUE,727,62,"10:09","10:39",35.737129519,-106.776651166,2029.3773,0.4832,1.0991,0.4068,0.4832,1.0991,0.4067,"static",NA,11.3,62,0.000713320600395,0.0000000397640028479
"756","44294_339326.5_3956241.5",2.25,339326.5,3956241.5,5,1.45725392561451,FALSE,727,62,"10:09","10:39",35.737129519,-106.776651166,2029.3773,0.4832,1.0991,0.4068,0.4832,1.0991,0.4067,"static",NA,11.3,62,0.000713320600395,0.0000000397640028479
"757","44355_339334.5_3956240.5",7.86999988555908,339334.5,3956240.5,20,1.5,TRUE,727,62,"10:09","10:39",35.737129519,-106.776651166,2029.3773,0.4832,1.0991,0.4068,0.4832,1.0991,0.4067,"static",NA,11.3,62,0.000713320600395,0.0000000397640028479
"758","44356_339346.5_3956240.5",4.78000020980835,339346.5,3956240.5,17,2.5,TRUE,727,62,"10:09","10:39",35.737129519,-106.776651166,2029.3773,0.4832,1.0991,0.4068,0.4832,1.0991,0.4067,"static",NA,11.3,62,0.000713320600395,0.0000000397640028479
"759","44501_339334.5_3956237.5",5.8600001335144,339334.5,3956237.5,15,2.5,TRUE,727,62,"10:09","10:39",35.737129519,-106.776651166,2029.3773,0.4832,1.0991,0.4068,0.4832,1.0991,0.4067,"static",NA,11.3,62,0.000713320600395,0.0000000397640028479
"760","44502_339340.5_3956237.5",7.13000011444092,339340.5,3956237.5,34,1.5,TRUE,727,62,"10:09","10:39",35.737129519,-106.776651166,2029.3773,0.4832,1.0991,0.4068,0.4832,1.0991,0.4067,"static",NA,11.3,62,0.000713320600395,0.0000000397640028479
"761","44578_339329.5_3956236.5",7.34000015258789,339329.5,3956236.5,30,1.5,TRUE,727,62,"10:09","10:39",35.737129519,-106.776651166,2029.3773,0.4832,1.0991,0.4068,0.4832,1.0991,0.4067,"static",NA,11.3,62,0.000713320600395,0.0000000397640028479
"762","44579_339337.5_3956236.5",6.78999996185303,339337.5,3956236.5,15,2.5,TRUE,727,62,"10:09","10:39",35.737129519,-106.776651166,2029.3773,0.4832,1.0991,0.4068,0.4832,1.0991,0.4067,"static",NA,11.3,62,0.000713320600395,0.0000000397640028479
"763","54925_339431.5_3956060.5",8.21000003814697,339431.5,3956060.5,22,1.5,TRUE,727,63,"12:10","12:41",35.735336255,-106.775581049,2033.1917,0.0597,0.063,0.1175,0.0597,0.063,0.1175,"static",NA,11.3,63,0.000713312401781,0.0000000397632209857
"764","55046_339427.5_3956058.5",6.96000003814697,339427.5,3956058.5,24,5.5,TRUE,727,63,"12:10","12:41",35.735336255,-106.775581049,2033.1917,0.0597,0.063,0.1175,0.0597,0.063,0.1175,"static",NA,11.3,63,0.000713312401781,0.0000000397632209857
"765","55088_339422.5_3956057.5",7.46000003814697,339422.5,3956057.5,21,1.5,TRUE,727,63,"12:10","12:41",35.735336255,-106.775581049,2033.1917,0.0597,0.063,0.1175,0.0597,0.063,0.1175,"static",NA,11.3,63,0.000713312401781,0.0000000397632209857
"766","55196_339430.5_3956055.5",7.94000005722046,339430.5,3956055.5,26,1.5,TRUE,727,63,"12:10","12:41",35.735336255,-106.775581049,2033.1917,0.0597,0.063,0.1175,0.0597,0.063,0.1175,"static",NA,11.3,63,0.000713312401781,0.0000000397632209857
"767","55197_339436.5_3956055.5",3.30999994277954,339436.5,3956055.5,2,1.84244859077306,FALSE,727,63,"12:10","12:41",35.735336255,-106.775581049,2033.1917,0.0597,0.063,0.1175,0.0597,0.063,0.1175,"static",NA,11.3,63,0.000713312401781,0.0000000397632209857
"768","55341_339418.5_3956052.5",5.82999992370605,339418.5,3956052.5,13,4.5,TRUE,727,63,"12:10","12:41",35.735336255,-106.775581049,2033.1917,0.0597,0.063,0.1175,0.0597,0.063,0.1175,"static",NA,11.3,63,0.000713312401781,0.0000000397632209857
"769","55342_339437.5_3956052.5",3.15000009536743,339437.5,3956052.5,7,1.59906692383859,FALSE,727,63,"12:10","12:41",35.735336255,-106.775581049,2033.1917,0.0597,0.063,0.1175,0.0597,0.063,0.1175,"static",NA,11.3,63,0.000713312401781,0.0000000397632209857
"770","55464_339425.5_3956050.5",6.84000015258789,339425.5,3956050.5,24,5.5,TRUE,727,63,"12:10","12:41",35.735336255,-106.775581049,2033.1917,0.0597,0.063,0.1175,0.0597,0.063,0.1175,"static",NA,11.3,63,0.000713312401781,0.0000000397632209857
"771","55465_339432.5_3956050.5",10.1199998855591,339432.5,3956050.5,42,1.5,TRUE,727,63,"12:10","12:41",35.735336255,-106.775581049,2033.1917,0.0597,0.063,0.1175,0.0597,0.063,0.1175,"static",NA,11.3,63,0.000713312401781,0.0000000397632209857
"772","55466_339440.5_3956050.5",3.69000005722046,339440.5,3956050.5,12,1.58655082285689,FALSE,727,63,"12:10","12:41",35.735336255,-106.775581049,2033.1917,0.0597,0.063,0.1175,0.0597,0.063,0.1175,"static",NA,11.3,63,0.000713312401781,0.0000000397632209857
"773","55510_339419.5_3956049.5",7.6100001335144,339419.5,3956049.5,17,1.5,TRUE,727,63,"12:10","12:41",35.735336255,-106.775581049,2033.1917,0.0597,0.063,0.1175,0.0597,0.063,0.1175,"static",NA,11.3,63,0.000713312401781,0.0000000397632209857
"774","55511_339422.5_3956049.5",6.57000017166138,339422.5,3956049.5,15,1.5,TRUE,727,63,"12:10","12:41",35.735336255,-106.775581049,2033.1917,0.0597,0.063,0.1175,0.0597,0.063,0.1175,"static",NA,11.3,63,0.000713312401781,0.0000000397632209857
"775","55609_339425.5_3956047.5",6.98999977111816,339425.5,3956047.5,26,5.5,TRUE,727,63,"12:10","12:41",35.735336255,-106.775581049,2033.1917,0.0597,0.063,0.1175,0.0597,0.063,0.1175,"static",NA,11.3,63,0.000713312401781,0.0000000397632209857
"776","55717_339419.5_3956045.5",5.59000015258789,339419.5,3956045.5,15,1.5,TRUE,727,63,"12:10","12:41",35.735336255,-106.775581049,2033.1917,0.0597,0.063,0.1175,0.0597,0.063,0.1175,"static",NA,11.3,63,0.000713312401781,0.0000000397632209857
"777","55718_339431.5_3956045.5",6.92999982833862,339431.5,3956045.5,25,1.5,TRUE,727,63,"12:10","12:41",35.735336255,-106.775581049,2033.1917,0.0597,0.063,0.1175,0.0597,0.063,0.1175,"static",NA,11.3,63,0.000713312401781,0.0000000397632209857
"778","55851_339419.5_3956042.5",6.1399998664856,339419.5,3956042.5,19,1.5,TRUE,727,63,"12:10","12:41",35.735336255,-106.775581049,2033.1917,0.0597,0.063,0.1175,0.0597,0.063,0.1175,"static",NA,11.3,63,0.000713312401781,0.0000000397632209857
"779","55852_339422.5_3956042.5",4.76999998092651,339422.5,3956042.5,13,1.5,TRUE,727,63,"12:10","12:41",35.735336255,-106.775581049,2033.1917,0.0597,0.063,0.1175,0.0597,0.063,0.1175,"static",NA,11.3,63,0.000713312401781,0.0000000397632209857
"780","55853_339436.5_3956042.5",5.67000007629395,339436.5,3956042.5,28,1.5,TRUE,727,63,"12:10","12:41",35.735336255,-106.775581049,2033.1917,0.0597,0.063,0.1175,0.0597,0.063,0.1175,"static",NA,11.3,63,0.000713312401781,0.0000000397632209857
"781","55910_339433.5_3956041.5",6.51000022888184,339433.5,3956041.5,13,5.5,TRUE,727,63,"12:10","12:41",35.735336255,-106.775581049,2033.1917,0.0597,0.063,0.1175,0.0597,0.063,0.1175,"static",NA,11.3,63,0.000713312401781,0.0000000397632209857
"782","55966_339422.5_3956040.5",5.71999979019165,339422.5,3956040.5,7,1.5,TRUE,727,63,"12:10","12:41",35.735336255,-106.775581049,2033.1917,0.0597,0.063,0.1175,0.0597,0.063,0.1175,"static",NA,11.3,63,0.000713312401781,0.0000000397632209857
"783","55967_339428.5_3956040.5",6.34999990463257,339428.5,3956040.5,19,1.5,TRUE,727,63,"12:10","12:41",35.735336255,-106.775581049,2033.1917,0.0597,0.063,0.1175,0.0597,0.063,0.1175,"static",NA,11.3,63,0.000713312401781,0.0000000397632209857
"784","56074_339422.5_3956038.5",5.8600001335144,339422.5,3956038.5,13,1.5,TRUE,727,63,"12:10","12:41",35.735336255,-106.775581049,2033.1917,0.0597,0.063,0.1175,0.0597,0.063,0.1175,"static",NA,11.3,63,0.000713312401781,0.0000000397632209857
"785","56075_339433.5_3956038.5",6.42999982833862,339433.5,3956038.5,18,1.5,TRUE,727,63,"12:10","12:41",35.735336255,-106.775581049,2033.1917,0.0597,0.063,0.1175,0.0597,0.063,0.1175,"static",NA,11.3,63,0.000713312401781,0.0000000397632209857
"786","56076_339435.5_3956038.5",6.19999980926514,339435.5,3956038.5,13,1.5,TRUE,727,63,"12:10","12:41",35.735336255,-106.775581049,2033.1917,0.0597,0.063,0.1175,0.0597,0.063,0.1175,"static",NA,11.3,63,0.000713312401781,0.0000000397632209857
"787","56130_339425.5_3956037.5",4.1399998664856,339425.5,3956037.5,13,1.5,TRUE,727,63,"12:10","12:41",35.735336255,-106.775581049,2033.1917,0.0597,0.063,0.1175,0.0597,0.063,0.1175,"static",NA,11.3,63,0.000713312401781,0.0000000397632209857
"788","56131_339428.5_3956037.5",6.30000019073486,339428.5,3956037.5,10,2.5,TRUE,727,63,"12:10","12:41",35.735336255,-106.775581049,2033.1917,0.0597,0.063,0.1175,0.0597,0.063,0.1175,"static",NA,11.3,63,0.000713312401781,0.0000000397632209857
"789","56239_339429.5_3956035.5",6.82000017166138,339429.5,3956035.5,7,1.5,TRUE,727,63,"12:10","12:41",35.735336255,-106.775581049,2033.1917,0.0597,0.063,0.1175,0.0597,0.063,0.1175,"static",NA,11.3,63,0.000713312401781,0.0000000397632209857
"790","63199_339248.5_3957055.5",3.6800000667572,339248.5,3957055.5,15,1.63666102688368,FALSE,725,52,"9:55","10:05",35.744293099,-106.777897968,1949.0516,0.4165,0.12,0.5087,0.4165,0.12,0.5087,"static",NA,11.3,52,0.000713358693453,0.0000000397676953955
"791","63264_339225.5_3957054.5",4.51000022888184,339225.5,3957054.5,27,1.5,TRUE,725,52,"9:55","10:05",35.744293099,-106.777897968,1949.0516,0.4165,0.12,0.5087,0.4165,0.12,0.5087,"static",NA,11.3,52,0.000713358693453,0.0000000397676953955
"792","63417_339237.5_3957051.5",3.26999998092651,339237.5,3957051.5,12,1.60346611121689,FALSE,725,52,"9:55","10:05",35.744293099,-106.777897968,1949.0516,0.4165,0.12,0.5087,0.4165,0.12,0.5087,"static",NA,11.3,52,0.000713358693453,0.0000000397676953955
"793","63532_339232.5_3957049.5",3.95000004768372,339232.5,3957049.5,24,1.56367718942452,FALSE,725,52,"9:55","10:05",35.744293099,-106.777897968,1949.0516,0.4165,0.12,0.5087,0.4165,0.12,0.5087,"static",NA,11.3,52,0.000713358693453,0.0000000397676953955
"794","63708_339241.5_3957046.5",4.6100001335144,339241.5,3957046.5,26,2.5,TRUE,725,52,"9:55","10:05",35.744293099,-106.777897968,1949.0516,0.4165,0.12,0.5087,0.4165,0.12,0.5087,"static",NA,11.3,52,0.000713358693453,0.0000000397676953955
"795","63760_339231.5_3957045.5",3.64000010490417,339231.5,3957045.5,10,1.59815003615151,FALSE,725,52,"9:55","10:05",35.744293099,-106.777897968,1949.0516,0.4165,0.12,0.5087,0.4165,0.12,0.5087,"static",NA,11.3,52,0.000713358693453,0.0000000397676953955
"796","63812_339229.5_3957044.5",2.47000002861023,339229.5,3957044.5,3,1.59560730080836,FALSE,725,52,"9:55","10:05",35.744293099,-106.777897968,1949.0516,0.4165,0.12,0.5087,0.4165,0.12,0.5087,"static",NA,11.3,52,0.000713358693453,0.0000000397676953955
"797","63813_339245.5_3957044.5",4.03000020980835,339245.5,3957044.5,9,1.5,TRUE,725,52,"9:55","10:05",35.744293099,-106.777897968,1949.0516,0.4165,0.12,0.5087,0.4165,0.12,0.5087,"static",NA,11.3,52,0.000713358693453,0.0000000397676953955
"798","63954_339243.5_3957041.5",4.1100001335144,339243.5,3957041.5,7,2.5,TRUE,725,52,"9:55","10:05",35.744293099,-106.777897968,1949.0516,0.4165,0.12,0.5087,0.4165,0.12,0.5087,"static",NA,11.3,52,0.000713358693453,0.0000000397676953955
"799","63955_339245.5_3957041.5",3.66000008583069,339245.5,3957041.5,6,1.85085903653117,FALSE,725,52,"9:55","10:05",35.744293099,-106.777897968,1949.0516,0.4165,0.12,0.5087,0.4165,0.12,0.5087,"static",NA,11.3,52,0.000713358693453,0.0000000397676953955
"800","64008_339229.5_3957040.5",3.69000005722046,339229.5,3957040.5,17,1.58747092601736,FALSE,725,52,"9:55","10:05",35.744293099,-106.777897968,1949.0516,0.4165,0.12,0.5087,0.4165,0.12,0.5087,"static",NA,11.3,52,0.000713358693453,0.0000000397676953955
"801","64109_339244.5_3957038.5",4.28999996185303,339244.5,3957038.5,21,1.5,TRUE,725,52,"9:55","10:05",35.744293099,-106.777897968,1949.0516,0.4165,0.12,0.5087,0.4165,0.12,0.5087,"static",NA,11.3,52,0.000713358693453,0.0000000397676953955
"802","64166_339237.5_3957037.5",4.17000007629395,339237.5,3957037.5,8,1.5,TRUE,725,52,"9:55","10:05",35.744293099,-106.777897968,1949.0516,0.4165,0.12,0.5087,0.4165,0.12,0.5087,"static",NA,11.3,52,0.000713358693453,0.0000000397676953955
"803","64167_339248.5_3957037.5",2.85999989509583,339248.5,3957037.5,16,1.60330077798808,FALSE,725,52,"9:55","10:05",35.744293099,-106.777897968,1949.0516,0.4165,0.12,0.5087,0.4165,0.12,0.5087,"static",NA,11.3,52,0.000713358693453,0.0000000397676953955
"804","64219_339231.5_3957036.5",4.01999998092651,339231.5,3957036.5,9,1.5,TRUE,725,52,"9:55","10:05",35.744293099,-106.777897968,1949.0516,0.4165,0.12,0.5087,0.4165,0.12,0.5087,"static",NA,11.3,52,0.000713358693453,0.0000000397676953955
"805","64313_339232.5_3957034.5",4.21999979019165,339232.5,3957034.5,13,2.5,TRUE,725,52,"9:55","10:05",35.744293099,-106.777897968,1949.0516,0.4165,0.12,0.5087,0.4165,0.12,0.5087,"static",NA,11.3,52,0.000713358693453,0.0000000397676953955
"806","64314_339244.5_3957034.5",2.71000003814697,339244.5,3957034.5,4,1.75064607124366,FALSE,725,52,"9:55","10:05",35.744293099,-106.777897968,1949.0516,0.4165,0.12,0.5087,0.4165,0.12,0.5087,"static",NA,11.3,52,0.000713358693453,0.0000000397676953955
"807","64417_339243.5_3957032.5",4.53000020980835,339243.5,3957032.5,13,1.5,TRUE,725,52,"9:55","10:05",35.744293099,-106.777897968,1949.0516,0.4165,0.12,0.5087,0.4165,0.12,0.5087,"static",NA,11.3,52,0.000713358693453,0.0000000397676953955
"808","64524_339236.5_3957030.5",4.46000003814697,339236.5,3957030.5,38,1.5,TRUE,725,52,"9:55","10:05",35.744293099,-106.777897968,1949.0516,0.4165,0.12,0.5087,0.4165,0.12,0.5087,"static",NA,11.3,52,0.000713358693453,0.0000000397676953955
"809","64525_339241.5_3957030.5",4.23999977111816,339241.5,3957030.5,18,1.5,TRUE,725,52,"9:55","10:05",35.744293099,-106.777897968,1949.0516,0.4165,0.12,0.5087,0.4165,0.12,0.5087,"static",NA,11.3,52,0.000713358693453,0.0000000397676953955
"810","418_340818.5_3955488.5",3.80999994277954,340818.5,3955488.5,7,1.88549148517904,FALSE,725,54,"2:30","3:00",35.730427364,-106.760195719,1838.3832,0.0898,0.0212,0.0781,0.0898,0.0212,0.0781,"static",NA,11.3,54,0.000713286427879,0.0000000397607239411
"811","483_340807.5_3955486.5",3.32999992370605,340807.5,3955486.5,11,1.67394096543827,FALSE,725,54,"2:30","3:00",35.730427364,-106.760195719,1838.3832,0.0898,0.0212,0.0781,0.0898,0.0212,0.0781,"static",NA,11.3,54,0.000713286427879,0.0000000397607239411
"812","484_340818.5_3955486.5",3.35999989509583,340818.5,3955486.5,8,1.74597059138419,FALSE,725,54,"2:30","3:00",35.730427364,-106.760195719,1838.3832,0.0898,0.0212,0.0781,0.0898,0.0212,0.0781,"static",NA,11.3,54,0.000713286427879,0.0000000397607239411
"813","544_340809.5_3955484.5",3.72000002861023,340809.5,3955484.5,16,1.56181034189027,FALSE,725,54,"2:30","3:00",35.730427364,-106.760195719,1838.3832,0.0898,0.0212,0.0781,0.0898,0.0212,0.0781,"static",NA,11.3,54,0.000713286427879,0.0000000397607239411
"814","618_340816.5_3955482.5",2.94000005722046,340816.5,3955482.5,14,1.60972493694874,FALSE,725,54,"2:30","3:00",35.730427364,-106.760195719,1838.3832,0.0898,0.0212,0.0781,0.0898,0.0212,0.0781,"static",NA,11.3,54,0.000713286427879,0.0000000397607239411
"815","653_340821.5_3955481.5",3.66000008583069,340821.5,3955481.5,19,1.5,TRUE,725,54,"2:30","3:00",35.730427364,-106.760195719,1838.3832,0.0898,0.0212,0.0781,0.0898,0.0212,0.0781,"static",NA,11.3,54,0.000713286427879,0.0000000397607239411
"816","685_340801.5_3955480.5",5.09999990463257,340801.5,3955480.5,19,1.5,TRUE,725,54,"2:30","3:00",35.730427364,-106.760195719,1838.3832,0.0898,0.0212,0.0781,0.0898,0.0212,0.0781,"static",NA,11.3,54,0.000713286427879,0.0000000397607239411
"817","727_340822.5_3955479.5",3.84999990463257,340822.5,3955479.5,14,1.60701527790293,FALSE,725,54,"2:30","3:00",35.730427364,-106.760195719,1838.3832,0.0898,0.0212,0.0781,0.0898,0.0212,0.0781,"static",NA,11.3,54,0.000713286427879,0.0000000397607239411
"818","766_340816.5_3955478.5",2.42000007629395,340816.5,3955478.5,4,1.8088644518534,FALSE,725,54,"2:30","3:00",35.730427364,-106.760195719,1838.3832,0.0898,0.0212,0.0781,0.0898,0.0212,0.0781,"static",NA,11.3,54,0.000713286427879,0.0000000397607239411
"819","807_340805.5_3955477.5",3.04999995231628,340805.5,3955477.5,9,1.72632940150093,FALSE,725,54,"2:30","3:00",35.730427364,-106.760195719,1838.3832,0.0898,0.0212,0.0781,0.0898,0.0212,0.0781,"static",NA,11.3,54,0.000713286427879,0.0000000397607239411
"820","886_340803.5_3955475.5",3.89000010490417,340803.5,3955475.5,8,1.73589410855481,FALSE,725,54,"2:30","3:00",35.730427364,-106.760195719,1838.3832,0.0898,0.0212,0.0781,0.0898,0.0212,0.0781,"static",NA,11.3,54,0.000713286427879,0.0000000397607239411
"821","887_340809.5_3955475.5",2.36999988555908,340809.5,3955475.5,5,1.77149107798777,FALSE,725,54,"2:30","3:00",35.730427364,-106.760195719,1838.3832,0.0898,0.0212,0.0781,0.0898,0.0212,0.0781,"static",NA,11.3,54,0.000713286427879,0.0000000397607239411
"822","922_340815.5_3955474.5",2.98000001907349,340815.5,3955474.5,4,1.95771590431775,FALSE,725,54,"2:30","3:00",35.730427364,-106.760195719,1838.3832,0.0898,0.0212,0.0781,0.0898,0.0212,0.0781,"static",NA,11.3,54,0.000713286427879,0.0000000397607239411
"823","1010_340817.5_3955472.5",3.83999991416931,340817.5,3955472.5,10,1.5,TRUE,725,54,"2:30","3:00",35.730427364,-106.760195719,1838.3832,0.0898,0.0212,0.0781,0.0898,0.0212,0.0781,"static",NA,11.3,54,0.000713286427879,0.0000000397607239411
"824","1011_340819.5_3955472.5",4.25,340819.5,3955472.5,2,2.16294001373733,FALSE,725,54,"2:30","3:00",35.730427364,-106.760195719,1838.3832,0.0898,0.0212,0.0781,0.0898,0.0212,0.0781,"static",NA,11.3,54,0.000713286427879,0.0000000397607239411
"825","1089_340801.5_3955470.5",2.32999992370605,340801.5,3955470.5,2,1.74159252146283,FALSE,725,54,"2:30","3:00",35.730427364,-106.760195719,1838.3832,0.0898,0.0212,0.0781,0.0898,0.0212,0.0781,"static",NA,11.3,54,0.000713286427879,0.0000000397607239411
"826","1124_340813.5_3955469.5",2.94000005722046,340813.5,3955469.5,9,1.782798160201,FALSE,725,54,"2:30","3:00",35.730427364,-106.760195719,1838.3832,0.0898,0.0212,0.0781,0.0898,0.0212,0.0781,"static",NA,11.3,54,0.000713286427879,0.0000000397607239411
"827","2242_340876.5_3955439.5",2.85999989509583,340876.5,3955439.5,7,1.92458891998255,FALSE,725,55,"3:44","4:15",35.730025141,-106.759587932,1838.0063,0.0718,0.0374,0.0706,0.0718,0.0374,0.0706,"static","plot looked odd",11.3,55,0.00071328459148,0.0000000397605305545
"828","2328_340876.5_3955437.5",2.94000005722046,340876.5,3955437.5,7,1.93148984140375,FALSE,725,55,"3:44","4:15",35.730025141,-106.759587932,1838.0063,0.0718,0.0374,0.0706,0.0718,0.0374,0.0706,"static","plot looked odd",11.3,55,0.00071328459148,0.0000000397605305545
"829","2452_340874.5_3955434.5",3.66000008583069,340874.5,3955434.5,27,1.57533690423052,FALSE,725,55,"3:44","4:15",35.730025141,-106.759587932,1838.0063,0.0718,0.0374,0.0706,0.0718,0.0374,0.0706,"static","plot looked odd",11.3,55,0.00071328459148,0.0000000397605305545
"830","2531_340874.5_3955432.5",3.08999991416931,340874.5,3955432.5,5,2.04184202577637,FALSE,725,55,"3:44","4:15",35.730025141,-106.759587932,1838.0063,0.0718,0.0374,0.0706,0.0718,0.0374,0.0706,"static","plot looked odd",11.3,55,0.00071328459148,0.0000000397605305545
"831","2578_340854.5_3955431.5",3.47000002861023,340854.5,3955431.5,11,1.69135439234491,FALSE,725,55,"3:44","4:15",35.730025141,-106.759587932,1838.0063,0.0718,0.0374,0.0706,0.0718,0.0374,0.0706,"static","plot looked odd",11.3,55,0.00071328459148,0.0000000397605305545
"832","2656_340873.5_3955429.5",4.88000011444092,340873.5,3955429.5,22,1.5,TRUE,725,55,"3:44","4:15",35.730025141,-106.759587932,1838.0063,0.0718,0.0374,0.0706,0.0718,0.0374,0.0706,"static","plot looked odd",11.3,55,0.00071328459148,0.0000000397605305545
"833","2699_340859.5_3955428.5",4.96000003814697,340859.5,3955428.5,23,1.5,TRUE,725,55,"3:44","4:15",35.730025141,-106.759587932,1838.0063,0.0718,0.0374,0.0706,0.0718,0.0374,0.0706,"static","plot looked odd",11.3,55,0.00071328459148,0.0000000397605305545
"834","2700_340875.5_3955428.5",3.1800000667572,340875.5,3955428.5,12,1.68807247090887,FALSE,725,55,"3:44","4:15",35.730025141,-106.759587932,1838.0063,0.0718,0.0374,0.0706,0.0718,0.0374,0.0706,"static","plot looked odd",11.3,55,0.00071328459148,0.0000000397605305545
"835","2855_340854.5_3955424.5",4.11999988555908,340854.5,3955424.5,20,1.5,TRUE,725,55,"3:44","4:15",35.730025141,-106.759587932,1838.0063,0.0718,0.0374,0.0706,0.0718,0.0374,0.0706,"static","plot looked odd",11.3,55,0.00071328459148,0.0000000397605305545
"836","2856_340860.5_3955424.5",4.28999996185303,340860.5,3955424.5,21,2.5,TRUE,725,55,"3:44","4:15",35.730025141,-106.759587932,1838.0063,0.0718,0.0374,0.0706,0.0718,0.0374,0.0706,"static","plot looked odd",11.3,55,0.00071328459148,0.0000000397605305545
"837","2857_340873.5_3955424.5",3.01999998092651,340873.5,3955424.5,10,1.75279705072967,FALSE,725,55,"3:44","4:15",35.730025141,-106.759587932,1838.0063,0.0718,0.0374,0.0706,0.0718,0.0374,0.0706,"static","plot looked odd",11.3,55,0.00071328459148,0.0000000397605305545
"838","2983_340872.5_3955421.5",2.78999996185303,340872.5,3955421.5,4,2.07135393617002,FALSE,725,55,"3:44","4:15",35.730025141,-106.759587932,1838.0063,0.0718,0.0374,0.0706,0.0718,0.0374,0.0706,"static","plot looked odd",11.3,55,0.00071328459148,0.0000000397605305545
"839","3077_340893.5_3955419.5",3.21000003814697,340893.5,3955419.5,12,1.65042966787856,FALSE,726,60,"4:25","4:55",35.72980643,-106.759286039,1837.8296,0.0604,0.0383,0.0337,0.0604,0.0383,0.0337,"static",NA,11.3,60,0.000713282652645,0.0000000397603496326
"840","3205_340891.5_3955416.5",2.10999989509583,340891.5,3955416.5,1,1.5771502823662,FALSE,726,60,"4:25","4:55",35.72980643,-106.759286039,1837.8296,0.0604,0.0383,0.0337,0.0604,0.0383,0.0337,"static",NA,11.3,60,0.000713282652645,0.0000000397603496326
"841","3247_340901.5_3955415.5",2.73000001907349,340901.5,3955415.5,3,2.04057844313113,FALSE,726,60,"4:25","4:55",35.72980643,-106.759286039,1837.8296,0.0604,0.0383,0.0337,0.0604,0.0383,0.0337,"static",NA,11.3,60,0.000713282652645,0.0000000397603496326
"842","3293_340894.5_3955414.5",2.73000001907349,340894.5,3955414.5,3,2.04057844313113,FALSE,726,60,"4:25","4:55",35.72980643,-106.759286039,1837.8296,0.0604,0.0383,0.0337,0.0604,0.0383,0.0337,"static",NA,11.3,60,0.000713282652645,0.0000000397603496326
"843","3323_340902.5_3955413.5",2.25,340902.5,3955413.5,3,1.68179540841295,FALSE,726,60,"4:25","4:55",35.72980643,-106.759286039,1837.8296,0.0604,0.0383,0.0337,0.0604,0.0383,0.0337,"static",NA,11.3,60,0.000713282652645,0.0000000397603496326
"844","3440_340709.5_3955410.5",2.49000000953674,340709.5,3955410.5,4,1.86118692577204,FALSE,726,59,"2:41","3:13",35.729704645,-106.761313006,1861.1232,0.0277,0.0931,0.1316,0.0277,0.0931,0.1316,"static",NA,11.3,59,0.000713282520054,0.000000039760331942
"845","3448_340884.5_3955410.5",2.05999994277954,340884.5,3955410.5,2,1.53977708671003,FALSE,726,60,"4:25","4:55",35.72980643,-106.759286039,1837.8296,0.0604,0.0383,0.0337,0.0604,0.0383,0.0337,"static",NA,11.3,60,0.000713282652645,0.0000000397603496326
"846","3481_340706.5_3955409.5",2.4300000667572,340706.5,3955409.5,3,1.81633909098463,FALSE,726,59,"2:41","3:13",35.729704645,-106.761313006,1861.1232,0.0277,0.0931,0.1316,0.0277,0.0931,0.1316,"static",NA,11.3,59,0.000713282520054,0.000000039760331942
"847","3525_340698.5_3955408.5",3.19000005722046,340698.5,3955408.5,14,1.61662061956062,FALSE,726,59,"2:41","3:13",35.729704645,-106.761313006,1861.1232,0.0277,0.0931,0.1316,0.0277,0.0931,0.1316,"static",NA,11.3,59,0.000713282520054,0.000000039760331942
"848","3526_340713.5_3955408.5",4.69000005722046,340713.5,3955408.5,17,1.5,TRUE,726,59,"2:41","3:13",35.729704645,-106.761313006,1861.1232,0.0277,0.0931,0.1316,0.0277,0.0931,0.1316,"static",NA,11.3,59,0.000713282520054,0.000000039760331942
"849","3532_340884.5_3955408.5",2.04999995231628,340884.5,3955408.5,1,1.53230244757879,FALSE,726,60,"4:25","4:55",35.72980643,-106.759286039,1837.8296,0.0604,0.0383,0.0337,0.0604,0.0383,0.0337,"static",NA,11.3,60,0.000713282652645,0.0000000397603496326
"850","3533_340886.5_3955408.5",2.28999996185303,340886.5,3955408.5,4,1.71169396493789,FALSE,726,60,"4:25","4:55",35.72980643,-106.759286039,1837.8296,0.0604,0.0383,0.0337,0.0604,0.0383,0.0337,"static",NA,11.3,60,0.000713282652645,0.0000000397603496326
"851","3562_340709.5_3955407.5",4.15999984741211,340709.5,3955407.5,22,1.5,TRUE,726,59,"2:41","3:13",35.729704645,-106.761313006,1861.1232,0.0277,0.0931,0.1316,0.0277,0.0931,0.1316,"static",NA,11.3,59,0.000713282520054,0.000000039760331942
"852","3565_340901.5_3955407.5",4.34000015258789,340901.5,3955407.5,24,2.5,TRUE,726,60,"4:25","4:55",35.72980643,-106.759286039,1837.8296,0.0604,0.0383,0.0337,0.0604,0.0383,0.0337,"static",NA,11.3,60,0.000713282652645,0.0000000397603496326
"853","3688_340702.5_3955404.5",4.13000011444092,340702.5,3955404.5,11,1.5,TRUE,726,59,"2:41","3:13",35.729704645,-106.761313006,1861.1232,0.0277,0.0931,0.1316,0.0277,0.0931,0.1316,"static",NA,11.3,59,0.000713282520054,0.000000039760331942
"854","3693_340900.5_3955404.5",3.03999996185303,340900.5,3955404.5,7,1.92401429352541,FALSE,726,60,"4:25","4:55",35.72980643,-106.759286039,1837.8296,0.0604,0.0383,0.0337,0.0604,0.0383,0.0337,"static",NA,11.3,60,0.000713282652645,0.0000000397603496326
"855","3723_340713.5_3955403.5",2.05999994277954,340713.5,3955403.5,3,1.53977708671003,FALSE,726,59,"2:41","3:13",35.729704645,-106.761313006,1861.1232,0.0277,0.0931,0.1316,0.0277,0.0931,0.1316,"static",NA,11.3,59,0.000713282520054,0.000000039760331942
"856","3774_340888.5_3955402.5",3.40000009536743,340888.5,3955402.5,9,1.80959754595301,FALSE,726,60,"4:25","4:55",35.72980643,-106.759286039,1837.8296,0.0604,0.0383,0.0337,0.0604,0.0383,0.0337,"static",NA,11.3,60,0.000713282652645,0.0000000397603496326
"857","3805_340895.5_3955401.5",2.16000008583069,340895.5,3955401.5,3,1.61452365623183,FALSE,726,60,"4:25","4:55",35.72980643,-106.759286039,1837.8296,0.0604,0.0383,0.0337,0.0604,0.0383,0.0337,"static",NA,11.3,60,0.000713282652645,0.0000000397603496326
"858","3846_340705.5_3955400.5",2.48000001907349,340705.5,3955400.5,3,1.85371228664081,FALSE,726,59,"2:41","3:13",35.729704645,-106.761313006,1861.1232,0.0277,0.0931,0.1316,0.0277,0.0931,0.1316,"static",NA,11.3,59,0.000713282520054,0.000000039760331942
"859","3852_340886.5_3955400.5",2.92000007629395,340886.5,3955400.5,5,2.02020980638546,FALSE,726,60,"4:25","4:55",35.72980643,-106.759286039,1837.8296,0.0604,0.0383,0.0337,0.0604,0.0383,0.0337,"static",NA,11.3,60,0.000713282652645,0.0000000397603496326
"860","3853_340897.5_3955400.5",2.58999991416931,340897.5,3955400.5,5,1.93593331708439,FALSE,726,60,"4:25","4:55",35.72980643,-106.759286039,1837.8296,0.0604,0.0383,0.0337,0.0604,0.0383,0.0337,"static",NA,11.3,60,0.000713282652645,0.0000000397603496326
"861","3972_340712.5_3955397.5",2.74000000953674,340712.5,3955397.5,6,1.94244576029172,FALSE,726,59,"2:41","3:13",35.729704645,-106.761313006,1861.1232,0.0277,0.0931,0.1316,0.0277,0.0931,0.1316,"static",NA,11.3,59,0.000713282520054,0.000000039760331942
"862","4018_340720.5_3955396.5",2.1800000667572,340720.5,3955396.5,4,1.6294729344943,FALSE,726,59,"2:41","3:13",35.729704645,-106.761313006,1861.1232,0.0277,0.0931,0.1316,0.0277,0.0931,0.1316,"static",NA,11.3,59,0.000713282520054,0.000000039760331942
"863","4053_340716.5_3955395.5",2.72000002861023,340716.5,3955395.5,8,1.81629584496302,FALSE,726,59,"2:41","3:13",35.729704645,-106.761313006,1861.1232,0.0277,0.0931,0.1316,0.0277,0.0931,0.1316,"static",NA,11.3,59,0.000713282520054,0.000000039760331942
"864","4082_340699.5_3955394.5",2.75,340699.5,3955394.5,6,1.9657362364822,FALSE,726,59,"2:41","3:13",35.729704645,-106.761313006,1861.1232,0.0277,0.0931,0.1316,0.0277,0.0931,0.1316,"static",NA,11.3,59,0.000713282520054,0.000000039760331942
"865","4083_340703.5_3955394.5",2.45000004768372,340703.5,3955394.5,1,1.8312883692471,FALSE,726,59,"2:41","3:13",35.729704645,-106.761313006,1861.1232,0.0277,0.0931,0.1316,0.0277,0.0931,0.1316,"static",NA,11.3,59,0.000713282520054,0.000000039760331942
"866","4085_340888.5_3955394.5",2.59999990463257,340888.5,3955394.5,10,1.79205006260244,FALSE,726,60,"4:25","4:55",35.72980643,-106.759286039,1837.8296,0.0604,0.0383,0.0337,0.0604,0.0383,0.0337,"static",NA,11.3,60,0.000713282652645,0.0000000397603496326
"867","4120_340708.5_3955393.5",2.19000005722046,340708.5,3955393.5,1,1.63694757362554,FALSE,726,59,"2:41","3:13",35.729704645,-106.761313006,1861.1232,0.0277,0.0931,0.1316,0.0277,0.0931,0.1316,"static",NA,11.3,59,0.000713282520054,0.000000039760331942
"868","4258_340707.5_3955389.5",2.64000010490417,340707.5,3955389.5,7,1.84735910539484,FALSE,726,59,"2:41","3:13",35.729704645,-106.761313006,1861.1232,0.0277,0.0931,0.1316,0.0277,0.0931,0.1316,"static",NA,11.3,59,0.000713282520054,0.000000039760331942
"869","4259_340715.5_3955389.5",2.17000007629395,340715.5,3955389.5,2,1.62199829536307,FALSE,726,59,"2:41","3:13",35.729704645,-106.761313006,1861.1232,0.0277,0.0931,0.1316,0.0277,0.0931,0.1316,"static",NA,11.3,59,0.000713282520054,0.000000039760331942
"870","4337_340809.5_3955387.5",4.78999996185303,340809.5,3955387.5,22,2.5,TRUE,725,56,"4:43","5:13",35.729516127,-106.760164875,1848.847,0.1137,0.108,0.1194,0.1137,0.1079,0.1194,"static",NA,11.3,56,0.000713282093346,0.0000000397602965734
"871","4367_340712.5_3955386.5",3.21000003814697,340712.5,3955386.5,15,1.60878223814483,FALSE,726,59,"2:41","3:13",35.729704645,-106.761313006,1861.1232,0.0277,0.0931,0.1316,0.0277,0.0931,0.1316,"static",NA,11.3,59,0.000713282520054,0.000000039760331942
"872","4476_340821.5_3955383.5",2.97000002861023,340821.5,3955383.5,8,1.84188972241504,FALSE,725,56,"4:43","5:13",35.729516127,-106.760164875,1848.847,0.1137,0.108,0.1194,0.1137,0.1079,0.1194,"static",NA,11.3,56,0.000713282093346,0.0000000397602965734
"873","4555_340807.5_3955381.5",2.0699999332428,340807.5,3955381.5,1,1.54725172584126,FALSE,725,56,"4:43","5:13",35.729516127,-106.760164875,1848.847,0.1137,0.108,0.1194,0.1137,0.1079,0.1194,"static",NA,11.3,56,0.000713282093346,0.0000000397602965734
"874","4587_340820.5_3955380.5",2.82999992370605,340820.5,3955380.5,11,1.72538189751616,FALSE,725,56,"4:43","5:13",35.729516127,-106.760164875,1848.847,0.1137,0.108,0.1194,0.1137,0.1079,0.1194,"static",NA,11.3,56,0.000713282093346,0.0000000397602965734
"875","4697_340818.5_3955377.5",2.0699999332428,340818.5,3955377.5,2,1.54725172584126,FALSE,725,56,"4:43","5:13",35.729516127,-106.760164875,1848.847,0.1137,0.108,0.1194,0.1137,0.1079,0.1194,"static",NA,11.3,56,0.000713282093346,0.0000000397602965734
"876","4733_340804.5_3955376.5",2.11999988555908,340804.5,3955376.5,4,1.58462492149744,FALSE,725,56,"4:43","5:13",35.729516127,-106.760164875,1848.847,0.1137,0.108,0.1194,0.1137,0.1079,0.1194,"static",NA,11.3,56,0.000713282093346,0.0000000397602965734
"877","4765_340801.5_3955375.5",2.50999999046326,340801.5,3955375.5,5,1.87613620403451,FALSE,725,56,"4:43","5:13",35.729516127,-106.760164875,1848.847,0.1137,0.108,0.1194,0.1137,0.1079,0.1194,"static",NA,11.3,56,0.000713282093346,0.0000000397602965734
"878","4766_340807.5_3955375.5",2.25,340807.5,3955375.5,4,1.68179540841295,FALSE,725,56,"4:43","5:13",35.729516127,-106.760164875,1848.847,0.1137,0.108,0.1194,0.1137,0.1079,0.1194,"static",NA,11.3,56,0.000713282093346,0.0000000397602965734
"879","4767_340819.5_3955375.5",2.00999999046326,340819.5,3955375.5,1,1.50240389105386,FALSE,725,56,"4:43","5:13",35.729516127,-106.760164875,1848.847,0.1137,0.108,0.1194,0.1137,0.1079,0.1194,"static",NA,11.3,56,0.000713282093346,0.0000000397602965734
"880","4924_340805.5_3955371.5",2.58999991416931,340805.5,3955371.5,6,1.93593331708439,FALSE,725,56,"4:43","5:13",35.729516127,-106.760164875,1848.847,0.1137,0.108,0.1194,0.1137,0.1079,0.1194,"static",NA,11.3,56,0.000713282093346,0.0000000397602965734
"881","6845_340870.5_3955315.5",4.19000005722046,340870.5,3955315.5,11,1.5,TRUE,726,61,"5:27","5:58",35.728891219,-106.759409097,1843.6641,0.1193,0.0983,0.1883,0.1193,0.0983,0.1883,"static",NA,11.3,61,0.000713279046421,0.0000000397599995158
"882","6846_340880.5_3955315.5",2.19000005722046,340880.5,3955315.5,1,1.63694757362554,FALSE,726,61,"5:27","5:58",35.728891219,-106.759409097,1843.6641,0.1193,0.0983,0.1883,0.1193,0.0983,0.1883,"static",NA,11.3,61,0.000713279046421,0.0000000397599995158
"883","6882_340874.5_3955314.5",4.01999998092651,340874.5,3955314.5,8,1.5,TRUE,726,61,"5:27","5:58",35.728891219,-106.759409097,1843.6641,0.1193,0.0983,0.1883,0.1193,0.0983,0.1883,"static",NA,11.3,61,0.000713279046421,0.0000000397599995158
"884","7007_340883.5_3955311.5",2.19000005722046,340883.5,3955311.5,1,1.63694757362554,FALSE,726,61,"5:27","5:58",35.728891219,-106.759409097,1843.6641,0.1193,0.0983,0.1883,0.1193,0.0983,0.1883,"static",NA,11.3,61,0.000713279046421,0.0000000397599995158
"885","7498_340876.5_3955298.5",2.17000007629395,340876.5,3955298.5,1,1.62199829536307,FALSE,726,61,"5:27","5:58",35.728891219,-106.759409097,1843.6641,0.1193,0.0983,0.1883,0.1193,0.0983,0.1883,"static",NA,11.3,61,0.000713279046421,0.0000000397599995158
"886","7703_340886.5_3955293.5",2.89000010490417,340886.5,3955293.5,7,1.83885427761639,FALSE,726,61,"5:27","5:58",35.728891219,-106.759409097,1843.6641,0.1193,0.0983,0.1883,0.1193,0.0983,0.1883,"static",NA,11.3,61,0.000713279046421,0.0000000397599995158
"887","11571_348333.5_3970127.5",8.5,348333.5,3970127.5,21,1.5,TRUE,613,1,"1:20","1:42",35.863528876,-106.679828343,0,0.3016,0.6916,0.9706,0.3015,0.6916,0.9705,"static",NA,11.3,1,0.00071396673536,0.0000000398263366843
"888","11798_348335.5_3970122.5",10.5100002288818,348335.5,3970122.5,37,1.5,TRUE,613,1,"1:20","1:42",35.863528876,-106.679828343,0,0.3016,0.6916,0.9706,0.3015,0.6916,0.9705,"static",NA,11.3,1,0.00071396673536,0.0000000398263366843
"889","11799_348342.5_3970122.5",10.8199996948242,348342.5,3970122.5,22,3.5,TRUE,613,1,"1:20","1:42",35.863528876,-106.679828343,0,0.3016,0.6916,0.9706,0.3015,0.6916,0.9705,"static",NA,11.3,1,0.00071396673536,0.0000000398263366843
"890","11856_348329.5_3970121.5",15.3500003814697,348329.5,3970121.5,46,11.5,TRUE,613,1,"1:20","1:42",35.863528876,-106.679828343,0,0.3016,0.6916,0.9706,0.3015,0.6916,0.9705,"static",NA,11.3,1,0.00071396673536,0.0000000398263366843
"891","11942_348342.5_3970119.5",12.3199996948242,348342.5,3970119.5,29,1.5,TRUE,613,1,"1:20","1:42",35.863528876,-106.679828343,0,0.3016,0.6916,0.9706,0.3015,0.6916,0.9705,"static",NA,11.3,1,0.00071396673536,0.0000000398263366843
"892","11988_348335.5_3970118.5",7.03999996185303,348335.5,3970118.5,20,1.5,TRUE,613,1,"1:20","1:42",35.863528876,-106.679828343,0,0.3016,0.6916,0.9706,0.3015,0.6916,0.9705,"static",NA,11.3,1,0.00071396673536,0.0000000398263366843
"893","12086_348324.5_3970116.5",9.30000019073486,348324.5,3970116.5,38,1.5,TRUE,613,1,"1:20","1:42",35.863528876,-106.679828343,0,0.3016,0.6916,0.9706,0.3015,0.6916,0.9705,"static",NA,11.3,1,0.00071396673536,0.0000000398263366843
"894","12161_348334.5_3970114.5",11.0100002288818,348334.5,3970114.5,47,2.5,TRUE,613,1,"1:20","1:42",35.863528876,-106.679828343,0,0.3016,0.6916,0.9706,0.3015,0.6916,0.9705,"static",NA,11.3,1,0.00071396673536,0.0000000398263366843
"895","12162_348341.5_3970114.5",7.53000020980835,348341.5,3970114.5,14,4.5,TRUE,613,1,"1:20","1:42",35.863528876,-106.679828343,0,0.3016,0.6916,0.9706,0.3015,0.6916,0.9705,"static",NA,11.3,1,0.00071396673536,0.0000000398263366843
"896","12163_348344.5_3970114.5",11.2200002670288,348344.5,3970114.5,25,1.5,TRUE,613,1,"1:20","1:42",35.863528876,-106.679828343,0,0.3016,0.6916,0.9706,0.3015,0.6916,0.9705,"static",NA,11.3,1,0.00071396673536,0.0000000398263366843
"897","12248_348342.5_3970112.5",8.13000011444092,348342.5,3970112.5,16,2.5,TRUE,613,1,"1:20","1:42",35.863528876,-106.679828343,0,0.3016,0.6916,0.9706,0.3015,0.6916,0.9705,"static",NA,11.3,1,0.00071396673536,0.0000000398263366843
"898","12317_348326.5_3970111.5",8.27999973297119,348326.5,3970111.5,26,2.5,TRUE,613,1,"1:20","1:42",35.863528876,-106.679828343,0,0.3016,0.6916,0.9706,0.3015,0.6916,0.9705,"static",NA,11.3,1,0.00071396673536,0.0000000398263366843
"899","12350_348321.5_3970110.5",9.47000026702881,348321.5,3970110.5,21,2.5,TRUE,613,1,"1:20","1:42",35.863528876,-106.679828343,0,0.3016,0.6916,0.9706,0.3015,0.6916,0.9705,"static",NA,11.3,1,0.00071396673536,0.0000000398263366843
"900","12351_348329.5_3970110.5",5.5,348329.5,3970110.5,15,1.5,TRUE,613,1,"1:20","1:42",35.863528876,-106.679828343,0,0.3016,0.6916,0.9706,0.3015,0.6916,0.9705,"static",NA,11.3,1,0.00071396673536,0.0000000398263366843
"901","12388_348345.5_3970109.5",10.9200000762939,348345.5,3970109.5,21,5.5,TRUE,613,1,"1:20","1:42",35.863528876,-106.679828343,0,0.3016,0.6916,0.9706,0.3015,0.6916,0.9705,"static",NA,11.3,1,0.00071396673536,0.0000000398263366843
"902","12476_348341.5_3970107.5",12.0799999237061,348341.5,3970107.5,32,2.5,TRUE,613,1,"1:20","1:42",35.863528876,-106.679828343,0,0.3016,0.6916,0.9706,0.3015,0.6916,0.9705,"static",NA,11.3,1,0.00071396673536,0.0000000398263366843
"903","12518_348328.5_3970106.5",4.98000001907349,348328.5,3970106.5,8,1.5,TRUE,613,1,"1:20","1:42",35.863528876,-106.679828343,0,0.3016,0.6916,0.9706,0.3015,0.6916,0.9705,"static",NA,11.3,1,0.00071396673536,0.0000000398263366843
"904","12615_348322.5_3970104.5",10.8999996185303,348322.5,3970104.5,35,4.5,TRUE,613,1,"1:20","1:42",35.863528876,-106.679828343,0,0.3016,0.6916,0.9706,0.3015,0.6916,0.9705,"static",NA,11.3,1,0.00071396673536,0.0000000398263366843
"905","12616_348335.5_3970104.5",11.9099998474121,348335.5,3970104.5,29,2.5,TRUE,613,1,"1:20","1:42",35.863528876,-106.679828343,0,0.3016,0.6916,0.9706,0.3015,0.6916,0.9705,"static",NA,11.3,1,0.00071396673536,0.0000000398263366843
"906","12695_348334.5_3970102.5",11.6300001144409,348334.5,3970102.5,23,1.5,TRUE,613,1,"1:20","1:42",35.863528876,-106.679828343,0,0.3016,0.6916,0.9706,0.3015,0.6916,0.9705,"static",NA,11.3,1,0.00071396673536,0.0000000398263366843
"907","13405_349713.5_3974532.5",28.8600006103516,349713.5,3974532.5,106,1.5,TRUE,615,5,"2:17","3:06",35.9034299,-106.665343393,2646.9012,0.4782,0.502,1.95,0.4782,0.5019,1.9499,"static",NA,11.3,5,0.000714170264271,0.0000000398459212672
"908","13520_349719.5_3974528.5",27.0499992370605,349719.5,3974528.5,58,14.5,TRUE,615,5,"2:17","3:06",35.9034299,-106.665343393,2646.9012,0.4782,0.502,1.95,0.4782,0.5019,1.9499,"static",NA,11.3,5,0.000714170264271,0.0000000398459212672
"909","13613_349712.5_3974524.5",12.2700004577637,349712.5,3974524.5,49,1.5,TRUE,615,5,"2:17","3:06",35.9034299,-106.665343393,2646.9012,0.4782,0.502,1.95,0.4782,0.5019,1.9499,"static",NA,11.3,5,0.000714170264271,0.0000000398459212672
"910","13614_349725.5_3974524.5",28.6399993896484,349725.5,3974524.5,58,1.5,TRUE,615,5,"2:17","3:06",35.9034299,-106.665343393,2646.9012,0.4782,0.502,1.95,0.4782,0.5019,1.9499,"static",NA,11.3,5,0.000714170264271,0.0000000398459212672
"911","13663_349707.5_3974522.5",26.5200004577637,349707.5,3974522.5,69,1.5,TRUE,615,5,"2:17","3:06",35.9034299,-106.665343393,2646.9012,0.4782,0.502,1.95,0.4782,0.5019,1.9499,"static",NA,11.3,5,0.000714170264271,0.0000000398459212672
"912","13664_349722.5_3974522.5",29.2000007629395,349722.5,3974522.5,39,9.5,TRUE,615,5,"2:17","3:06",35.9034299,-106.665343393,2646.9012,0.4782,0.502,1.95,0.4782,0.5019,1.9499,"static",NA,11.3,5,0.000714170264271,0.0000000398459212672
"913","13691_349731.5_3974521.5",13.1599998474121,349731.5,3974521.5,42,1.5,TRUE,615,5,"2:17","3:06",35.9034299,-106.665343393,2646.9012,0.4782,0.502,1.95,0.4782,0.5019,1.9499,"static",NA,11.3,5,0.000714170264271,0.0000000398459212672
"914","13802_349721.5_3974517.5",27.9799995422363,349721.5,3974517.5,94,14.5,TRUE,615,5,"2:17","3:06",35.9034299,-106.665343393,2646.9012,0.4782,0.502,1.95,0.4782,0.5019,1.9499,"static",NA,11.3,5,0.000714170264271,0.0000000398459212672
"915","13906_349706.5_3974513.5",16.3299999237061,349706.5,3974513.5,63,3.5,TRUE,615,5,"2:17","3:06",35.9034299,-106.665343393,2646.9012,0.4782,0.502,1.95,0.4782,0.5019,1.9499,"static",NA,11.3,5,0.000714170264271,0.0000000398459212672
"916","13990_349734.5_3974510.5",26.8999996185303,349734.5,3974510.5,101,2.5,TRUE,615,5,"2:17","3:06",35.9034299,-106.665343393,2646.9012,0.4782,0.502,1.95,0.4782,0.5019,1.9499,"static",NA,11.3,5,0.000714170264271,0.0000000398459212672
"917","14067_349709.5_3974507.5",19.0599994659424,349709.5,3974507.5,87,1.5,TRUE,615,5,"2:17","3:06",35.9034299,-106.665343393,2646.9012,0.4782,0.502,1.95,0.4782,0.5019,1.9499,"static",NA,11.3,5,0.000714170264271,0.0000000398459212672
"918","14068_349727.5_3974507.5",7.21999979019165,349727.5,3974507.5,29,1.5,TRUE,615,5,"2:17","3:06",35.9034299,-106.665343393,2646.9012,0.4782,0.502,1.95,0.4782,0.5019,1.9499,"static",NA,11.3,5,0.000714170264271,0.0000000398459212672
"919","14182_349721.5_3974503.5",13.4899997711182,349721.5,3974503.5,64,4.5,TRUE,615,5,"2:17","3:06",35.9034299,-106.665343393,2646.9012,0.4782,0.502,1.95,0.4782,0.5019,1.9499,"static",NA,11.3,5,0.000714170264271,0.0000000398459212672
"920","34642_349837.5_3973790.5",19.8500003814697,349837.5,3973790.5,43,2.5,TRUE,824,117,"2:03","2:40",35.89677301,-106.663925779,2642.9886,0.2546,0.8362,2.2583,0.2546,0.8362,2.2581,"static",NA,11.3,114,0.000714135869292,0.0000000398425929011
"921","34740_349830.5_3973787.5",21.3799991607666,349830.5,3973787.5,52,4.5,TRUE,824,117,"2:03","2:40",35.89677301,-106.663925779,2642.9886,0.2546,0.8362,2.2583,0.2546,0.8362,2.2581,"static",NA,11.3,114,0.000714135869292,0.0000000398425929011
"922","34761_349834.5_3973786.5",18.75,349834.5,3973786.5,39,2.5,TRUE,824,117,"2:03","2:40",35.89677301,-106.663925779,2642.9886,0.2546,0.8362,2.2583,0.2546,0.8362,2.2581,"static",NA,11.3,114,0.000714135869292,0.0000000398425929011
"923","34816_349823.5_3973784.5",15.5699996948242,349823.5,3973784.5,43,9.5,TRUE,824,117,"2:03","2:40",35.89677301,-106.663925779,2642.9886,0.2546,0.8362,2.2583,0.2546,0.8362,2.2581,"static",NA,11.3,114,0.000714135869292,0.0000000398425929011
"924","34848_349820.5_3973783.5",17.0400009155273,349820.5,3973783.5,70,2.5,TRUE,824,117,"2:03","2:40",35.89677301,-106.663925779,2642.9886,0.2546,0.8362,2.2583,0.2546,0.8362,2.2581,"static",NA,11.3,114,0.000714135869292,0.0000000398425929011
"925","34876_349841.5_3973782.5",11.4899997711182,349841.5,3973782.5,36,1.5,TRUE,824,117,"2:03","2:40",35.89677301,-106.663925779,2642.9886,0.2546,0.8362,2.2583,0.2546,0.8362,2.2581,"static",NA,11.3,114,0.000714135869292,0.0000000398425929011
"926","34948_349829.5_3973779.5",12.0799999237061,349829.5,3973779.5,25,4.5,TRUE,824,117,"2:03","2:40",35.89677301,-106.663925779,2642.9886,0.2546,0.8362,2.2583,0.2546,0.8362,2.2581,"static",NA,11.3,114,0.000714135869292,0.0000000398425929011
"927","34984_349837.5_3973778.5",9.59000015258789,349837.5,3973778.5,29,2.5,TRUE,824,117,"2:03","2:40",35.89677301,-106.663925779,2642.9886,0.2546,0.8362,2.2583,0.2546,0.8362,2.2581,"static",NA,11.3,114,0.000714135869292,0.0000000398425929011
"928","35038_349824.5_3973776.5",22.0100002288818,349824.5,3973776.5,60,10.5,TRUE,824,117,"2:03","2:40",35.89677301,-106.663925779,2642.9886,0.2546,0.8362,2.2583,0.2546,0.8362,2.2581,"static",NA,11.3,114,0.000714135869292,0.0000000398425929011
"929","35059_349845.5_3973775.5",7.46999979019165,349845.5,3973775.5,22,1.5,TRUE,824,117,"2:03","2:40",35.89677301,-106.663925779,2642.9886,0.2546,0.8362,2.2583,0.2546,0.8362,2.2581,"static",NA,11.3,114,0.000714135869292,0.0000000398425929011
"930","35110_349836.5_3973773.5",12.6300001144409,349836.5,3973773.5,28,2.5,TRUE,824,117,"2:03","2:40",35.89677301,-106.663925779,2642.9886,0.2546,0.8362,2.2583,0.2546,0.8362,2.2581,"static",NA,11.3,114,0.000714135869292,0.0000000398425929011
"931","35178_349823.5_3973771.5",23.8099994659424,349823.5,3973771.5,55,2.5,TRUE,824,117,"2:03","2:40",35.89677301,-106.663925779,2642.9886,0.2546,0.8362,2.2583,0.2546,0.8362,2.2581,"static",NA,11.3,114,0.000714135869292,0.0000000398425929011
"932","35205_349831.5_3973770.5",21.1599998474121,349831.5,3973770.5,59,1.5,TRUE,824,117,"2:03","2:40",35.89677301,-106.663925779,2642.9886,0.2546,0.8362,2.2583,0.2546,0.8362,2.2581,"static",NA,11.3,114,0.000714135869292,0.0000000398425929011
"933","35242_349842.5_3973769.5",8.93000030517578,349842.5,3973769.5,27,2.5,TRUE,824,117,"2:03","2:40",35.89677301,-106.663925779,2642.9886,0.2546,0.8362,2.2583,0.2546,0.8362,2.2581,"static",NA,11.3,114,0.000714135869292,0.0000000398425929011
"934","37914_349998.5_3973673.5",5.34999990463257,349998.5,3973673.5,23,1.5,TRUE,824,116,"10:02","10:43",35.895732806,-106.662007533,2662.1355,1.3189,1.7261,2.8234,1.3188,1.726,2.8233,"static",NA,11.3,113,0.000714130716963,0.0000000398420825947
"935","37961_349996.5_3973671.5",5.17000007629395,349996.5,3973671.5,9,1.5,TRUE,824,116,"10:02","10:43",35.895732806,-106.662007533,2662.1355,1.3189,1.7261,2.8234,1.3188,1.726,2.8233,"static",NA,11.3,113,0.000714130716963,0.0000000398420825947
"936","38100_350000.5_3973666.5",10.4799995422363,350000.5,3973666.5,31,1.5,TRUE,824,116,"10:02","10:43",35.895732806,-106.662007533,2662.1355,1.3189,1.7261,2.8234,1.3188,1.726,2.8233,"static",NA,11.3,113,0.000714130716963,0.0000000398420825947
"937","38181_350003.5_3973663.5",10.9499998092651,350003.5,3973663.5,18,4.5,TRUE,824,116,"10:02","10:43",35.895732806,-106.662007533,2662.1355,1.3189,1.7261,2.8234,1.3188,1.726,2.8233,"static",NA,11.3,113,0.000714130716963,0.0000000398420825947
"938","38216_349993.5_3973662.5",14.8699998855591,349993.5,3973662.5,78,3.5,TRUE,824,116,"10:02","10:43",35.895732806,-106.662007533,2662.1355,1.3189,1.7261,2.8234,1.3188,1.726,2.8233,"static",NA,11.3,113,0.000714130716963,0.0000000398420825947
"939","38347_350007.5_3973657.5",21.8899993896484,350007.5,3973657.5,144,3.5,TRUE,824,116,"10:02","10:43",35.895732806,-106.662007533,2662.1355,1.3189,1.7261,2.8234,1.3188,1.726,2.8233,"static",NA,11.3,113,0.000714130716963,0.0000000398420825947
"940","38348_350019.5_3973657.5",13.0299997329712,350019.5,3973657.5,44,2.5,TRUE,824,116,"10:02","10:43",35.895732806,-106.662007533,2662.1355,1.3189,1.7261,2.8234,1.3188,1.726,2.8233,"static",NA,11.3,113,0.000714130716963,0.0000000398420825947
"941","38374_349992.5_3973656.5",17.1299991607666,349992.5,3973656.5,33,2.5,TRUE,824,116,"10:02","10:43",35.895732806,-106.662007533,2662.1355,1.3189,1.7261,2.8234,1.3188,1.726,2.8233,"static",NA,11.3,113,0.000714130716963,0.0000000398420825947
"942","38428_349994.5_3973654.5",16.6100006103516,349994.5,3973654.5,32,1.5,TRUE,824,116,"10:02","10:43",35.895732806,-106.662007533,2662.1355,1.3189,1.7261,2.8234,1.3188,1.726,2.8233,"static",NA,11.3,113,0.000714130716963,0.0000000398420825947
"943","38438_349997.5_3973653.5",14.4300003051758,349997.5,3973653.5,46,2.5,TRUE,824,116,"10:02","10:43",35.895732806,-106.662007533,2662.1355,1.3189,1.7261,2.8234,1.3188,1.726,2.8233,"static",NA,11.3,113,0.000714130716963,0.0000000398420825947
"944","38508_350006.5_3973651.5",15.9899997711182,350006.5,3973651.5,47,2.5,TRUE,824,116,"10:02","10:43",35.895732806,-106.662007533,2662.1355,1.3189,1.7261,2.8234,1.3188,1.726,2.8233,"static",NA,11.3,113,0.000714130716963,0.0000000398420825947
"945","38589_350009.5_3973648.5",13.9200000762939,350009.5,3973648.5,51,12.5,TRUE,824,116,"10:02","10:43",35.895732806,-106.662007533,2662.1355,1.3189,1.7261,2.8234,1.3188,1.726,2.8233,"static",NA,11.3,113,0.000714130716963,0.0000000398420825947
"946","38696_349999.5_3973644.5",19.1499996185303,349999.5,3973644.5,97,1.5,TRUE,824,116,"10:02","10:43",35.895732806,-106.662007533,2662.1355,1.3189,1.7261,2.8234,1.3188,1.726,2.8233,"static",NA,11.3,113,0.000714130716963,0.0000000398420825947
"947","197_349637.5_3976494.5",13.3999996185303,349637.5,3976494.5,50,5.5,TRUE,822,112,"3:27","3:58",35.921092438,-106.666610744,2652.1714,0.725,1.1992,2.3898,0.725,1.1992,2.3897,"static",NA,11.3,109,0.000714261472549,0.0000000398547413943
"948","330_349643.5_3976489.5",12.2700004577637,349643.5,3976489.5,34,2.5,TRUE,822,112,"3:27","3:58",35.921092438,-106.666610744,2652.1714,0.725,1.1992,2.3898,0.725,1.1992,2.3897,"static",NA,11.3,109,0.000714261472549,0.0000000398547413943
"949","360_349634.5_3976488.5",14.3500003814697,349634.5,3976488.5,33,6.5,TRUE,822,112,"3:27","3:58",35.921092438,-106.666610744,2652.1714,0.725,1.1992,2.3898,0.725,1.1992,2.3897,"static",NA,11.3,109,0.000714261472549,0.0000000398547413943
"950","414_349644.5_3976486.5",13.5,349644.5,3976486.5,12,2.5,TRUE,822,112,"3:27","3:58",35.921092438,-106.666610744,2652.1714,0.725,1.1992,2.3898,0.725,1.1992,2.3897,"static",NA,11.3,109,0.000714261472549,0.0000000398547413943
"951","415_349647.5_3976486.5",12.5900001525879,349647.5,3976486.5,48,1.5,TRUE,822,112,"3:27","3:58",35.921092438,-106.666610744,2652.1714,0.725,1.1992,2.3898,0.725,1.1992,2.3897,"static",NA,11.3,109,0.000714261472549,0.0000000398547413943
"952","440_349631.5_3976485.5",14.5200004577637,349631.5,3976485.5,60,1.5,TRUE,822,112,"3:27","3:58",35.921092438,-106.666610744,2652.1714,0.725,1.1992,2.3898,0.725,1.1992,2.3897,"static",NA,11.3,109,0.000714261472549,0.0000000398547413943
"953","468_349638.5_3976484.5",15.5799999237061,349638.5,3976484.5,47,3.5,TRUE,822,112,"3:27","3:58",35.921092438,-106.666610744,2652.1714,0.725,1.1992,2.3898,0.725,1.1992,2.3897,"static",NA,11.3,109,0.000714261472549,0.0000000398547413943
"954","469_349642.5_3976484.5",14.0100002288818,349642.5,3976484.5,28,7.5,TRUE,822,112,"3:27","3:58",35.921092438,-106.666610744,2652.1714,0.725,1.1992,2.3898,0.725,1.1992,2.3897,"static",NA,11.3,109,0.000714261472549,0.0000000398547413943
"955","623_349625.5_3976479.5",24.4699993133545,349625.5,3976479.5,87,12.5,TRUE,822,112,"3:27","3:58",35.921092438,-106.666610744,2652.1714,0.725,1.1992,2.3898,0.725,1.1992,2.3897,"static",NA,11.3,109,0.000714261472549,0.0000000398547413943
"956","677_349637.5_3976477.5",7.75,349637.5,3976477.5,24,1.5,TRUE,822,112,"3:27","3:58",35.921092438,-106.666610744,2652.1714,0.725,1.1992,2.3898,0.725,1.1992,2.3897,"static",NA,11.3,109,0.000714261472549,0.0000000398547413943
"957","729_349634.5_3976475.5",10.1300001144409,349634.5,3976475.5,35,4.5,TRUE,822,112,"3:27","3:58",35.921092438,-106.666610744,2652.1714,0.725,1.1992,2.3898,0.725,1.1992,2.3897,"static",NA,11.3,109,0.000714261472549,0.0000000398547413943
"958","750_349620.5_3976474.5",25.8199996948242,349620.5,3976474.5,132,1.5,TRUE,822,112,"3:27","3:58",35.921092438,-106.666610744,2652.1714,0.725,1.1992,2.3898,0.725,1.1992,2.3897,"static",NA,11.3,109,0.000714261472549,0.0000000398547413943
"959","751_349646.5_3976474.5",28.9300003051758,349646.5,3976474.5,89,22.5,TRUE,822,112,"3:27","3:58",35.921092438,-106.666610744,2652.1714,0.725,1.1992,2.3898,0.725,1.1992,2.3897,"static",NA,11.3,109,0.000714261472549,0.0000000398547413943
"960","781_349639.5_3976473.5",5.55999994277954,349639.5,3976473.5,16,1.5,TRUE,822,112,"3:27","3:58",35.921092438,-106.666610744,2652.1714,0.725,1.1992,2.3898,0.725,1.1992,2.3897,"static",NA,11.3,109,0.000714261472549,0.0000000398547413943
"961","836_349635.5_3976471.5",6.75,349635.5,3976471.5,15,1.5,TRUE,822,112,"3:27","3:58",35.921092438,-106.666610744,2652.1714,0.725,1.1992,2.3898,0.725,1.1992,2.3897,"static",NA,11.3,109,0.000714261472549,0.0000000398547413943
"962","923_349632.5_3976468.5",11.6300001144409,349632.5,3976468.5,44,1.5,TRUE,822,112,"3:27","3:58",35.921092438,-106.666610744,2652.1714,0.725,1.1992,2.3898,0.725,1.1992,2.3897,"static",NA,11.3,109,0.000714261472549,0.0000000398547413943
"963","957_349643.5_3976467.5",7.48999977111816,349643.5,3976467.5,20,2.5,TRUE,822,112,"3:27","3:58",35.921092438,-106.666610744,2652.1714,0.725,1.1992,2.3898,0.725,1.1992,2.3897,"static",NA,11.3,109,0.000714261472549,0.0000000398547413943
"964","24372_349730.5_3975615.5",23.4300003051758,349730.5,3975615.5,50,6.5,TRUE,614,2,"10:34","10:57",35.913219416,-106.66541901,2650.2942,2.1193,1.929,3.849,2.1191,1.9288,3.8487,"static",NA,11.3,2,0.000714221292454,0.0000000398508461499
"965","24373_349735.5_3975615.5",24.1100006103516,349735.5,3975615.5,47,9.5,TRUE,614,2,"10:34","10:57",35.913219416,-106.66541901,2650.2942,2.1193,1.929,3.849,2.1191,1.9288,3.8487,"static",NA,11.3,2,0.000714221292454,0.0000000398508461499
"966","24407_349718.5_3975614.5",23.1900005340576,349718.5,3975614.5,66,18.5,TRUE,614,2,"10:34","10:57",35.913219416,-106.66541901,2650.2942,2.1193,1.929,3.849,2.1191,1.9288,3.8487,"static",NA,11.3,2,0.000714221292454,0.0000000398508461499
"967","24408_349724.5_3975614.5",19.3299999237061,349724.5,3975614.5,53,5.5,TRUE,614,2,"10:34","10:57",35.913219416,-106.66541901,2650.2942,2.1193,1.929,3.849,2.1191,1.9288,3.8487,"static",NA,11.3,2,0.000714221292454,0.0000000398508461499
"968","24506_349735.5_3975611.5",22.2099990844727,349735.5,3975611.5,50,1.5,TRUE,614,2,"10:34","10:57",35.913219416,-106.66541901,2650.2942,2.1193,1.929,3.849,2.1191,1.9288,3.8487,"static",NA,11.3,2,0.000714221292454,0.0000000398508461499
"969","24684_349739.5_3975605.5",21.3199996948242,349739.5,3975605.5,78,6.5,TRUE,614,2,"10:34","10:57",35.913219416,-106.66541901,2650.2942,2.1193,1.929,3.849,2.1191,1.9288,3.8487,"static",NA,11.3,2,0.000714221292454,0.0000000398508461499
"970","24703_349720.5_3975604.5",30.3700008392334,349720.5,3975604.5,83,1.5,TRUE,614,2,"10:34","10:57",35.913219416,-106.66541901,2650.2942,2.1193,1.929,3.849,2.1191,1.9288,3.8487,"static",NA,11.3,2,0.000714221292454,0.0000000398508461499
"971","24760_349725.5_3975602.5",30.1200008392334,349725.5,3975602.5,59,10.5,TRUE,614,2,"10:34","10:57",35.913219416,-106.66541901,2650.2942,2.1193,1.929,3.849,2.1191,1.9288,3.8487,"static",NA,11.3,2,0.000714221292454,0.0000000398508461499
"972","24842_349734.5_3975599.5",32.7000007629395,349734.5,3975599.5,133,2.5,TRUE,614,2,"10:34","10:57",35.913219416,-106.66541901,2650.2942,2.1193,1.929,3.849,2.1191,1.9288,3.8487,"static",NA,11.3,2,0.000714221292454,0.0000000398508461499
"973","24974_349728.5_3975594.5",21.3799991607666,349728.5,3975594.5,44,6.5,TRUE,614,2,"10:34","10:57",35.913219416,-106.66541901,2650.2942,2.1193,1.929,3.849,2.1191,1.9288,3.8487,"static",NA,11.3,2,0.000714221292454,0.0000000398508461499
"974","25058_349724.5_3975591.5",22.9500007629395,349724.5,3975591.5,52,1.5,TRUE,614,2,"10:34","10:57",35.913219416,-106.66541901,2650.2942,2.1193,1.929,3.849,2.1191,1.9288,3.8487,"static",NA,11.3,2,0.000714221292454,0.0000000398508461499
"975","18559_350130.5_3977320.5",34.0200004577637,350130.5,3977320.5,188,11.5,TRUE,615,4,"10:02","11:03",35.9286135,-106.661320995,2629.07,0.4893,0.8477,3.3624,0.4893,0.8477,3.3623,"static",NA,11.3,4,0.000714299560421,0.0000000398583739337
"976","18613_350114.5_3977318.5",28.2600002288818,350114.5,3977318.5,115,13.5,TRUE,615,4,"10:02","11:03",35.9286135,-106.661320995,2629.07,0.4893,0.8477,3.3624,0.4893,0.8477,3.3623,"static",NA,11.3,4,0.000714299560421,0.0000000398583739337
"977","18682_350138.5_3977315.5",31.5400009155273,350138.5,3977315.5,171,1.5,TRUE,615,4,"10:02","11:03",35.9286135,-106.661320995,2629.07,0.4893,0.8477,3.3624,0.4893,0.8477,3.3623,"static",NA,11.3,4,0.000714299560421,0.0000000398583739337
"978","18859_350122.5_3977308.5",21.1399993896484,350122.5,3977308.5,43,2.5,TRUE,615,4,"10:02","11:03",35.9286135,-106.661320995,2629.07,0.4893,0.8477,3.3624,0.4893,0.8477,3.3623,"static",NA,11.3,4,0.000714299560421,0.0000000398583739337
"979","18904_350144.5_3977306.5",28.9200000762939,350144.5,3977306.5,59,1.5,TRUE,615,4,"10:02","11:03",35.9286135,-106.661320995,2629.07,0.4893,0.8477,3.3624,0.4893,0.8477,3.3623,"static",NA,11.3,4,0.000714299560421,0.0000000398583739337
"980","18956_350114.5_3977304.5",18.9599990844727,350114.5,3977304.5,59,1.5,TRUE,615,4,"10:02","11:03",35.9286135,-106.661320995,2629.07,0.4893,0.8477,3.3624,0.4893,0.8477,3.3623,"static",NA,11.3,4,0.000714299560421,0.0000000398583739337
"981","18978_350134.5_3977303.5",21.4799995422363,350134.5,3977303.5,37,1.5,TRUE,615,4,"10:02","11:03",35.9286135,-106.661320995,2629.07,0.4893,0.8477,3.3624,0.4893,0.8477,3.3623,"static",NA,11.3,4,0.000714299560421,0.0000000398583739337
"982","18995_350139.5_3977302.5",26.2000007629395,350139.5,3977302.5,52,2.5,TRUE,615,4,"10:02","11:03",35.9286135,-106.661320995,2629.07,0.4893,0.8477,3.3624,0.4893,0.8477,3.3623,"static",NA,11.3,4,0.000714299560421,0.0000000398583739337
"983","19045_350127.5_3977300.5",23.3500003814697,350127.5,3977300.5,80,12.5,TRUE,615,4,"10:02","11:03",35.9286135,-106.661320995,2629.07,0.4893,0.8477,3.3624,0.4893,0.8477,3.3623,"static",NA,11.3,4,0.000714299560421,0.0000000398583739337
"984","19150_350113.5_3977296.5",32.7000007629395,350113.5,3977296.5,166,1.5,TRUE,615,4,"10:02","11:03",35.9286135,-106.661320995,2629.07,0.4893,0.8477,3.3624,0.4893,0.8477,3.3623,"static",NA,11.3,4,0.000714299560421,0.0000000398583739337
"985","19178_350133.5_3977295.5",21.7299995422363,350133.5,3977295.5,56,2.5,TRUE,615,4,"10:02","11:03",35.9286135,-106.661320995,2629.07,0.4893,0.8477,3.3624,0.4893,0.8477,3.3623,"static",NA,11.3,4,0.000714299560421,0.0000000398583739337
"986","21393_350058.5_3977204.5",26.3700008392334,350058.5,3977204.5,113,3.5,TRUE,823,113,"9:20","10:14",35.927556471,-106.66207437,2626.848,0.459,0.4221,0.5628,0.459,0.422,0.5628,"static",NA,11.3,110,0.000714294163625,0.0000000398578613638
"987","21522_350049.5_3977199.5",24.4799995422363,350049.5,3977199.5,74,2.5,TRUE,823,113,"9:20","10:14",35.927556471,-106.66207437,2626.848,0.459,0.4221,0.5628,0.459,0.422,0.5628,"static",NA,11.3,110,0.000714294163625,0.0000000398578613638
"988","21577_350054.5_3977197.5",25.1000003814697,350054.5,3977197.5,42,8.5,TRUE,823,113,"9:20","10:14",35.927556471,-106.66207437,2626.848,0.459,0.4221,0.5628,0.459,0.422,0.5628,"static",NA,11.3,110,0.000714294163625,0.0000000398578613638
"989","21578_350071.5_3977197.5",16.3199996948242,350071.5,3977197.5,37,4.17850643716233,FALSE,823,113,"9:20","10:14",35.927556471,-106.66207437,2626.848,0.459,0.4221,0.5628,0.459,0.422,0.5628,"static",NA,11.3,110,0.000714294163625,0.0000000398578613638
"990","21630_350046.5_3977195.5",22.3899993896484,350046.5,3977195.5,60,4.5,TRUE,823,113,"9:20","10:14",35.927556471,-106.66207437,2626.848,0.459,0.4221,0.5628,0.459,0.422,0.5628,"static",NA,11.3,110,0.000714294163625,0.0000000398578613638
"991","21658_350052.5_3977194.5",23.3799991607666,350052.5,3977194.5,39,6.5,TRUE,823,113,"9:20","10:14",35.927556471,-106.66207437,2626.848,0.459,0.4221,0.5628,0.459,0.422,0.5628,"static",NA,11.3,110,0.000714294163625,0.0000000398578613638
"992","21682_350061.5_3977193.5",30.4699993133545,350061.5,3977193.5,80,4.5,TRUE,823,113,"9:20","10:14",35.927556471,-106.66207437,2626.848,0.459,0.4221,0.5628,0.459,0.422,0.5628,"static",NA,11.3,110,0.000714294163625,0.0000000398578613638
"993","21743_350072.5_3977191.5",26.2099990844727,350072.5,3977191.5,46,19.5,TRUE,823,113,"9:20","10:14",35.927556471,-106.66207437,2626.848,0.459,0.4221,0.5628,0.459,0.422,0.5628,"static",NA,11.3,110,0.000714294163625,0.0000000398578613638
"994","21820_350071.5_3977188.5",27.7999992370605,350071.5,3977188.5,41,2.5,TRUE,823,113,"9:20","10:14",35.927556471,-106.66207437,2626.848,0.459,0.4221,0.5628,0.459,0.422,0.5628,"static",NA,11.3,110,0.000714294163625,0.0000000398578613638
"995","21841_350055.5_3977187.5",19.8400001525879,350055.5,3977187.5,49,2.5,TRUE,823,113,"9:20","10:14",35.927556471,-106.66207437,2626.848,0.459,0.4221,0.5628,0.459,0.422,0.5628,"static",NA,11.3,110,0.000714294163625,0.0000000398578613638
"996","21842_350064.5_3977187.5",29.3400001525879,350064.5,3977187.5,54,2.5,TRUE,823,113,"9:20","10:14",35.927556471,-106.66207437,2626.848,0.459,0.4221,0.5628,0.459,0.422,0.5628,"static",NA,11.3,110,0.000714294163625,0.0000000398578613638
"997","21937_350044.5_3977183.5",19.6000003814697,350044.5,3977183.5,79,1.5,TRUE,823,113,"9:20","10:14",35.927556471,-106.66207437,2626.848,0.459,0.4221,0.5628,0.459,0.422,0.5628,"static",NA,11.3,110,0.000714294163625,0.0000000398578613638
"998","21938_350055.5_3977183.5",20.6900005340576,350055.5,3977183.5,35,6.5,TRUE,823,113,"9:20","10:14",35.927556471,-106.66207437,2626.848,0.459,0.4221,0.5628,0.459,0.422,0.5628,"static",NA,11.3,110,0.000714294163625,0.0000000398578613638
"999","22022_350052.5_3977180.5",20.1000003814697,350052.5,3977180.5,30,3.5,TRUE,823,113,"9:20","10:14",35.927556471,-106.66207437,2626.848,0.459,0.4221,0.5628,0.459,0.422,0.5628,"static",NA,11.3,110,0.000714294163625,0.0000000398578613638
"1000","22023_350064.5_3977180.5",37.3800010681152,350064.5,3977180.5,83,2.5,TRUE,823,113,"9:20","10:14",35.927556471,-106.66207437,2626.848,0.459,0.4221,0.5628,0.459,0.422,0.5628,"static",NA,11.3,110,0.000714294163625,0.0000000398578613638
"1001","22044_350055.5_3977179.5",18.9099998474121,350055.5,3977179.5,36,1.5,TRUE,823,113,"9:20","10:14",35.927556471,-106.66207437,2626.848,0.459,0.4221,0.5628,0.459,0.422,0.5628,"static",NA,11.3,110,0.000714294163625,0.0000000398578613638
"1002","31222_350267.5_3976823.5",26.9599990844727,350267.5,3976823.5,143,15.5,TRUE,614,3,"2:10","3:21",35.924104274,-106.659630564,2652.9841,0.303,0.1589,0.2084,0.303,0.1589,0.2084,"static",NA,11.3,3,0.000714277798955,0.0000000398563128981
"1003","31434_350262.5_3976814.5",15.1199998855591,350262.5,3976814.5,41,1.5,TRUE,614,3,"2:10","3:21",35.924104274,-106.659630564,2652.9841,0.303,0.1589,0.2084,0.303,0.1589,0.2084,"static",NA,11.3,3,0.000714277798955,0.0000000398563128981
"1004","31618_350262.5_3976807.5",16.9899997711182,350262.5,3976807.5,61,10.5,TRUE,614,3,"2:10","3:21",35.924104274,-106.659630564,2652.9841,0.303,0.1589,0.2084,0.303,0.1589,0.2084,"static",NA,11.3,3,0.000714277798955,0.0000000398563128981
"1005","31619_350279.5_3976807.5",16.2700004577637,350279.5,3976807.5,92,2.5,TRUE,614,3,"2:10","3:21",35.924104274,-106.659630564,2652.9841,0.303,0.1589,0.2084,0.303,0.1589,0.2084,"static",NA,11.3,3,0.000714277798955,0.0000000398563128981
"1006","31669_350276.5_3976805.5",16.7000007629395,350276.5,3976805.5,49,12.5,TRUE,614,3,"2:10","3:21",35.924104274,-106.659630564,2652.9841,0.303,0.1589,0.2084,0.303,0.1589,0.2084,"static",NA,11.3,3,0.000714277798955,0.0000000398563128981
"1007","31723_350269.5_3976803.5",24.0699996948242,350269.5,3976803.5,125,20.5,TRUE,614,3,"2:10","3:21",35.924104274,-106.659630564,2652.9841,0.303,0.1589,0.2084,0.303,0.1589,0.2084,"static",NA,11.3,3,0.000714277798955,0.0000000398563128981
"1008","31745_350278.5_3976802.5",15.710000038147,350278.5,3976802.5,71,6.5,TRUE,614,3,"2:10","3:21",35.924104274,-106.659630564,2652.9841,0.303,0.1589,0.2084,0.303,0.1589,0.2084,"static",NA,11.3,3,0.000714277798955,0.0000000398563128981
"1009","31802_350254.5_3976800.5",23.75,350254.5,3976800.5,99,1.5,TRUE,614,3,"2:10","3:21",35.924104274,-106.659630564,2652.9841,0.303,0.1589,0.2084,0.303,0.1589,0.2084,"static",NA,11.3,3,0.000714277798955,0.0000000398563128981
"1010","31989_350271.5_3976793.5",9.09000015258789,350271.5,3976793.5,27,2.5,TRUE,614,3,"2:10","3:21",35.924104274,-106.659630564,2652.9841,0.303,0.1589,0.2084,0.303,0.1589,0.2084,"static",NA,11.3,3,0.000714277798955,0.0000000398563128981
"1011","32080_350263.5_3976790.5",22.3400001525879,350263.5,3976790.5,107,1.5,TRUE,614,3,"2:10","3:21",35.924104274,-106.659630564,2652.9841,0.303,0.1589,0.2084,0.303,0.1589,0.2084,"static",NA,11.3,3,0.000714277798955,0.0000000398563128981
"1012","39087_349966.5_3976534.5",13.3699998855591,349966.5,3976534.5,20,5.5,TRUE,822,111,"1:43","2:47",35.921517928,-106.662904573,2651.0483,0.3822,0.2568,0.9096,0.3822,0.2868,0.9096,"static",NA,11.3,108,0.000714264397641,0.0000000398550153929
"1013","39151_349963.5_3976532.5",15.7200002670288,349963.5,3976532.5,28,6.5,TRUE,822,111,"1:43","2:47",35.921517928,-106.662904573,2651.0483,0.3822,0.2568,0.9096,0.3822,0.2868,0.9096,"static",NA,11.3,108,0.000714264397641,0.0000000398550153929
"1014","39152_349978.5_3976532.5",16.0599994659424,349978.5,3976532.5,57,1.5,TRUE,822,111,"1:43","2:47",35.921517928,-106.662904573,2651.0483,0.3822,0.2568,0.9096,0.3822,0.2868,0.9096,"static",NA,11.3,108,0.000714264397641,0.0000000398550153929
"1015","39180_349981.5_3976531.5",14.6000003814697,349981.5,3976531.5,52,7.5,TRUE,822,111,"1:43","2:47",35.921517928,-106.662904573,2651.0483,0.3822,0.2568,0.9096,0.3822,0.2868,0.9096,"static",NA,11.3,108,0.000714264397641,0.0000000398550153929
"1016","39230_349961.5_3976529.5",14.960000038147,349961.5,3976529.5,30,2.5,TRUE,822,111,"1:43","2:47",35.921517928,-106.662904573,2651.0483,0.3822,0.2568,0.9096,0.3822,0.2868,0.9096,"static",NA,11.3,108,0.000714264397641,0.0000000398550153929
"1017","39231_349969.5_3976529.5",15.3999996185303,349969.5,3976529.5,41,1.5,TRUE,822,111,"1:43","2:47",35.921517928,-106.662904573,2651.0483,0.3822,0.2568,0.9096,0.3822,0.2868,0.9096,"static",NA,11.3,108,0.000714264397641,0.0000000398550153929
"1018","39317_349958.5_3976526.5",13.7600002288818,349958.5,3976526.5,42,1.5,TRUE,822,111,"1:43","2:47",35.921517928,-106.662904573,2651.0483,0.3822,0.2568,0.9096,0.3822,0.2868,0.9096,"static",NA,11.3,108,0.000714264397641,0.0000000398550153929
"1019","39352_349968.5_3976525.5",16,349968.5,3976525.5,55,2.5,TRUE,822,111,"1:43","2:47",35.921517928,-106.662904573,2651.0483,0.3822,0.2568,0.9096,0.3822,0.2868,0.9096,"static",NA,11.3,108,0.000714264397641,0.0000000398550153929
"1020","39465_349963.5_3976521.5",3.07999992370605,349963.5,3976521.5,8,2.26514222718261,FALSE,822,111,"1:43","2:47",35.921517928,-106.662904573,2651.0483,0.3822,0.2568,0.9096,0.3822,0.2868,0.9096,"static",NA,11.3,108,0.000714264397641,0.0000000398550153929
"1021","39466_349975.5_3976521.5",3.30999994277954,349975.5,3976521.5,15,2.15692191030859,FALSE,822,111,"1:43","2:47",35.921517928,-106.662904573,2651.0483,0.3822,0.2568,0.9096,0.3822,0.2868,0.9096,"static",NA,11.3,108,0.000714264397641,0.0000000398550153929
"1022","39495_349986.5_3976520.5",13.1999998092651,349986.5,3976520.5,56,9.5,TRUE,822,111,"1:43","2:47",35.921517928,-106.662904573,2651.0483,0.3822,0.2568,0.9096,0.3822,0.2868,0.9096,"static",NA,11.3,108,0.000714264397641,0.0000000398550153929
"1023","39548_349966.5_3976518.5",7.03999996185303,349966.5,3976518.5,37,2.35563059879944,FALSE,822,111,"1:43","2:47",35.921517928,-106.662904573,2651.0483,0.3822,0.2568,0.9096,0.3822,0.2868,0.9096,"static",NA,11.3,108,0.000714264397641,0.0000000398550153929
"1024","39585_349960.5_3976517.5",6.69999980926514,349960.5,3976517.5,11,2.5,TRUE,822,111,"1:43","2:47",35.921517928,-106.662904573,2651.0483,0.3822,0.2568,0.9096,0.3822,0.2868,0.9096,"static",NA,11.3,108,0.000714264397641,0.0000000398550153929
"1025","39612_349972.5_3976516.5",6.63000011444092,349972.5,3976516.5,43,1.5,TRUE,822,111,"1:43","2:47",35.921517928,-106.662904573,2651.0483,0.3822,0.2568,0.9096,0.3822,0.2868,0.9096,"static",NA,11.3,108,0.000714264397641,0.0000000398550153929
"1026","39758_349963.5_3976511.5",15.539999961853,349963.5,3976511.5,42,5.5,TRUE,822,111,"1:43","2:47",35.921517928,-106.662904573,2651.0483,0.3822,0.2568,0.9096,0.3822,0.2868,0.9096,"static",NA,11.3,108,0.000714264397641,0.0000000398550153929
"1027","39843_349981.5_3976508.5",12.0799999237061,349981.5,3976508.5,55,1.5,TRUE,822,111,"1:43","2:47",35.921517928,-106.662904573,2651.0483,0.3822,0.2568,0.9096,0.3822,0.2868,0.9096,"static",NA,11.3,108,0.000714264397641,0.0000000398550153929
"1028","26469_350852.5_3978495.5",14.8299999237061,350852.5,3978495.5,28,6.5,TRUE,823,115,"3:22","4:03",35.939318125,-106.653607786,2680.2302,0.1677,0.4112,1.5508,0.1677,0.4112,1.5507,"static",NA,11.3,112,0.000714353649481,0.0000000398635771803
"1029","26515_350855.5_3978493.5",14.5799999237061,350855.5,3978493.5,46,5.5,TRUE,823,115,"3:22","4:03",35.939318125,-106.653607786,2680.2302,0.1677,0.4112,1.5508,0.1677,0.4112,1.5507,"static",NA,11.3,112,0.000714353649481,0.0000000398635771803
"1030","26548_350841.5_3978492.5",14.3199996948242,350841.5,3978492.5,24,10.5,TRUE,823,115,"3:22","4:03",35.939318125,-106.653607786,2680.2302,0.1677,0.4112,1.5508,0.1677,0.4112,1.5507,"static",NA,11.3,112,0.000714353649481,0.0000000398635771803
"1031","26549_350844.5_3978492.5",14.4300003051758,350844.5,3978492.5,45,8.5,TRUE,823,115,"3:22","4:03",35.939318125,-106.653607786,2680.2302,0.1677,0.4112,1.5508,0.1677,0.4112,1.5507,"static",NA,11.3,112,0.000714353649481,0.0000000398635771803
"1032","26603_350832.5_3978490.5",14.9899997711182,350832.5,3978490.5,44,2.5,TRUE,823,115,"3:22","4:03",35.939318125,-106.653607786,2680.2302,0.1677,0.4112,1.5508,0.1677,0.4112,1.5507,"static",NA,11.3,112,0.000714353649481,0.0000000398635771803
"1033","26620_350839.5_3978489.5",16.1599998474121,350839.5,3978489.5,24,5.5,TRUE,823,115,"3:22","4:03",35.939318125,-106.653607786,2680.2302,0.1677,0.4112,1.5508,0.1677,0.4112,1.5507,"static",NA,11.3,112,0.000714353649481,0.0000000398635771803
"1034","26692_350837.5_3978486.5",14.710000038147,350837.5,3978486.5,45,1.5,TRUE,823,115,"3:22","4:03",35.939318125,-106.653607786,2680.2302,0.1677,0.4112,1.5508,0.1677,0.4112,1.5507,"static",NA,11.3,112,0.000714353649481,0.0000000398635771803
"1035","26740_350849.5_3978484.5",12.5299997329712,350849.5,3978484.5,42,4.5,TRUE,823,115,"3:22","4:03",35.939318125,-106.653607786,2680.2302,0.1677,0.4112,1.5508,0.1677,0.4112,1.5507,"static",NA,11.3,112,0.000714353649481,0.0000000398635771803
"1036","26770_350846.5_3978483.5",12.0900001525879,350846.5,3978483.5,23,2.5,TRUE,823,115,"3:22","4:03",35.939318125,-106.653607786,2680.2302,0.1677,0.4112,1.5508,0.1677,0.4112,1.5507,"static",NA,11.3,112,0.000714353649481,0.0000000398635771803
"1037","26839_350843.5_3978480.5",13.8400001525879,350843.5,3978480.5,27,4.5,TRUE,823,115,"3:22","4:03",35.939318125,-106.653607786,2680.2302,0.1677,0.4112,1.5508,0.1677,0.4112,1.5507,"static",NA,11.3,112,0.000714353649481,0.0000000398635771803
"1038","26861_350846.5_3978479.5",15,350846.5,3978479.5,18,8.5,TRUE,823,115,"3:22","4:03",35.939318125,-106.653607786,2680.2302,0.1677,0.4112,1.5508,0.1677,0.4112,1.5507,"static",NA,11.3,112,0.000714353649481,0.0000000398635771803
"1039","26876_350831.5_3978478.5",13.3199996948242,350831.5,3978478.5,36,2.5,TRUE,823,115,"3:22","4:03",35.939318125,-106.653607786,2680.2302,0.1677,0.4112,1.5508,0.1677,0.4112,1.5507,"static",NA,11.3,112,0.000714353649481,0.0000000398635771803
"1040","26909_350835.5_3978477.5",10.539999961853,350835.5,3978477.5,48,1.5,TRUE,823,115,"3:22","4:03",35.939318125,-106.653607786,2680.2302,0.1677,0.4112,1.5508,0.1677,0.4112,1.5507,"static",NA,11.3,112,0.000714353649481,0.0000000398635771803
"1041","26910_350854.5_3978477.5",33.0699996948242,350854.5,3978477.5,115,5.5,TRUE,823,115,"3:22","4:03",35.939318125,-106.653607786,2680.2302,0.1677,0.4112,1.5508,0.1677,0.4112,1.5507,"static",NA,11.3,112,0.000714353649481,0.0000000398635771803
"1042","26937_350847.5_3978476.5",15.3100004196167,350847.5,3978476.5,23,6.5,TRUE,823,115,"3:22","4:03",35.939318125,-106.653607786,2680.2302,0.1677,0.4112,1.5508,0.1677,0.4112,1.5507,"static",NA,11.3,112,0.000714353649481,0.0000000398635771803
"1043","27052_350850.5_3978471.5",12.7700004577637,350850.5,3978471.5,21,2.5,TRUE,823,115,"3:22","4:03",35.939318125,-106.653607786,2680.2302,0.1677,0.4112,1.5508,0.1677,0.4112,1.5507,"static",NA,11.3,112,0.000714353649481,0.0000000398635771803
"1044","27128_350840.5_3978468.5",14.2799997329712,350840.5,3978468.5,67,1.5,TRUE,823,115,"3:22","4:03",35.939318125,-106.653607786,2680.2302,0.1677,0.4112,1.5508,0.1677,0.4112,1.5507,"static",NA,11.3,112,0.000714353649481,0.0000000398635771803
"1045","37028_350672.5_3978096.5",22.9899997711182,350672.5,3978096.5,117,2.5,TRUE,823,114,"11:59","12:50",35.935677875,-106.655380001,2668.4159,1.8398,0.8294,0.9878,1.8397,0.8294,0.9878,"static",NA,11.3,111,0.000714336154084,0.0000000398619015562
"1046","37111_350660.5_3978093.5",22.9400005340576,350660.5,3978093.5,111,2.5,TRUE,823,114,"11:59","12:50",35.935677875,-106.655380001,2668.4159,1.8398,0.8294,0.9878,1.8397,0.8294,0.9878,"static",NA,11.3,111,0.000714336154084,0.0000000398619015562
"1047","37140_350681.5_3978092.5",19.3700008392334,350681.5,3978092.5,27,1.5,TRUE,823,114,"11:59","12:50",35.935677875,-106.655380001,2668.4159,1.8398,0.8294,0.9878,1.8397,0.8294,0.9878,"static",NA,11.3,111,0.000714336154084,0.0000000398619015562
"1048","37202_350686.5_3978090.5",20.5300006866455,350686.5,3978090.5,37,7.5,TRUE,823,114,"11:59","12:50",35.935677875,-106.655380001,2668.4159,1.8398,0.8294,0.9878,1.8397,0.8294,0.9878,"static",NA,11.3,111,0.000714336154084,0.0000000398619015562
"1049","37291_350678.5_3978087.5",21.5300006866455,350678.5,3978087.5,60,1.5,TRUE,823,114,"11:59","12:50",35.935677875,-106.655380001,2668.4159,1.8398,0.8294,0.9878,1.8397,0.8294,0.9878,"static",NA,11.3,111,0.000714336154084,0.0000000398619015562
"1050","37292_350683.5_3978087.5",17.8700008392334,350683.5,3978087.5,28,7.5,TRUE,823,114,"11:59","12:50",35.935677875,-106.655380001,2668.4159,1.8398,0.8294,0.9878,1.8397,0.8294,0.9878,"static",NA,11.3,111,0.000714336154084,0.0000000398619015562
"1051","37355_350672.5_3978085.5",15.5799999237061,350672.5,3978085.5,46,2.5,TRUE,823,114,"11:59","12:50",35.935677875,-106.655380001,2668.4159,1.8398,0.8294,0.9878,1.8397,0.8294,0.9878,"static",NA,11.3,111,0.000714336154084,0.0000000398619015562
"1052","37435_350686.5_3978082.5",22.5,350686.5,3978082.5,49,1.5,TRUE,823,114,"11:59","12:50",35.935677875,-106.655380001,2668.4159,1.8398,0.8294,0.9878,1.8397,0.8294,0.9878,"static",NA,11.3,111,0.000714336154084,0.0000000398619015562
"1053","37529_350660.5_3978079.5",23.2999992370605,350660.5,3978079.5,126,1.5,TRUE,823,114,"11:59","12:50",35.935677875,-106.655380001,2668.4159,1.8398,0.8294,0.9878,1.8397,0.8294,0.9878,"static",NA,11.3,111,0.000714336154084,0.0000000398619015562
"1054","37598_350677.5_3978077.5",19.1599998474121,350677.5,3978077.5,52,1.5,TRUE,823,114,"11:59","12:50",35.935677875,-106.655380001,2668.4159,1.8398,0.8294,0.9878,1.8397,0.8294,0.9878,"static",NA,11.3,111,0.000714336154084,0.0000000398619015562
"1055","37624_350691.5_3978076.5",18.6200008392334,350691.5,3978076.5,75,1.5,TRUE,823,114,"11:59","12:50",35.935677875,-106.655380001,2668.4159,1.8398,0.8294,0.9878,1.8397,0.8294,0.9878,"static",NA,11.3,111,0.000714336154084,0.0000000398619015562
"1056","37675_350681.5_3978074.5",21,350681.5,3978074.5,32,1.5,TRUE,823,114,"11:59","12:50",35.935677875,-106.655380001,2668.4159,1.8398,0.8294,0.9878,1.8397,0.8294,0.9878,"static",NA,11.3,111,0.000714336154084,0.0000000398619015562
"1057","37702_350669.5_3978073.5",24.1000003814697,350669.5,3978073.5,99,1.5,TRUE,823,114,"11:59","12:50",35.935677875,-106.655380001,2668.4159,1.8398,0.8294,0.9878,1.8397,0.8294,0.9878,"static",NA,11.3,111,0.000714336154084,0.0000000398619015562
"1058","37731_350684.5_3978072.5",20.8400001525879,350684.5,3978072.5,34,1.5,TRUE,823,114,"11:59","12:50",35.935677875,-106.655380001,2668.4159,1.8398,0.8294,0.9878,1.8397,0.8294,0.9878,"static",NA,11.3,111,0.000714336154084,0.0000000398619015562
"1059","37766_350678.5_3978071.5",18.0599994659424,350678.5,3978071.5,31,2.5,TRUE,823,114,"11:59","12:50",35.935677875,-106.655380001,2668.4159,1.8398,0.8294,0.9878,1.8397,0.8294,0.9878,"static",NA,11.3,111,0.000714336154084,0.0000000398619015562
"1060","37978_350675.5_3978064.5",31.1900005340576,350675.5,3978064.5,112,1.5,TRUE,823,114,"11:59","12:50",35.935677875,-106.655380001,2668.4159,1.8398,0.8294,0.9878,1.8397,0.8294,0.9878,"static",NA,11.3,111,0.000714336154084,0.0000000398619015562
"1061","59436_365513.5_3900395.5",2.77999997138977,365513.5,3900395.5,1,2.25269814814815,FALSE,706,26,"3:17","4:29",35.237525678,-106.478060097,2309.664,0.6139,0.2156,0.7727,0.6139,0.2156,0.7726,"static",NA,11.3,26,0.000710812456048,0.0000000395219500251
"1062","59437_365517.5_3900395.5",4.1399998664856,365517.5,3900395.5,11,2.5,TRUE,706,26,"3:17","4:29",35.237525678,-106.478060097,2309.664,0.6139,0.2156,0.7727,0.6139,0.2156,0.7726,"static",NA,11.3,26,0.000710812456048,0.0000000395219500251
"1063","59545_365503.5_3900393.5",5.92999982833862,365503.5,3900393.5,12,2.5,TRUE,706,26,"3:17","4:29",35.237525678,-106.478060097,2309.664,0.6139,0.2156,0.7727,0.6139,0.2156,0.7726,"static",NA,11.3,26,0.000710812456048,0.0000000395219500251
"1064","59546_365505.5_3900393.5",5.84999990463257,365505.5,3900393.5,10,3.5,TRUE,706,26,"3:17","4:29",35.237525678,-106.478060097,2309.664,0.6139,0.2156,0.7727,0.6139,0.2156,0.7726,"static",NA,11.3,26,0.000710812456048,0.0000000395219500251
"1065","59647_365501.5_3900391.5",4.05999994277954,365501.5,3900391.5,13,2.5,TRUE,706,26,"3:17","4:29",35.237525678,-106.478060097,2309.664,0.6139,0.2156,0.7727,0.6139,0.2156,0.7726,"static",NA,11.3,26,0.000710812456048,0.0000000395219500251
"1066","59648_365504.5_3900391.5",6.1399998664856,365504.5,3900391.5,18,3.5,TRUE,706,26,"3:17","4:29",35.237525678,-106.478060097,2309.664,0.6139,0.2156,0.7727,0.6139,0.2156,0.7726,"static",NA,11.3,26,0.000710812456048,0.0000000395219500251
"1067","59649_365510.5_3900391.5",6.03999996185303,365510.5,3900391.5,26,2.5,TRUE,706,26,"3:17","4:29",35.237525678,-106.478060097,2309.664,0.6139,0.2156,0.7727,0.6139,0.2156,0.7726,"static",NA,11.3,26,0.000710812456048,0.0000000395219500251
"1068","59698_365523.5_3900390.5",5.42000007629395,365523.5,3900390.5,17,1.5,TRUE,706,26,"3:17","4:29",35.237525678,-106.478060097,2309.664,0.6139,0.2156,0.7727,0.6139,0.2156,0.7726,"static",NA,11.3,26,0.000710812456048,0.0000000395219500251
"1069","59803_365515.5_3900388.5",5.26000022888184,365515.5,3900388.5,22,2.5,TRUE,706,26,"3:17","4:29",35.237525678,-106.478060097,2309.664,0.6139,0.2156,0.7727,0.6139,0.2156,0.7726,"static",NA,11.3,26,0.000710812456048,0.0000000395219500251
"1070","59878_365519.5_3900387.5",4.19000005722046,365519.5,3900387.5,9,2.5,TRUE,706,26,"3:17","4:29",35.237525678,-106.478060097,2309.664,0.6139,0.2156,0.7727,0.6139,0.2156,0.7726,"static",NA,11.3,26,0.000710812456048,0.0000000395219500251
"1071","59937_365507.5_3900386.5",7.17000007629395,365507.5,3900386.5,38,3.5,TRUE,706,26,"3:17","4:29",35.237525678,-106.478060097,2309.664,0.6139,0.2156,0.7727,0.6139,0.2156,0.7726,"static",NA,11.3,26,0.000710812456048,0.0000000395219500251
"1072","59995_365519.5_3900385.5",4.30000019073486,365519.5,3900385.5,16,2.5,TRUE,706,26,"3:17","4:29",35.237525678,-106.478060097,2309.664,0.6139,0.2156,0.7727,0.6139,0.2156,0.7726,"static",NA,11.3,26,0.000710812456048,0.0000000395219500251
"1073","60041_365512.5_3900384.5",6.40999984741211,365512.5,3900384.5,36,2.5,TRUE,706,26,"3:17","4:29",35.237525678,-106.478060097,2309.664,0.6139,0.2156,0.7727,0.6139,0.2156,0.7726,"static",NA,11.3,26,0.000710812456048,0.0000000395219500251
"1074","60042_365522.5_3900384.5",4.09999990463257,365522.5,3900384.5,18,3.5,TRUE,706,26,"3:17","4:29",35.237525678,-106.478060097,2309.664,0.6139,0.2156,0.7727,0.6139,0.2156,0.7726,"static",NA,11.3,26,0.000710812456048,0.0000000395219500251
"1075","60085_365497.5_3900383.5",5.40999984741211,365497.5,3900383.5,21,2.88794733560021,FALSE,706,26,"3:17","4:29",35.237525678,-106.478060097,2309.664,0.6139,0.2156,0.7727,0.6139,0.2156,0.7726,"static",NA,11.3,26,0.000710812456048,0.0000000395219500251
"1076","60152_365502.5_3900382.5",6.84999990463257,365502.5,3900382.5,27,2.5,TRUE,706,26,"3:17","4:29",35.237525678,-106.478060097,2309.664,0.6139,0.2156,0.7727,0.6139,0.2156,0.7726,"static",NA,11.3,26,0.000710812456048,0.0000000395219500251
"1077","60203_365498.5_3900381.5",5.78000020980835,365498.5,3900381.5,14,2.5,TRUE,706,26,"3:17","4:29",35.237525678,-106.478060097,2309.664,0.6139,0.2156,0.7727,0.6139,0.2156,0.7726,"static",NA,11.3,26,0.000710812456048,0.0000000395219500251
"1078","60204_365523.5_3900381.5",4.59999990463257,365523.5,3900381.5,17,3.5,TRUE,706,26,"3:17","4:29",35.237525678,-106.478060097,2309.664,0.6139,0.2156,0.7727,0.6139,0.2156,0.7726,"static",NA,11.3,26,0.000710812456048,0.0000000395219500251
"1079","60256_365507.5_3900380.5",5.92000007629395,365507.5,3900380.5,28,2.5,TRUE,706,26,"3:17","4:29",35.237525678,-106.478060097,2309.664,0.6139,0.2156,0.7727,0.6139,0.2156,0.7726,"static",NA,11.3,26,0.000710812456048,0.0000000395219500251
"1080","60305_365503.5_3900379.5",6.57999992370605,365503.5,3900379.5,20,4.5,TRUE,706,26,"3:17","4:29",35.237525678,-106.478060097,2309.664,0.6139,0.2156,0.7727,0.6139,0.2156,0.7726,"static",NA,11.3,26,0.000710812456048,0.0000000395219500251
"1081","60306_365515.5_3900379.5",3.72000002861023,365515.5,3900379.5,15,2.4956767765652,FALSE,706,26,"3:17","4:29",35.237525678,-106.478060097,2309.664,0.6139,0.2156,0.7727,0.6139,0.2156,0.7726,"static",NA,11.3,26,0.000710812456048,0.0000000395219500251
"1082","60524_365504.5_3900375.5",7.23000001907349,365504.5,3900375.5,21,3.5,TRUE,706,26,"3:17","4:29",35.237525678,-106.478060097,2309.664,0.6139,0.2156,0.7727,0.6139,0.2156,0.7726,"static",NA,11.3,26,0.000710812456048,0.0000000395219500251
"1083","60525_365515.5_3900375.5",4.05000019073486,365515.5,3900375.5,8,2.5,TRUE,706,26,"3:17","4:29",35.237525678,-106.478060097,2309.664,0.6139,0.2156,0.7727,0.6139,0.2156,0.7726,"static",NA,11.3,26,0.000710812456048,0.0000000395219500251
"1084","60573_365513.5_3900374.5",3.94000005722046,365513.5,3900374.5,7,3.5,TRUE,706,26,"3:17","4:29",35.237525678,-106.478060097,2309.664,0.6139,0.2156,0.7727,0.6139,0.2156,0.7726,"static",NA,11.3,26,0.000710812456048,0.0000000395219500251
"1085","60685_365510.5_3900372.5",5.1100001335144,365510.5,3900372.5,14,2.5,TRUE,706,26,"3:17","4:29",35.237525678,-106.478060097,2309.664,0.6139,0.2156,0.7727,0.6139,0.2156,0.7726,"static",NA,11.3,26,0.000710812456048,0.0000000395219500251
"1086","65665_365394.5_3900277.5",6.42000007629395,365394.5,3900277.5,25,2.5,TRUE,706,25,"1:01","1:32",35.236420922,-106.479259079,2279.7486,0.6956,0.2688,0.3363,0.6956,0.2688,0.3363,"static",NA,11.3,25,0.000710806014876,0.0000000395213287459
"1087","65711_365397.5_3900276.5",5.76999998092651,365397.5,3900276.5,14,3.5,TRUE,706,25,"1:01","1:32",35.236420922,-106.479259079,2279.7486,0.6956,0.2688,0.3363,0.6956,0.2688,0.3363,"static",NA,11.3,25,0.000710806014876,0.0000000395213287459
"1088","65816_365391.5_3900274.5",7.34000015258789,365391.5,3900274.5,17,3.5,TRUE,706,25,"1:01","1:32",35.236420922,-106.479259079,2279.7486,0.6956,0.2688,0.3363,0.6956,0.2688,0.3363,"static",NA,11.3,25,0.000710806014876,0.0000000395213287459
"1089","65865_365394.5_3900273.5",7.1399998664856,365394.5,3900273.5,24,2.5,TRUE,706,25,"1:01","1:32",35.236420922,-106.479259079,2279.7486,0.6956,0.2688,0.3363,0.6956,0.2688,0.3363,"static",NA,11.3,25,0.000710806014876,0.0000000395213287459
"1090","65918_365402.5_3900272.5",7.15999984741211,365402.5,3900272.5,59,5.5,TRUE,706,25,"1:01","1:32",35.236420922,-106.479259079,2279.7486,0.6956,0.2688,0.3363,0.6956,0.2688,0.3363,"static",NA,11.3,25,0.000710806014876,0.0000000395213287459
"1091","66007_365391.5_3900270.5",6.28000020980835,365391.5,3900270.5,15,2.5,TRUE,706,25,"1:01","1:32",35.236420922,-106.479259079,2279.7486,0.6956,0.2688,0.3363,0.6956,0.2688,0.3363,"static",NA,11.3,25,0.000710806014876,0.0000000395213287459
"1092","66008_365412.5_3900270.5",7.1100001335144,365412.5,3900270.5,44,5.5,TRUE,706,25,"1:01","1:32",35.236420922,-106.479259079,2279.7486,0.6956,0.2688,0.3363,0.6956,0.2688,0.3363,"static",NA,11.3,25,0.000710806014876,0.0000000395213287459
"1093","66100_365399.5_3900268.5",6.44999980926514,365399.5,3900268.5,27,2.5,TRUE,706,25,"1:01","1:32",35.236420922,-106.479259079,2279.7486,0.6956,0.2688,0.3363,0.6956,0.2688,0.3363,"static",NA,11.3,25,0.000710806014876,0.0000000395213287459
"1094","66147_365391.5_3900267.5",6.42999982833862,365391.5,3900267.5,15,2.5,TRUE,706,25,"1:01","1:32",35.236420922,-106.479259079,2279.7486,0.6956,0.2688,0.3363,0.6956,0.2688,0.3363,"static",NA,11.3,25,0.000710806014876,0.0000000395213287459
"1095","66195_365395.5_3900266.5",6.11999988555908,365395.5,3900266.5,14,3.5,TRUE,706,25,"1:01","1:32",35.236420922,-106.479259079,2279.7486,0.6956,0.2688,0.3363,0.6956,0.2688,0.3363,"static",NA,11.3,25,0.000710806014876,0.0000000395213287459
"1096","66196_365397.5_3900266.5",5.92000007629395,365397.5,3900266.5,6,2.5,TRUE,706,25,"1:01","1:32",35.236420922,-106.479259079,2279.7486,0.6956,0.2688,0.3363,0.6956,0.2688,0.3363,"static",NA,11.3,25,0.000710806014876,0.0000000395213287459
"1097","66247_365391.5_3900265.5",6.42999982833862,365391.5,3900265.5,18,2.5,TRUE,706,25,"1:01","1:32",35.236420922,-106.479259079,2279.7486,0.6956,0.2688,0.3363,0.6956,0.2688,0.3363,"static",NA,11.3,25,0.000710806014876,0.0000000395213287459
"1098","66298_365394.5_3900264.5",6.26999998092651,365394.5,3900264.5,15,3.5,TRUE,706,25,"1:01","1:32",35.236420922,-106.479259079,2279.7486,0.6956,0.2688,0.3363,0.6956,0.2688,0.3363,"static",NA,11.3,25,0.000710806014876,0.0000000395213287459
"1099","66299_365406.5_3900264.5",6.88000011444092,365406.5,3900264.5,36,3.5,TRUE,706,25,"1:01","1:32",35.236420922,-106.479259079,2279.7486,0.6956,0.2688,0.3363,0.6956,0.2688,0.3363,"static",NA,11.3,25,0.000710806014876,0.0000000395213287459
"1100","66353_365399.5_3900263.5",6.55999994277954,365399.5,3900263.5,16,3.5,TRUE,706,25,"1:01","1:32",35.236420922,-106.479259079,2279.7486,0.6956,0.2688,0.3363,0.6956,0.2688,0.3363,"static",NA,11.3,25,0.000710806014876,0.0000000395213287459
"1101","66354_365410.5_3900263.5",6.51999998092651,365410.5,3900263.5,34,4.5,TRUE,706,25,"1:01","1:32",35.236420922,-106.479259079,2279.7486,0.6956,0.2688,0.3363,0.6956,0.2688,0.3363,"static",NA,11.3,25,0.000710806014876,0.0000000395213287459
"1102","66448_365398.5_3900261.5",6.48999977111816,365398.5,3900261.5,21,4.5,TRUE,706,25,"1:01","1:32",35.236420922,-106.479259079,2279.7486,0.6956,0.2688,0.3363,0.6956,0.2688,0.3363,"static",NA,11.3,25,0.000710806014876,0.0000000395213287459
"1103","66449_365402.5_3900261.5",5.61999988555908,365402.5,3900261.5,29,2.5,TRUE,706,25,"1:01","1:32",35.236420922,-106.479259079,2279.7486,0.6956,0.2688,0.3363,0.6956,0.2688,0.3363,"static",NA,11.3,25,0.000710806014876,0.0000000395213287459
"1104","66517_365387.5_3900260.5",6.48000001907349,365387.5,3900260.5,19,2.5,TRUE,706,25,"1:01","1:32",35.236420922,-106.479259079,2279.7486,0.6956,0.2688,0.3363,0.6956,0.2688,0.3363,"static",NA,11.3,25,0.000710806014876,0.0000000395213287459
"1105","66613_365391.5_3900258.5",4.11999988555908,365391.5,3900258.5,15,1.5,TRUE,706,25,"1:01","1:32",35.236420922,-106.479259079,2279.7486,0.6956,0.2688,0.3363,0.6956,0.2688,0.3363,"static",NA,11.3,25,0.000710806014876,0.0000000395213287459
"1106","66662_365393.5_3900257.5",6.65000009536743,365393.5,3900257.5,14,3.5,TRUE,706,25,"1:01","1:32",35.236420922,-106.479259079,2279.7486,0.6956,0.2688,0.3363,0.6956,0.2688,0.3363,"static",NA,11.3,25,0.000710806014876,0.0000000395213287459
"1107","66721_365391.5_3900256.5",5.07999992370605,365391.5,3900256.5,5,3.5,TRUE,706,25,"1:01","1:32",35.236420922,-106.479259079,2279.7486,0.6956,0.2688,0.3363,0.6956,0.2688,0.3363,"static",NA,11.3,25,0.000710806014876,0.0000000395213287459
"1108","66722_365397.5_3900256.5",5.09999990463257,365397.5,3900256.5,19,2.5,TRUE,706,25,"1:01","1:32",35.236420922,-106.479259079,2279.7486,0.6956,0.2688,0.3363,0.6956,0.2688,0.3363,"static",NA,11.3,25,0.000710806014876,0.0000000395213287459
"1109","66723_365399.5_3900256.5",5.51000022888184,365399.5,3900256.5,22,2.5,TRUE,706,25,"1:01","1:32",35.236420922,-106.479259079,2279.7486,0.6956,0.2688,0.3363,0.6956,0.2688,0.3363,"static",NA,11.3,25,0.000710806014876,0.0000000395213287459
"1110","66778_365393.5_3900255.5",6.38000011444092,365393.5,3900255.5,10,3.5,TRUE,706,25,"1:01","1:32",35.236420922,-106.479259079,2279.7486,0.6956,0.2688,0.3363,0.6956,0.2688,0.3363,"static",NA,11.3,25,0.000710806014876,0.0000000395213287459
"1111","66779_365408.5_3900255.5",6.15000009536743,365408.5,3900255.5,37,2.5,TRUE,706,25,"1:01","1:32",35.236420922,-106.479259079,2279.7486,0.6956,0.2688,0.3363,0.6956,0.2688,0.3363,"static",NA,11.3,25,0.000710806014876,0.0000000395213287459
"1112","66903_365403.5_3900253.5",4.36999988555908,365403.5,3900253.5,31,2.39106305964715,FALSE,706,25,"1:01","1:32",35.236420922,-106.479259079,2279.7486,0.6956,0.2688,0.3363,0.6956,0.2688,0.3363,"static",NA,11.3,25,0.000710806014876,0.0000000395213287459
"1113","75627_365240.5_3900093.5",5.15000009536743,365240.5,3900093.5,14,2.5,TRUE,706,24,"10:40","11:11",35.23474809,-106.481044277,2229.4326,0.1616,0.076,0.1457,0.1616,0.076,0.1457,"static","plot looked odd",11.3,24,0.000710797560503,0.0000000395205139579
"1114","75677_365231.5_3900092.5",6.76000022888184,365231.5,3900092.5,77,3.14613838383839,FALSE,706,24,"10:40","11:11",35.23474809,-106.481044277,2229.4326,0.1616,0.076,0.1457,0.1616,0.076,0.1457,"static","plot looked odd",11.3,24,0.000710797560503,0.0000000395205139579
"1115","75742_365237.5_3900091.5",5.63000011444092,365237.5,3900091.5,24,2.5,TRUE,706,24,"10:40","11:11",35.23474809,-106.481044277,2229.4326,0.1616,0.076,0.1457,0.1616,0.076,0.1457,"static","plot looked odd",11.3,24,0.000710797560503,0.0000000395205139579
"1116","75855_365240.5_3900089.5",4.40000009536743,365240.5,3900089.5,18,2.16506249854903,FALSE,706,24,"10:40","11:11",35.23474809,-106.481044277,2229.4326,0.1616,0.076,0.1457,0.1616,0.076,0.1457,"static","plot looked odd",11.3,24,0.000710797560503,0.0000000395205139579
"1117","75856_365245.5_3900089.5",5.98999977111816,365245.5,3900089.5,26,3.5,TRUE,706,24,"10:40","11:11",35.23474809,-106.481044277,2229.4326,0.1616,0.076,0.1457,0.1616,0.076,0.1457,"static","plot looked odd",11.3,24,0.000710797560503,0.0000000395205139579
"1118","75942_365236.5_3900087.5",4.32999992370605,365236.5,3900087.5,15,2.16611818175555,FALSE,706,24,"10:40","11:11",35.23474809,-106.481044277,2229.4326,0.1616,0.076,0.1457,0.1616,0.076,0.1457,"static","plot looked odd",11.3,24,0.000710797560503,0.0000000395205139579
"1119","76059_365246.5_3900085.5",7.28000020980835,365246.5,3900085.5,32,3.51898454980588,FALSE,706,24,"10:40","11:11",35.23474809,-106.481044277,2229.4326,0.1616,0.076,0.1457,0.1616,0.076,0.1457,"static","plot looked odd",11.3,24,0.000710797560503,0.0000000395205139579
"1120","76100_365224.5_3900084.5",6.94000005722046,365224.5,3900084.5,23,6.5,TRUE,706,24,"10:40","11:11",35.23474809,-106.481044277,2229.4326,0.1616,0.076,0.1457,0.1616,0.076,0.1457,"static","plot looked odd",11.3,24,0.000710797560503,0.0000000395205139579
"1121","76101_365226.5_3900084.5",7.05999994277954,365226.5,3900084.5,56,3.09041563251563,FALSE,706,24,"10:40","11:11",35.23474809,-106.481044277,2229.4326,0.1616,0.076,0.1457,0.1616,0.076,0.1457,"static","plot looked odd",11.3,24,0.000710797560503,0.0000000395205139579
"1122","76102_365231.5_3900084.5",5.84999990463257,365231.5,3900084.5,38,3.5,TRUE,706,24,"10:40","11:11",35.23474809,-106.481044277,2229.4326,0.1616,0.076,0.1457,0.1616,0.076,0.1457,"static","plot looked odd",11.3,24,0.000710797560503,0.0000000395205139579
"1123","76103_365237.5_3900084.5",4.30000019073486,365237.5,3900084.5,14,2.20934599570698,FALSE,706,24,"10:40","11:11",35.23474809,-106.481044277,2229.4326,0.1616,0.076,0.1457,0.1616,0.076,0.1457,"static","plot looked odd",11.3,24,0.000710797560503,0.0000000395205139579
"1124","76104_365240.5_3900084.5",4.59999990463257,365240.5,3900084.5,16,1.5,TRUE,706,24,"10:40","11:11",35.23474809,-106.481044277,2229.4326,0.1616,0.076,0.1457,0.1616,0.076,0.1457,"static","plot looked odd",11.3,24,0.000710797560503,0.0000000395205139579
"1125","76317_365243.5_3900080.5",6.13000011444092,365243.5,3900080.5,30,2.5,TRUE,706,24,"10:40","11:11",35.23474809,-106.481044277,2229.4326,0.1616,0.076,0.1457,0.1616,0.076,0.1457,"static","plot looked odd",11.3,24,0.000710797560503,0.0000000395205139579
"1126","76358_365247.5_3900079.5",5.36999988555908,365247.5,3900079.5,15,4.5,TRUE,706,24,"10:40","11:11",35.23474809,-106.481044277,2229.4326,0.1616,0.076,0.1457,0.1616,0.076,0.1457,"static","plot looked odd",11.3,24,0.000710797560503,0.0000000395205139579
"1127","76421_365222.5_3900078.5",4.84999990463257,365222.5,3900078.5,30,2.50797970579747,FALSE,706,24,"10:40","11:11",35.23474809,-106.481044277,2229.4326,0.1616,0.076,0.1457,0.1616,0.076,0.1457,"static","plot looked odd",11.3,24,0.000710797560503,0.0000000395205139579
"1128","76476_365235.5_3900077.5",6.84000015258789,365235.5,3900077.5,56,5.5,TRUE,706,24,"10:40","11:11",35.23474809,-106.481044277,2229.4326,0.1616,0.076,0.1457,0.1616,0.076,0.1457,"static","plot looked odd",11.3,24,0.000710797560503,0.0000000395205139579
"1129","76547_365239.5_3900076.5",5.71999979019165,365239.5,3900076.5,21,3.5,TRUE,706,24,"10:40","11:11",35.23474809,-106.481044277,2229.4326,0.1616,0.076,0.1457,0.1616,0.076,0.1457,"static","plot looked odd",11.3,24,0.000710797560503,0.0000000395205139579
"1130","76654_365244.5_3900074.5",6.09999990463257,365244.5,3900074.5,16,4.5,TRUE,706,24,"10:40","11:11",35.23474809,-106.481044277,2229.4326,0.1616,0.076,0.1457,0.1616,0.076,0.1457,"static","plot looked odd",11.3,24,0.000710797560503,0.0000000395205139579
"1131","76759_365224.5_3900072.5",3.44000005722046,365224.5,3900072.5,17,1.92515087638925,FALSE,706,24,"10:40","11:11",35.23474809,-106.481044277,2229.4326,0.1616,0.076,0.1457,0.1616,0.076,0.1457,"static","plot looked odd",11.3,24,0.000710797560503,0.0000000395205139579
"1132","76760_365240.5_3900072.5",5.26999998092651,365240.5,3900072.5,14,3.5,TRUE,706,24,"10:40","11:11",35.23474809,-106.481044277,2229.4326,0.1616,0.076,0.1457,0.1616,0.076,0.1457,"static","plot looked odd",11.3,24,0.000710797560503,0.0000000395205139579
"1133","76812_365232.5_3900071.5",3.89000010490417,365232.5,3900071.5,15,1.97290602151024,FALSE,706,24,"10:40","11:11",35.23474809,-106.481044277,2229.4326,0.1616,0.076,0.1457,0.1616,0.076,0.1457,"static","plot looked odd",11.3,24,0.000710797560503,0.0000000395205139579
"1134","76813_365236.5_3900071.5",4.96000003814697,365236.5,3900071.5,23,2.5,TRUE,706,24,"10:40","11:11",35.23474809,-106.481044277,2229.4326,0.1616,0.076,0.1457,0.1616,0.076,0.1457,"static","plot looked odd",11.3,24,0.000710797560503,0.0000000395205139579
"1135","76961_365226.5_3900068.5",5.03999996185303,365226.5,3900068.5,32,2.85419509999382,FALSE,706,24,"10:40","11:11",35.23474809,-106.481044277,2229.4326,0.1616,0.076,0.1457,0.1616,0.076,0.1457,"static","plot looked odd",11.3,24,0.000710797560503,0.0000000395205139579
"1136","76962_365232.5_3900068.5",4.53999996185303,365232.5,3900068.5,15,2.36667491258885,FALSE,706,24,"10:40","11:11",35.23474809,-106.481044277,2229.4326,0.1616,0.076,0.1457,0.1616,0.076,0.1457,"static","plot looked odd",11.3,24,0.000710797560503,0.0000000395205139579
"1137","37349_454486.5_4065673.5",18.2099990844727,454486.5,4065673.5,85,5.5,TRUE,802,72,"5:43","6:06",36.735557353,-105.509751933,2564.1951,1.1173,3.4726,6.489,1.1172,3.4724,6.4886,"static",NA,11.3,72,0.000718535348464,0.0000000402661488712
"1138","37350_454494.5_4065673.5",14.960000038147,454494.5,4065673.5,48,2.5,TRUE,802,72,"5:43","6:06",36.735557353,-105.509751933,2564.1951,1.1173,3.4726,6.489,1.1172,3.4724,6.4886,"static",NA,11.3,72,0.000718535348464,0.0000000402661488712
"1139","37669_454484.5_4065666.5",8.27999973297119,454484.5,4065666.5,16,2.5,TRUE,802,72,"5:43","6:06",36.735557353,-105.509751933,2564.1951,1.1173,3.4726,6.489,1.1172,3.4724,6.4886,"static",NA,11.3,72,0.000718535348464,0.0000000402661488712
"1140","37762_454484.5_4065664.5",9.56999969482422,454484.5,4065664.5,21,1.5,TRUE,802,72,"5:43","6:06",36.735557353,-105.509751933,2564.1951,1.1173,3.4726,6.489,1.1172,3.4724,6.4886,"static",NA,11.3,72,0.000718535348464,0.0000000402661488712
"1141","37763_454493.5_4065664.5",21.6399993896484,454493.5,4065664.5,73,12.5,TRUE,802,72,"5:43","6:06",36.735557353,-105.509751933,2564.1951,1.1173,3.4726,6.489,1.1172,3.4724,6.4886,"static",NA,11.3,72,0.000718535348464,0.0000000402661488712
"1142","37812_454474.5_4065663.5",6.57000017166138,454474.5,4065663.5,28,1.5,TRUE,802,72,"5:43","6:06",36.735557353,-105.509751933,2564.1951,1.1173,3.4726,6.489,1.1172,3.4724,6.4886,"static",NA,11.3,72,0.000718535348464,0.0000000402661488712
"1143","37988_454490.5_4065659.5",16.1100006103516,454490.5,4065659.5,51,3.5,TRUE,802,72,"5:43","6:06",36.735557353,-105.509751933,2564.1951,1.1173,3.4726,6.489,1.1172,3.4724,6.4886,"static",NA,11.3,72,0.000718535348464,0.0000000402661488712
"1144","37989_454499.5_4065659.5",19.8600006103516,454499.5,4065659.5,38,2.5,TRUE,802,72,"5:43","6:06",36.735557353,-105.509751933,2564.1951,1.1173,3.4726,6.489,1.1172,3.4724,6.4886,"static",NA,11.3,72,0.000718535348464,0.0000000402661488712
"1145","38167_454441.5_4065655.5",26.6100006103516,454441.5,4065655.5,98,10.5,TRUE,802,71,"4:11","4:31",36.735428759,-105.510240633,2559.7955,1.5877,0.6273,0.9726,1.5875,0.6273,0.9725,"static",NA,11.3,71,0.000718534972934,0.000000040266104095
"1146","38216_454474.5_4065654.5",17.4400005340576,454474.5,4065654.5,56,1.5,TRUE,802,72,"5:43","6:06",36.735557353,-105.509751933,2564.1951,1.1173,3.4726,6.489,1.1172,3.4724,6.4886,"static",NA,11.3,72,0.000718535348464,0.0000000402661488712
"1147","38217_454482.5_4065654.5",11.7700004577637,454482.5,4065654.5,53,1.5,TRUE,802,72,"5:43","6:06",36.735557353,-105.509751933,2564.1951,1.1173,3.4726,6.489,1.1172,3.4724,6.4886,"static",NA,11.3,72,0.000718535348464,0.0000000402661488712
"1148","38267_454493.5_4065653.5",4.23000001907349,454493.5,4065653.5,9,1.5,TRUE,802,72,"5:43","6:06",36.735557353,-105.509751933,2564.1951,1.1173,3.4726,6.489,1.1172,3.4724,6.4886,"static",NA,11.3,72,0.000718535348464,0.0000000402661488712
"1149","38307_454434.5_4065652.5",6.53999996185303,454434.5,4065652.5,27,1.5,TRUE,802,71,"4:11","4:31",36.735428759,-105.510240633,2559.7955,1.5877,0.6273,0.9726,1.5875,0.6273,0.9725,"static",NA,11.3,71,0.000718534972934,0.000000040266104095
"1150","38308_454450.5_4065652.5",4.59000015258789,454450.5,4065652.5,17,1.5,TRUE,802,71,"4:11","4:31",36.735428759,-105.510240633,2559.7955,1.5877,0.6273,0.9726,1.5875,0.6273,0.9725,"static",NA,11.3,71,0.000718534972934,0.000000040266104095
"1151","38399_454450.5_4065650.5",7.03999996185303,454450.5,4065650.5,19,2.5,TRUE,802,71,"4:11","4:31",36.735428759,-105.510240633,2559.7955,1.5877,0.6273,0.9726,1.5875,0.6273,0.9725,"static",NA,11.3,71,0.000718534972934,0.000000040266104095
"1152","38450_454456.5_4065649.5",11.8500003814697,454456.5,4065649.5,19,3.5,TRUE,802,71,"4:11","4:31",36.735428759,-105.510240633,2559.7955,1.5877,0.6273,0.9726,1.5875,0.6273,0.9725,"static",NA,11.3,71,0.000718534972934,0.000000040266104095
"1153","38492_454486.5_4065648.5",5.57000017166138,454486.5,4065648.5,35,1.5,TRUE,802,72,"5:43","6:06",36.735557353,-105.509751933,2564.1951,1.1173,3.4726,6.489,1.1172,3.4724,6.4886,"static",NA,11.3,72,0.000718535348464,0.0000000402661488712
"1154","38536_454441.5_4065647.5",20.1800003051758,454441.5,4065647.5,81,2.5,TRUE,802,71,"4:11","4:31",36.735428759,-105.510240633,2559.7955,1.5877,0.6273,0.9726,1.5875,0.6273,0.9725,"static",NA,11.3,71,0.000718534972934,0.000000040266104095
"1155","38611_454494.5_4065645.5",19.1800003051758,454494.5,4065645.5,93,1.5,TRUE,802,72,"5:43","6:06",36.735557353,-105.509751933,2564.1951,1.1173,3.4726,6.489,1.1172,3.4724,6.4886,"static",NA,11.3,72,0.000718535348464,0.0000000402661488712
"1156","38659_454433.5_4065644.5",7.1100001335144,454433.5,4065644.5,35,1.5,TRUE,802,71,"4:11","4:31",36.735428759,-105.510240633,2559.7955,1.5877,0.6273,0.9726,1.5875,0.6273,0.9725,"static",NA,11.3,71,0.000718534972934,0.000000040266104095
"1157","38712_454447.5_4065643.5",4.75,454447.5,4065643.5,15,1.5,TRUE,802,71,"4:11","4:31",36.735428759,-105.510240633,2559.7955,1.5877,0.6273,0.9726,1.5875,0.6273,0.9725,"static",NA,11.3,71,0.000718534972934,0.000000040266104095
"1158","38764_454454.5_4065642.5",21.7700004577637,454454.5,4065642.5,91,2.5,TRUE,802,71,"4:11","4:31",36.735428759,-105.510240633,2559.7955,1.5877,0.6273,0.9726,1.5875,0.6273,0.9725,"static",NA,11.3,71,0.000718534972934,0.000000040266104095
"1159","38904_454436.5_4065639.5",13.1499996185303,454436.5,4065639.5,38,1.5,TRUE,802,71,"4:11","4:31",36.735428759,-105.510240633,2559.7955,1.5877,0.6273,0.9726,1.5875,0.6273,0.9725,"static",NA,11.3,71,0.000718534972934,0.000000040266104095
"1160","38948_454443.5_4065638.5",8.28999996185303,454443.5,4065638.5,18,1.5,TRUE,802,71,"4:11","4:31",36.735428759,-105.510240633,2559.7955,1.5877,0.6273,0.9726,1.5875,0.6273,0.9725,"static",NA,11.3,71,0.000718534972934,0.000000040266104095
"1161","39045_454440.5_4065636.5",8.27000045776367,454440.5,4065636.5,18,1.5,TRUE,802,71,"4:11","4:31",36.735428759,-105.510240633,2559.7955,1.5877,0.6273,0.9726,1.5875,0.6273,0.9725,"static",NA,11.3,71,0.000718534972934,0.000000040266104095
"1162","39046_454444.5_4065636.5",7.28000020980835,454444.5,4065636.5,22,1.5,TRUE,802,71,"4:11","4:31",36.735428759,-105.510240633,2559.7955,1.5877,0.6273,0.9726,1.5875,0.6273,0.9725,"static",NA,11.3,71,0.000718534972934,0.000000040266104095
"1163","39095_454435.5_4065635.5",11.789999961853,454435.5,4065635.5,31,1.5,TRUE,802,71,"4:11","4:31",36.735428759,-105.510240633,2559.7955,1.5877,0.6273,0.9726,1.5875,0.6273,0.9725,"static",NA,11.3,71,0.000718534972934,0.000000040266104095
"1164","39241_454443.5_4065632.5",2.49000000953674,454443.5,4065632.5,9,1.75058172840132,FALSE,802,71,"4:11","4:31",36.735428759,-105.510240633,2559.7955,1.5877,0.6273,0.9726,1.5875,0.6273,0.9725,"static",NA,11.3,71,0.000718534972934,0.000000040266104095
"1165","39242_454450.5_4065632.5",23.9799995422363,454450.5,4065632.5,102,5.5,TRUE,802,71,"4:11","4:31",36.735428759,-105.510240633,2559.7955,1.5877,0.6273,0.9726,1.5875,0.6273,0.9725,"static",NA,11.3,71,0.000718534972934,0.000000040266104095
"1166","39284_454438.5_4065631.5",8.64000034332275,454438.5,4065631.5,18,1.5,TRUE,802,71,"4:11","4:31",36.735428759,-105.510240633,2559.7955,1.5877,0.6273,0.9726,1.5875,0.6273,0.9725,"static",NA,11.3,71,0.000718534972934,0.000000040266104095
"1167","15008_454766.5_4066095.5",19.1800003051758,454766.5,4066095.5,52,10.5,TRUE,802,69,"11:17","11:48",36.739378206,-105.506671283,2616.998,0.6071,0.6343,0.4498,0.6071,0.6343,0.4498,"static",NA,11.3,69,0.000718555974478,0.0000000402681376979
"1168","15269_454758.5_4066089.5",18.2999992370605,454758.5,4066089.5,79,1.5,TRUE,802,69,"11:17","11:48",36.739378206,-105.506671283,2616.998,0.6071,0.6343,0.4498,0.6071,0.6343,0.4498,"static",NA,11.3,69,0.000718555974478,0.0000000402681376979
"1169","15306_454767.5_4066088.5",7.59999990463257,454767.5,4066088.5,32,2.5,TRUE,802,69,"11:17","11:48",36.739378206,-105.506671283,2616.998,0.6071,0.6343,0.4498,0.6071,0.6343,0.4498,"static",NA,11.3,69,0.000718555974478,0.0000000402681376979
"1170","15436_454774.5_4066085.5",5.94000005722046,454774.5,4066085.5,18,3.5,TRUE,802,69,"11:17","11:48",36.739378206,-105.506671283,2616.998,0.6071,0.6343,0.4498,0.6071,0.6343,0.4498,"static",NA,11.3,69,0.000718555974478,0.0000000402681376979
"1171","15472_454756.5_4066084.5",22.1800003051758,454756.5,4066084.5,57,2.5,TRUE,802,69,"11:17","11:48",36.739378206,-105.506671283,2616.998,0.6071,0.6343,0.4498,0.6071,0.6343,0.4498,"static",NA,11.3,69,0.000718555974478,0.0000000402681376979
"1172","15514_454767.5_4066083.5",4.94000005722046,454767.5,4066083.5,12,1.5,TRUE,802,69,"11:17","11:48",36.739378206,-105.506671283,2616.998,0.6071,0.6343,0.4498,0.6071,0.6343,0.4498,"static",NA,11.3,69,0.000718555974478,0.0000000402681376979
"1173","15515_454778.5_4066083.5",9.18000030517578,454778.5,4066083.5,24,1.5,TRUE,802,69,"11:17","11:48",36.739378206,-105.506671283,2616.998,0.6071,0.6343,0.4498,0.6071,0.6343,0.4498,"static",NA,11.3,69,0.000718555974478,0.0000000402681376979
"1174","15592_454751.5_4066081.5",20.0499992370605,454751.5,4066081.5,55,1.5,TRUE,802,69,"11:17","11:48",36.739378206,-105.506671283,2616.998,0.6071,0.6343,0.4498,0.6071,0.6343,0.4498,"static",NA,11.3,69,0.000718555974478,0.0000000402681376979
"1175","15667_454775.5_4066079.5",17.1599998474121,454775.5,4066079.5,50,1.5,TRUE,802,69,"11:17","11:48",36.739378206,-105.506671283,2616.998,0.6071,0.6343,0.4498,0.6071,0.6343,0.4498,"static",NA,11.3,69,0.000718555974478,0.0000000402681376979
"1176","15688_454753.5_4066078.5",13.3800001144409,454753.5,4066078.5,12,1.5,TRUE,802,69,"11:17","11:48",36.739378206,-105.506671283,2616.998,0.6071,0.6343,0.4498,0.6071,0.6343,0.4498,"static",NA,11.3,69,0.000718555974478,0.0000000402681376979
"1177","15728_454761.5_4066077.5",21.6100006103516,454761.5,4066077.5,61,2.5,TRUE,802,69,"11:17","11:48",36.739378206,-105.506671283,2616.998,0.6071,0.6343,0.4498,0.6071,0.6343,0.4498,"static",NA,11.3,69,0.000718555974478,0.0000000402681376979
"1178","15729_454766.5_4066077.5",19.1299991607666,454766.5,4066077.5,43,5.5,TRUE,802,69,"11:17","11:48",36.739378206,-105.506671283,2616.998,0.6071,0.6343,0.4498,0.6071,0.6343,0.4498,"static",NA,11.3,69,0.000718555974478,0.0000000402681376979
"1179","15944_454755.5_4066071.5",24.0799999237061,454755.5,4066071.5,146,1.5,TRUE,802,69,"11:17","11:48",36.739378206,-105.506671283,2616.998,0.6071,0.6343,0.4498,0.6071,0.6343,0.4498,"static",NA,11.3,69,0.000718555974478,0.0000000402681376979
"1180","15945_454767.5_4066071.5",26.8600006103516,454767.5,4066071.5,76,1.5,TRUE,802,69,"11:17","11:48",36.739378206,-105.506671283,2616.998,0.6071,0.6343,0.4498,0.6071,0.6343,0.4498,"static",NA,11.3,69,0.000718555974478,0.0000000402681376979
"1181","17966_454731.5_4066020.5",17.7600002288818,454731.5,4066020.5,25,7.5,TRUE,802,68,"10:05","10:36",36.738736821,-105.506983978,2608.5142,0.1297,0.0385,0.1464,0.1297,0.0384,0.1464,"static",NA,11.3,68,0.000718552604966,0.0000000402678147273
"1182","18045_454734.5_4066018.5",17.3999996185303,454734.5,4066018.5,28,1.5,TRUE,802,68,"10:05","10:36",36.738736821,-105.506983978,2608.5142,0.1297,0.0385,0.1464,0.1297,0.0384,0.1464,"static",NA,11.3,68,0.000718552604966,0.0000000402678147273
"1183","18046_454744.5_4066018.5",21.9799995422363,454744.5,4066018.5,51,8.5,TRUE,802,68,"10:05","10:36",36.738736821,-105.506983978,2608.5142,0.1297,0.0385,0.1464,0.1297,0.0384,0.1464,"static",NA,11.3,68,0.000718552604966,0.0000000402678147273
"1184","18206_454728.5_4066014.5",21.1800003051758,454728.5,4066014.5,48,10.5,TRUE,802,68,"10:05","10:36",36.738736821,-105.506983978,2608.5142,0.1297,0.0385,0.1464,0.1297,0.0384,0.1464,"static",NA,11.3,68,0.000718552604966,0.0000000402678147273
"1185","18207_454747.5_4066014.5",24.3199996948242,454747.5,4066014.5,65,7.5,TRUE,802,68,"10:05","10:36",36.738736821,-105.506983978,2608.5142,0.1297,0.0385,0.1464,0.1297,0.0384,0.1464,"static",NA,11.3,68,0.000718552604966,0.0000000402678147273
"1186","18249_454736.5_4066013.5",19.2700004577637,454736.5,4066013.5,41,8.5,TRUE,802,68,"10:05","10:36",36.738736821,-105.506983978,2608.5142,0.1297,0.0385,0.1464,0.1297,0.0384,0.1464,"static",NA,11.3,68,0.000718552604966,0.0000000402678147273
"1187","18290_454731.5_4066012.5",21.7299995422363,454731.5,4066012.5,44,9.5,TRUE,802,68,"10:05","10:36",36.738736821,-105.506983978,2608.5142,0.1297,0.0385,0.1464,0.1297,0.0384,0.1464,"static",NA,11.3,68,0.000718552604966,0.0000000402678147273
"1188","18485_454741.5_4066007.5",19.2999992370605,454741.5,4066007.5,69,7.5,TRUE,802,68,"10:05","10:36",36.738736821,-105.506983978,2608.5142,0.1297,0.0385,0.1464,0.1297,0.0384,0.1464,"static",NA,11.3,68,0.000718552604966,0.0000000402678147273
"1189","18528_454722.5_4066006.5",20.8600006103516,454722.5,4066006.5,45,1.5,TRUE,802,68,"10:05","10:36",36.738736821,-105.506983978,2608.5142,0.1297,0.0385,0.1464,0.1297,0.0384,0.1464,"static",NA,11.3,68,0.000718552604966,0.0000000402678147273
"1190","18652_454726.5_4066003.5",20.8899993896484,454726.5,4066003.5,37,14.5,TRUE,802,68,"10:05","10:36",36.738736821,-105.506983978,2608.5142,0.1297,0.0385,0.1464,0.1297,0.0384,0.1464,"static",NA,11.3,68,0.000718552604966,0.0000000402678147273
"1191","18653_454732.5_4066003.5",15.3800001144409,454732.5,4066003.5,47,4.5,TRUE,802,68,"10:05","10:36",36.738736821,-105.506983978,2608.5142,0.1297,0.0385,0.1464,0.1297,0.0384,0.1464,"static",NA,11.3,68,0.000718552604966,0.0000000402678147273
"1192","18695_454746.5_4066002.5",19.1000003814697,454746.5,4066002.5,63,3.5,TRUE,802,68,"10:05","10:36",36.738736821,-105.506983978,2608.5142,0.1297,0.0385,0.1464,0.1297,0.0384,0.1464,"static",NA,11.3,68,0.000718552604966,0.0000000402678147273
"1193","18946_454730.5_4065996.5",17.4400005340576,454730.5,4065996.5,39,1.5,TRUE,802,68,"10:05","10:36",36.738736821,-105.506983978,2608.5142,0.1297,0.0385,0.1464,0.1297,0.0384,0.1464,"static",NA,11.3,68,0.000718552604966,0.0000000402678147273
"1194","18947_454743.5_4065996.5",19.3400001525879,454743.5,4065996.5,56,6.5,TRUE,802,68,"10:05","10:36",36.738736821,-105.506983978,2608.5142,0.1297,0.0385,0.1464,0.1297,0.0384,0.1464,"static",NA,11.3,68,0.000718552604966,0.0000000402678147273
"1195","30107_454513.5_4065704.5",8.36999988555908,454513.5,4065704.5,33,1.5,TRUE,803,74,"11:35","12:06",36.735856914,-105.509438272,2563.4365,0.5243,0.6763,0.519,0.5243,0.6762,0.5189,"static",NA,11.3,74,0.0007185370859,0.0000000402663213642
"1196","30108_454522.5_4065704.5",14.1499996185303,454522.5,4065704.5,39,10.5,TRUE,803,74,"11:35","12:06",36.735856914,-105.509438272,2563.4365,0.5243,0.6763,0.519,0.5243,0.6762,0.5189,"static",NA,11.3,74,0.0007185370859,0.0000000402663213642
"1197","30137_454506.5_4065703.5",16.2700004577637,454506.5,4065703.5,55,2.5,TRUE,803,74,"11:35","12:06",36.735856914,-105.509438272,2563.4365,0.5243,0.6763,0.519,0.5243,0.6762,0.5189,"static",NA,11.3,74,0.0007185370859,0.0000000402663213642
"1198","30277_454515.5_4065699.5",10.8800001144409,454515.5,4065699.5,33,1.5,TRUE,803,74,"11:35","12:06",36.735856914,-105.509438272,2563.4365,0.5243,0.6763,0.519,0.5243,0.6762,0.5189,"static",NA,11.3,74,0.0007185370859,0.0000000402663213642
"1199","30278_454524.5_4065699.5",6.8600001335144,454524.5,4065699.5,19,1.5,TRUE,803,74,"11:35","12:06",36.735856914,-105.509438272,2563.4365,0.5243,0.6763,0.519,0.5243,0.6762,0.5189,"static",NA,11.3,74,0.0007185370859,0.0000000402663213642
"1200","30342_454506.5_4065697.5",11.3100004196167,454506.5,4065697.5,35,1.5,TRUE,803,74,"11:35","12:06",36.735856914,-105.509438272,2563.4365,0.5243,0.6763,0.519,0.5243,0.6762,0.5189,"static",NA,11.3,74,0.0007185370859,0.0000000402663213642
"1201","30379_454521.5_4065696.5",4.82000017166138,454521.5,4065696.5,9,4.5,TRUE,803,74,"11:35","12:06",36.735856914,-105.509438272,2563.4365,0.5243,0.6763,0.519,0.5243,0.6762,0.5189,"static",NA,11.3,74,0.0007185370859,0.0000000402663213642
"1202","30418_454527.5_4065695.5",11.25,454527.5,4065695.5,31,1.5,TRUE,803,74,"11:35","12:06",36.735856914,-105.509438272,2563.4365,0.5243,0.6763,0.519,0.5243,0.6762,0.5189,"static",NA,11.3,74,0.0007185370859,0.0000000402663213642
"1203","30487_454511.5_4065693.5",16.2399997711182,454511.5,4065693.5,48,2.5,TRUE,803,74,"11:35","12:06",36.735856914,-105.509438272,2563.4365,0.5243,0.6763,0.519,0.5243,0.6762,0.5189,"static",NA,11.3,74,0.0007185370859,0.0000000402663213642
"1204","30555_454507.5_4065691.5",13.3000001907349,454507.5,4065691.5,33,11.5,TRUE,803,74,"11:35","12:06",36.735856914,-105.509438272,2563.4365,0.5243,0.6763,0.519,0.5243,0.6762,0.5189,"static",NA,11.3,74,0.0007185370859,0.0000000402663213642
"1205","30556_454520.5_4065691.5",11.9099998474121,454520.5,4065691.5,27,6.5,TRUE,803,74,"11:35","12:06",36.735856914,-105.509438272,2563.4365,0.5243,0.6763,0.519,0.5243,0.6762,0.5189,"static",NA,11.3,74,0.0007185370859,0.0000000402663213642
"1206","30590_454526.5_4065690.5",4.46000003814697,454526.5,4065690.5,6,2.5,TRUE,803,74,"11:35","12:06",36.735856914,-105.509438272,2563.4365,0.5243,0.6763,0.519,0.5243,0.6762,0.5189,"static",NA,11.3,74,0.0007185370859,0.0000000402663213642
"1207","30625_454524.5_4065689.5",2.45000004768372,454524.5,4065689.5,5,1.86878888267307,FALSE,803,74,"11:35","12:06",36.735856914,-105.509438272,2563.4365,0.5243,0.6763,0.519,0.5243,0.6762,0.5189,"static",NA,11.3,74,0.0007185370859,0.0000000402663213642
"1208","30692_454520.5_4065687.5",8.40999984741211,454520.5,4065687.5,22,1.5,TRUE,803,74,"11:35","12:06",36.735856914,-105.509438272,2563.4365,0.5243,0.6763,0.519,0.5243,0.6762,0.5189,"static",NA,11.3,74,0.0007185370859,0.0000000402663213642
"1209","30724_454511.5_4065686.5",2.64000010490417,454511.5,4065686.5,3,2.01371540827723,FALSE,803,74,"11:35","12:06",36.735856914,-105.509438272,2563.4365,0.5243,0.6763,0.519,0.5243,0.6762,0.5189,"static",NA,11.3,74,0.0007185370859,0.0000000402663213642
"1210","30791_454508.5_4065684.5",2.49000000953674,454508.5,4065684.5,4,1.89929969188263,FALSE,803,74,"11:35","12:06",36.735856914,-105.509438272,2563.4365,0.5243,0.6763,0.519,0.5243,0.6762,0.5189,"static",NA,11.3,74,0.0007185370859,0.0000000402663213642
"1211","30829_454515.5_4065683.5",8.67000007629395,454515.5,4065683.5,25,1.5,TRUE,803,74,"11:35","12:06",36.735856914,-105.509438272,2563.4365,0.5243,0.6763,0.519,0.5243,0.6762,0.5189,"static",NA,11.3,74,0.0007185370859,0.0000000402663213642
"1212","30899_454511.5_4065681.5",4.48999977111816,454511.5,4065681.5,11,1.5,TRUE,803,74,"11:35","12:06",36.735856914,-105.509438272,2563.4365,0.5243,0.6763,0.519,0.5243,0.6762,0.5189,"static",NA,11.3,74,0.0007185370859,0.0000000402663213642
"1213","30900_454522.5_4065681.5",16.7099990844727,454522.5,4065681.5,48,1.5,TRUE,803,74,"11:35","12:06",36.735856914,-105.509438272,2563.4365,0.5243,0.6763,0.519,0.5243,0.6762,0.5189,"static",NA,11.3,74,0.0007185370859,0.0000000402663213642
"1214","30962_454508.5_4065679.5",5.67999982833862,454508.5,4065679.5,13,3.5,TRUE,803,74,"11:35","12:06",36.735856914,-105.509438272,2563.4365,0.5243,0.6763,0.519,0.5243,0.6762,0.5189,"static",NA,11.3,74,0.0007185370859,0.0000000402663213642
"1215","31031_454517.5_4065677.5",11.5699996948242,454517.5,4065677.5,28,2.5,TRUE,803,74,"11:35","12:06",36.735856914,-105.509438272,2563.4365,0.5243,0.6763,0.519,0.5243,0.6762,0.5189,"static",NA,11.3,74,0.0007185370859,0.0000000402663213642
"1216","32959_455207.5_4067032.5",12.6000003814697,455207.5,4067032.5,38,1.5,TRUE,803,73,"9:51","10:22",36.74787666,-105.501775748,2815.505,0.1313,0.1046,0.223,0.1313,0.1046,0.223,"static",NA,11.3,73,0.000718601713203,0.0000000402725291072
"1217","32998_455202.5_4067031.5",2.26999998092651,455202.5,4067031.5,1,1.74105190141,FALSE,803,73,"9:51","10:22",36.74787666,-105.501775748,2815.505,0.1313,0.1046,0.223,0.1313,0.1046,0.223,"static",NA,11.3,73,0.000718601713203,0.0000000402725291072
"1218","33024_455214.5_4067030.5",2.28999996185303,455214.5,4067030.5,1,1.75639155123945,FALSE,803,73,"9:51","10:22",36.74787666,-105.501775748,2815.505,0.1313,0.1046,0.223,0.1313,0.1046,0.223,"static",NA,11.3,73,0.000718601713203,0.0000000402725291072
"1219","33138_455197.5_4067026.5",12.3800001144409,455197.5,4067026.5,50,10.5,TRUE,803,73,"9:51","10:22",36.74787666,-105.501775748,2815.505,0.1313,0.1046,0.223,0.1313,0.1046,0.223,"static",NA,11.3,73,0.000718601713203,0.0000000402725291072
"1220","33139_455201.5_4067026.5",9.1899995803833,455201.5,4067026.5,21,1.5,TRUE,803,73,"9:51","10:22",36.74787666,-105.501775748,2815.505,0.1313,0.1046,0.223,0.1313,0.1046,0.223,"static",NA,11.3,73,0.000718601713203,0.0000000402725291072
"1221","33140_455203.5_4067026.5",14.8800001144409,455203.5,4067026.5,17,7.5,TRUE,803,73,"9:51","10:22",36.74787666,-105.501775748,2815.505,0.1313,0.1046,0.223,0.1313,0.1046,0.223,"static",NA,11.3,73,0.000718601713203,0.0000000402725291072
"1222","33173_455216.5_4067025.5",2.08999991416931,455216.5,4067025.5,1,1.6029948700819,FALSE,803,73,"9:51","10:22",36.74787666,-105.501775748,2815.505,0.1313,0.1046,0.223,0.1313,0.1046,0.223,"static",NA,11.3,73,0.000718601713203,0.0000000402725291072
"1223","33304_455212.5_4067021.5",7.76000022888184,455212.5,4067021.5,32,2.5,TRUE,803,73,"9:51","10:22",36.74787666,-105.501775748,2815.505,0.1313,0.1046,0.223,0.1313,0.1046,0.223,"static",NA,11.3,73,0.000718601713203,0.0000000402725291072
"1224","33336_455204.5_4067020.5",8.77000045776367,455204.5,4067020.5,28,1.5,TRUE,803,73,"9:51","10:22",36.74787666,-105.501775748,2815.505,0.1313,0.1046,0.223,0.1313,0.1046,0.223,"static",NA,11.3,73,0.000718601713203,0.0000000402725291072
"1225","33402_455221.5_4067018.5",10.1300001144409,455221.5,4067018.5,43,1.5,TRUE,803,73,"9:51","10:22",36.74787666,-105.501775748,2815.505,0.1313,0.1046,0.223,0.1313,0.1046,0.223,"static",NA,11.3,73,0.000718601713203,0.0000000402725291072
"1226","33493_455208.5_4067015.5",2.41000008583069,455208.5,4067015.5,4,1.84842963307919,FALSE,731,64,"4:18","4:48",36.747719403,-105.501686112,2811.3905,0.6256,0.0299,0.1969,0.6256,0.0299,0.1969,"static",NA,11.3,64,0.000718601167546,0.0000000402724765981
"1227","33493_455208.5_4067015.5",2.41000008583069,455208.5,4067015.5,4,1.84842963307919,FALSE,803,73,"9:51","10:22",36.74787666,-105.501775748,2815.505,0.1313,0.1046,0.223,0.1313,0.1046,0.223,"static",NA,11.3,73,0.000718601713203,0.0000000402725291072
"1228","33562_455200.5_4067013.5",18.7299995422363,455200.5,4067013.5,108,1.5,TRUE,731,64,"4:18","4:48",36.747719403,-105.501686112,2811.3905,0.6256,0.0299,0.1969,0.6256,0.0299,0.1969,"static",NA,11.3,64,0.000718601167546,0.0000000402724765981
"1229","33562_455200.5_4067013.5",18.7299995422363,455200.5,4067013.5,108,1.5,TRUE,803,73,"9:51","10:22",36.74787666,-105.501775748,2815.505,0.1313,0.1046,0.223,0.1313,0.1046,0.223,"static",NA,11.3,73,0.000718601713203,0.0000000402725291072
"1230","33591_455217.5_4067012.5",15.3599996566772,455217.5,4067012.5,55,13.5,TRUE,731,64,"4:18","4:48",36.747719403,-105.501686112,2811.3905,0.6256,0.0299,0.1969,0.6256,0.0299,0.1969,"static",NA,11.3,64,0.000718601167546,0.0000000402724765981
"1231","33591_455217.5_4067012.5",15.3599996566772,455217.5,4067012.5,55,13.5,TRUE,803,73,"9:51","10:22",36.74787666,-105.501775748,2815.505,0.1313,0.1046,0.223,0.1313,0.1046,0.223,"static",NA,11.3,73,0.000718601713203,0.0000000402725291072
"1232","33658_455228.5_4067010.5",14.8400001525879,455228.5,4067010.5,63,1.5,TRUE,731,64,"4:18","4:48",36.747719403,-105.501686112,2811.3905,0.6256,0.0299,0.1969,0.6256,0.0299,0.1969,"static",NA,11.3,64,0.000718601167546,0.0000000402724765981
"1233","33686_455213.5_4067009.5",14.8500003814697,455213.5,4067009.5,42,3.5,TRUE,731,64,"4:18","4:48",36.747719403,-105.501686112,2811.3905,0.6256,0.0299,0.1969,0.6256,0.0299,0.1969,"static",NA,11.3,64,0.000718601167546,0.0000000402724765981
"1234","33686_455213.5_4067009.5",14.8500003814697,455213.5,4067009.5,42,3.5,TRUE,803,73,"9:51","10:22",36.74787666,-105.501775748,2815.505,0.1313,0.1046,0.223,0.1313,0.1046,0.223,"static",NA,11.3,73,0.000718601713203,0.0000000402725291072
"1235","33769_455207.5_4067006.5",14.0100002288818,455207.5,4067006.5,55,1.5,TRUE,731,64,"4:18","4:48",36.747719403,-105.501686112,2811.3905,0.6256,0.0299,0.1969,0.6256,0.0299,0.1969,"static",NA,11.3,64,0.000718601167546,0.0000000402724765981
"1236","33769_455207.5_4067006.5",14.0100002288818,455207.5,4067006.5,55,1.5,TRUE,803,73,"9:51","10:22",36.74787666,-105.501775748,2815.505,0.1313,0.1046,0.223,0.1313,0.1046,0.223,"static",NA,11.3,73,0.000718601713203,0.0000000402725291072
"1237","33770_455220.5_4067006.5",13.8000001907349,455220.5,4067006.5,36,3.5,TRUE,731,64,"4:18","4:48",36.747719403,-105.501686112,2811.3905,0.6256,0.0299,0.1969,0.6256,0.0299,0.1969,"static",NA,11.3,64,0.000718601167546,0.0000000402724765981
"1238","33771_455224.5_4067006.5",12.7200002670288,455224.5,4067006.5,34,7.5,TRUE,731,64,"4:18","4:48",36.747719403,-105.501686112,2811.3905,0.6256,0.0299,0.1969,0.6256,0.0299,0.1969,"static",NA,11.3,64,0.000718601167546,0.0000000402724765981
"1239","33854_455202.5_4067003.5",10.3400001525879,455202.5,4067003.5,24,1.5,TRUE,731,64,"4:18","4:48",36.747719403,-105.501686112,2811.3905,0.6256,0.0299,0.1969,0.6256,0.0299,0.1969,"static",NA,11.3,64,0.000718601167546,0.0000000402724765981
"1240","33890_455213.5_4067002.5",12.75,455213.5,4067002.5,33,2.5,TRUE,731,64,"4:18","4:48",36.747719403,-105.501686112,2811.3905,0.6256,0.0299,0.1969,0.6256,0.0299,0.1969,"static",NA,11.3,64,0.000718601167546,0.0000000402724765981
"1241","33912_455202.5_4067001.5",8.89000034332275,455202.5,4067001.5,17,1.5,TRUE,731,64,"4:18","4:48",36.747719403,-105.501686112,2811.3905,0.6256,0.0299,0.1969,0.6256,0.0299,0.1969,"static",NA,11.3,64,0.000718601167546,0.0000000402724765981
"1242","33950_455222.5_4067000.5",8.48999977111816,455222.5,4067000.5,28,1.5,TRUE,731,64,"4:18","4:48",36.747719403,-105.501686112,2811.3905,0.6256,0.0299,0.1969,0.6256,0.0299,0.1969,"static",NA,11.3,64,0.000718601167546,0.0000000402724765981
"1243","34006_455216.5_4066998.5",5.63000011444092,455216.5,4066998.5,13,2.5,TRUE,731,64,"4:18","4:48",36.747719403,-105.501686112,2811.3905,0.6256,0.0299,0.1969,0.6256,0.0299,0.1969,"static",NA,11.3,64,0.000718601167546,0.0000000402724765981
"1244","34100_455213.5_4066995.5",15.210000038147,455213.5,4066995.5,22,10.5,TRUE,731,64,"4:18","4:48",36.747719403,-105.501686112,2811.3905,0.6256,0.0299,0.1969,0.6256,0.0299,0.1969,"static",NA,11.3,64,0.000718601167546,0.0000000402724765981
"1245","34134_455202.5_4066994.5",6.61999988555908,455202.5,4066994.5,14,1.5,TRUE,731,64,"4:18","4:48",36.747719403,-105.501686112,2811.3905,0.6256,0.0299,0.1969,0.6256,0.0299,0.1969,"static",NA,11.3,64,0.000718601167546,0.0000000402724765981
"1246","34172_455222.5_4066993.5",17.9799995422363,455222.5,4066993.5,59,9.5,TRUE,731,64,"4:18","4:48",36.747719403,-105.501686112,2811.3905,0.6256,0.0299,0.1969,0.6256,0.0299,0.1969,"static",NA,11.3,64,0.000718601167546,0.0000000402724765981
"1247","34205_455215.5_4066992.5",4.28000020980835,455215.5,4066992.5,12,1.5,TRUE,731,64,"4:18","4:48",36.747719403,-105.501686112,2811.3905,0.6256,0.0299,0.1969,0.6256,0.0299,0.1969,"static",NA,11.3,64,0.000718601167546,0.0000000402724765981
"1248","34234_455208.5_4066991.5",14.1499996185303,455208.5,4066991.5,63,1.5,TRUE,731,64,"4:18","4:48",36.747719403,-105.501686112,2811.3905,0.6256,0.0299,0.1969,0.6256,0.0299,0.1969,"static",NA,11.3,64,0.000718601167546,0.0000000402724765981
"1249","34476_455224.5_4066983.5",16.1200008392334,455224.5,4066983.5,41,2.5,TRUE,801,67,"4:03","4:33",36.747450157,-105.501680004,2804.6537,0.068,0.0354,0.1419,0.068,0.0354,0.1419,"static",NA,11.3,67,0.00071859926981,0.0000000402722953274
"1250","34549_455206.5_4066981.5",22.5200004577637,455206.5,4066981.5,111,2.5,TRUE,801,67,"4:03","4:33",36.747450157,-105.501680004,2804.6537,0.068,0.0354,0.1419,0.068,0.0354,0.1419,"static",NA,11.3,67,0.00071859926981,0.0000000402722953274
"1251","34550_455218.5_4066981.5",15.5500001907349,455218.5,4066981.5,39,9.5,TRUE,801,67,"4:03","4:33",36.747450157,-105.501680004,2804.6537,0.068,0.0354,0.1419,0.068,0.0354,0.1419,"static",NA,11.3,67,0.00071859926981,0.0000000402722953274
"1252","34611_455225.5_4066979.5",4.59000015258789,455225.5,4066979.5,10,1.5,TRUE,801,67,"4:03","4:33",36.747450157,-105.501680004,2804.6537,0.068,0.0354,0.1419,0.068,0.0354,0.1419,"static",NA,11.3,67,0.00071859926981,0.0000000402722953274
"1253","34665_455223.5_4066977.5",5.6100001335144,455223.5,4066977.5,8,5.5,TRUE,801,67,"4:03","4:33",36.747450157,-105.501680004,2804.6537,0.068,0.0354,0.1419,0.068,0.0354,0.1419,"static",NA,11.3,67,0.00071859926981,0.0000000402722953274
"1254","34699_455197.5_4066976.5",14.2799997329712,455197.5,4066976.5,76,2.5,TRUE,801,67,"4:03","4:33",36.747450157,-105.501680004,2804.6537,0.068,0.0354,0.1419,0.068,0.0354,0.1419,"static",NA,11.3,67,0.00071859926981,0.0000000402722953274
"1255","34700_455212.5_4066976.5",16.8500003814697,455212.5,4066976.5,62,14.5,TRUE,801,67,"4:03","4:33",36.747450157,-105.501680004,2804.6537,0.068,0.0354,0.1419,0.068,0.0354,0.1419,"static",NA,11.3,67,0.00071859926981,0.0000000402722953274
"1256","34731_455225.5_4066975.5",4.32999992370605,455225.5,4066975.5,12,2.5,TRUE,801,67,"4:03","4:33",36.747450157,-105.501680004,2804.6537,0.068,0.0354,0.1419,0.068,0.0354,0.1419,"static",NA,11.3,67,0.00071859926981,0.0000000402722953274
"1257","34800_455217.5_4066973.5",8.3100004196167,455217.5,4066973.5,26,2.5,TRUE,801,67,"4:03","4:33",36.747450157,-105.501680004,2804.6537,0.068,0.0354,0.1419,0.068,0.0354,0.1419,"static",NA,11.3,67,0.00071859926981,0.0000000402722953274
"1258","34855_455222.5_4066971.5",16,455222.5,4066971.5,15,1.5,TRUE,801,67,"4:03","4:33",36.747450157,-105.501680004,2804.6537,0.068,0.0354,0.1419,0.068,0.0354,0.1419,"static",NA,11.3,67,0.00071859926981,0.0000000402722953274
"1259","34856_455225.5_4066971.5",10.3000001907349,455225.5,4066971.5,21,2.5,TRUE,801,67,"4:03","4:33",36.747450157,-105.501680004,2804.6537,0.068,0.0354,0.1419,0.068,0.0354,0.1419,"static",NA,11.3,67,0.00071859926981,0.0000000402722953274
"1260","34891_455205.5_4066970.5",6.90999984741211,455205.5,4066970.5,19,2.5,TRUE,801,67,"4:03","4:33",36.747450157,-105.501680004,2804.6537,0.068,0.0354,0.1419,0.068,0.0354,0.1419,"static",NA,11.3,67,0.00071859926981,0.0000000402722953274
"1261","34892_455220.5_4066970.5",12.4300003051758,455220.5,4066970.5,16,2.5,TRUE,801,67,"4:03","4:33",36.747450157,-105.501680004,2804.6537,0.068,0.0354,0.1419,0.068,0.0354,0.1419,"static",NA,11.3,67,0.00071859926981,0.0000000402722953274
"1262","34928_455214.5_4066969.5",12,455214.5,4066969.5,32,5.5,TRUE,801,67,"4:03","4:33",36.747450157,-105.501680004,2804.6537,0.068,0.0354,0.1419,0.068,0.0354,0.1419,"static",NA,11.3,67,0.00071859926981,0.0000000402722953274
"1263","34962_455224.5_4066968.5",8.77999973297119,455224.5,4066968.5,23,2.5,TRUE,801,67,"4:03","4:33",36.747450157,-105.501680004,2804.6537,0.068,0.0354,0.1419,0.068,0.0354,0.1419,"static",NA,11.3,67,0.00071859926981,0.0000000402722953274
"1264","34990_455210.5_4066967.5",6.28999996185303,455210.5,4066967.5,15,2.5,TRUE,801,67,"4:03","4:33",36.747450157,-105.501680004,2804.6537,0.068,0.0354,0.1419,0.068,0.0354,0.1419,"static",NA,11.3,67,0.00071859926981,0.0000000402722953274
"1265","35019_455204.5_4066966.5",6.51999998092651,455204.5,4066966.5,30,2.5,TRUE,801,67,"4:03","4:33",36.747450157,-105.501680004,2804.6537,0.068,0.0354,0.1419,0.068,0.0354,0.1419,"static",NA,11.3,67,0.00071859926981,0.0000000402722953274
"1266","35055_455209.5_4066965.5",6.92999982833862,455209.5,4066965.5,16,1.5,TRUE,801,67,"4:03","4:33",36.747450157,-105.501680004,2804.6537,0.068,0.0354,0.1419,0.068,0.0354,0.1419,"static",NA,11.3,67,0.00071859926981,0.0000000402722953274
"1267","35107_455221.5_4066963.5",10.1400003433228,455221.5,4066963.5,31,1.5,TRUE,801,67,"4:03","4:33",36.747450157,-105.501680004,2804.6537,0.068,0.0354,0.1419,0.068,0.0354,0.1419,"static",NA,11.3,67,0.00071859926981,0.0000000402722953274
"1268","35216_455217.5_4066960.5",8.11999988555908,455217.5,4066960.5,21,1.5,TRUE,801,67,"4:03","4:33",36.747450157,-105.501680004,2804.6537,0.068,0.0354,0.1419,0.068,0.0354,0.1419,"static",NA,11.3,67,0.00071859926981,0.0000000402722953274
"1269","38932_454673.5_4066850.5",5.40000009536743,454673.5,4066850.5,15,1.5,TRUE,801,65,"9:20","9:51",36.74618432,-105.507756188,2751.385,0.9316,1.4169,1.4943,0.9316,1.4168,1.4942,"static",NA,11.3,65,0.000718592893595,0.0000000402716895235
"1270","38971_454662.5_4066849.5",9.31999969482422,454662.5,4066849.5,25,8.5,TRUE,801,65,"9:20","9:51",36.74618432,-105.507756188,2751.385,0.9316,1.4169,1.4943,0.9316,1.4168,1.4942,"static",NA,11.3,65,0.000718592893595,0.0000000402716895235
"1271","39123_454680.5_4066845.5",6.84999990463257,454680.5,4066845.5,19,1.5,TRUE,801,65,"9:20","9:51",36.74618432,-105.507756188,2751.385,0.9316,1.4169,1.4943,0.9316,1.4168,1.4942,"static",NA,11.3,65,0.000718592893595,0.0000000402716895235
"1272","39159_454678.5_4066844.5",7.05999994277954,454678.5,4066844.5,10,1.5,TRUE,801,65,"9:20","9:51",36.74618432,-105.507756188,2751.385,0.9316,1.4169,1.4943,0.9316,1.4168,1.4942,"static",NA,11.3,65,0.000718592893595,0.0000000402716895235
"1273","39198_454670.5_4066843.5",21.5200004577637,454670.5,4066843.5,60,8.5,TRUE,801,65,"9:20","9:51",36.74618432,-105.507756188,2751.385,0.9316,1.4169,1.4943,0.9316,1.4168,1.4942,"static",NA,11.3,65,0.000718592893595,0.0000000402716895235
"1274","39234_454677.5_4066842.5",7.98999977111816,454677.5,4066842.5,27,1.5,TRUE,801,65,"9:20","9:51",36.74618432,-105.507756188,2751.385,0.9316,1.4169,1.4943,0.9316,1.4168,1.4942,"static",NA,11.3,65,0.000718592893595,0.0000000402716895235
"1275","39235_454679.5_4066842.5",7.21000003814697,454679.5,4066842.5,11,1.5,TRUE,801,65,"9:20","9:51",36.74618432,-105.507756188,2751.385,0.9316,1.4169,1.4943,0.9316,1.4168,1.4942,"static",NA,11.3,65,0.000718592893595,0.0000000402716895235
"1276","39330_454661.5_4066839.5",14.9200000762939,454661.5,4066839.5,57,2.5,TRUE,801,65,"9:20","9:51",36.74618432,-105.507756188,2751.385,0.9316,1.4169,1.4943,0.9316,1.4168,1.4942,"static",NA,11.3,65,0.000718592893595,0.0000000402716895235
"1277","39331_454685.5_4066839.5",10.8100004196167,454685.5,4066839.5,26,5.5,TRUE,801,65,"9:20","9:51",36.74618432,-105.507756188,2751.385,0.9316,1.4169,1.4943,0.9316,1.4168,1.4942,"static",NA,11.3,65,0.000718592893595,0.0000000402716895235
"1278","39472_454668.5_4066835.5",23.3899993896484,454668.5,4066835.5,94,1.5,TRUE,801,65,"9:20","9:51",36.74618432,-105.507756188,2751.385,0.9316,1.4169,1.4943,0.9316,1.4168,1.4942,"static",NA,11.3,65,0.000718592893595,0.0000000402716895235
"1279","39473_454680.5_4066835.5",2.00999999046326,454680.5,4066835.5,1,1.5416362707641,FALSE,801,65,"9:20","9:51",36.74618432,-105.507756188,2751.385,0.9316,1.4169,1.4943,0.9316,1.4168,1.4942,"static",NA,11.3,65,0.000718592893595,0.0000000402716895235
"1280","39571_454657.5_4066832.5",15.8599996566772,454657.5,4066832.5,52,1.5,TRUE,801,65,"9:20","9:51",36.74618432,-105.507756188,2751.385,0.9316,1.4169,1.4943,0.9316,1.4168,1.4942,"static",NA,11.3,65,0.000718592893595,0.0000000402716895235
"1281","39709_454660.5_4066828.5",11.8699998855591,454660.5,4066828.5,39,1.5,TRUE,801,65,"9:20","9:51",36.74618432,-105.507756188,2751.385,0.9316,1.4169,1.4943,0.9316,1.4168,1.4942,"static",NA,11.3,65,0.000718592893595,0.0000000402716895235
"1282","39710_454688.5_4066828.5",25.6100006103516,454688.5,4066828.5,93,16.5,TRUE,801,65,"9:20","9:51",36.74618432,-105.507756188,2751.385,0.9316,1.4169,1.4943,0.9316,1.4168,1.4942,"static",NA,11.3,65,0.000718592893595,0.0000000402716895235
"1283","39740_454673.5_4066827.5",17.25,454673.5,4066827.5,62,1.5,TRUE,801,65,"9:20","9:51",36.74618432,-105.507756188,2751.385,0.9316,1.4169,1.4943,0.9316,1.4168,1.4942,"static",NA,11.3,65,0.000718592893595,0.0000000402716895235
"1284","39766_454666.5_4066826.5",8.93000030517578,454666.5,4066826.5,26,1.5,TRUE,801,65,"9:20","9:51",36.74618432,-105.507756188,2751.385,0.9316,1.4169,1.4943,0.9316,1.4168,1.4942,"static",NA,11.3,65,0.000718592893595,0.0000000402716895235
"1285","39844_454666.5_4066824.5",10.4899997711182,454666.5,4066824.5,26,1.5,TRUE,801,65,"9:20","9:51",36.74618432,-105.507756188,2751.385,0.9316,1.4169,1.4943,0.9316,1.4168,1.4942,"static",NA,11.3,65,0.000718592893595,0.0000000402716895235
"1286","44392_454765.5_4066702.5",22.5100002288818,454765.5,4066702.5,95,15.5,TRUE,801,66,"11:25","11:55",36.744855023,-105.506622642,2712.8113,0.2967,0.2471,0.3643,0.2697,0.2471,0.3643,"static",NA,11.3,66,0.000718586097301,0.0000000402710290239
"1287","44459_454777.5_4066700.5",6.09999990463257,454777.5,4066700.5,34,1.5,TRUE,801,66,"11:25","11:55",36.744855023,-105.506622642,2712.8113,0.2967,0.2471,0.3643,0.2697,0.2471,0.3643,"static",NA,11.3,66,0.000718586097301,0.0000000402710290239
"1288","44490_454803.5_4066699.5",10.8800001144409,454803.5,4066699.5,53,1.5,TRUE,802,70,"1:51","2:21",36.74481694,-105.506257787,2708.9293,0.4996,0.0737,0.1751,0.4996,0.0737,0.1751,"static",NA,11.3,70,0.000718585416387,0.0000000402709651707
"1289","44536_454796.5_4066698.5",15.0299997329712,454796.5,4066698.5,34,1.5,TRUE,802,70,"1:51","2:21",36.74481694,-105.506257787,2708.9293,0.4996,0.0737,0.1751,0.4996,0.0737,0.1751,"static",NA,11.3,70,0.000718585416387,0.0000000402709651707
"1290","44604_454773.5_4066696.5",21.3299999237061,454773.5,4066696.5,91,9.5,TRUE,801,66,"11:25","11:55",36.744855023,-105.506622642,2712.8113,0.2967,0.2471,0.3643,0.2697,0.2471,0.3643,"static",NA,11.3,66,0.000718586097301,0.0000000402710290239
"1291","44645_454786.5_4066695.5",16.9899997711182,454786.5,4066695.5,68,14.5,TRUE,801,66,"11:25","11:55",36.744855023,-105.506622642,2712.8113,0.2967,0.2471,0.3643,0.2697,0.2471,0.3643,"static",NA,11.3,66,0.000718586097301,0.0000000402710290239
"1292","44696_454792.5_4066694.5",20.3999996185303,454792.5,4066694.5,73,1.5,TRUE,802,70,"1:51","2:21",36.74481694,-105.506257787,2708.9293,0.4996,0.0737,0.1751,0.4996,0.0737,0.1751,"static",NA,11.3,70,0.000718585416387,0.0000000402709651707
"1293","44736_454764.5_4066693.5",12.3999996185303,454764.5,4066693.5,36,9.5,TRUE,801,66,"11:25","11:55",36.744855023,-105.506622642,2712.8113,0.2967,0.2471,0.3643,0.2697,0.2471,0.3643,"static",NA,11.3,66,0.000718586097301,0.0000000402710290239
"1294","44842_454761.5_4066690.5",8.5,454761.5,4066690.5,26,1.5,TRUE,801,66,"11:25","11:55",36.744855023,-105.506622642,2712.8113,0.2967,0.2471,0.3643,0.2697,0.2471,0.3643,"static",NA,11.3,66,0.000718586097301,0.0000000402710290239
"1295","44843_454803.5_4066690.5",14.0699996948242,454803.5,4066690.5,72,1.5,TRUE,802,70,"1:51","2:21",36.74481694,-105.506257787,2708.9293,0.4996,0.0737,0.1751,0.4996,0.0737,0.1751,"static",NA,11.3,70,0.000718585416387,0.0000000402709651707
"1296","44844_454814.5_4066690.5",11.4700002670288,454814.5,4066690.5,29,2.5,TRUE,802,70,"1:51","2:21",36.74481694,-105.506257787,2708.9293,0.4996,0.0737,0.1751,0.4996,0.0737,0.1751,"static",NA,11.3,70,0.000718585416387,0.0000000402709651707
"1297","44912_454764.5_4066688.5",10.9399995803833,454764.5,4066688.5,33,1.5,TRUE,801,66,"11:25","11:55",36.744855023,-105.506622642,2712.8113,0.2967,0.2471,0.3643,0.2697,0.2471,0.3643,"static",NA,11.3,66,0.000718586097301,0.0000000402710290239
"1298","44913_454780.5_4066688.5",20.8700008392334,454780.5,4066688.5,67,1.5,TRUE,801,66,"11:25","11:55",36.744855023,-105.506622642,2712.8113,0.2967,0.2471,0.3643,0.2697,0.2471,0.3643,"static",NA,11.3,66,0.000718586097301,0.0000000402710290239
"1299","44914_454812.5_4066688.5",10.4399995803833,454812.5,4066688.5,36,1.5,TRUE,802,70,"1:51","2:21",36.74481694,-105.506257787,2708.9293,0.4996,0.0737,0.1751,0.4996,0.0737,0.1751,"static",NA,11.3,70,0.000718585416387,0.0000000402709651707
"1300","44993_454775.5_4066686.5",25.6499996185303,454775.5,4066686.5,82,1.5,TRUE,801,66,"11:25","11:55",36.744855023,-105.506622642,2712.8113,0.2967,0.2471,0.3643,0.2697,0.2471,0.3643,"static",NA,11.3,66,0.000718586097301,0.0000000402710290239
"1301","45034_454768.5_4066685.5",2.75,454768.5,4066685.5,8,1.78586965029396,FALSE,801,66,"11:25","11:55",36.744855023,-105.506622642,2712.8113,0.2967,0.2471,0.3643,0.2697,0.2471,0.3643,"static",NA,11.3,66,0.000718586097301,0.0000000402710290239
"1302","45069_454757.5_4066684.5",8.32999992370605,454757.5,4066684.5,27,1.5,TRUE,801,66,"11:25","11:55",36.744855023,-105.506622642,2712.8113,0.2967,0.2471,0.3643,0.2697,0.2471,0.3643,"static",NA,11.3,66,0.000718586097301,0.0000000402710290239
"1303","45070_454789.5_4066684.5",10.2799997329712,454789.5,4066684.5,33,1.5,TRUE,802,70,"1:51","2:21",36.74481694,-105.506257787,2708.9293,0.4996,0.0737,0.1751,0.4996,0.0737,0.1751,"static",NA,11.3,70,0.000718585416387,0.0000000402709651707
"1304","45099_454805.5_4066683.5",3.47000002861023,454805.5,4066683.5,7,1.82187163301382,FALSE,802,70,"1:51","2:21",36.74481694,-105.506257787,2708.9293,0.4996,0.0737,0.1751,0.4996,0.0737,0.1751,"static",NA,11.3,70,0.000718585416387,0.0000000402709651707
"1305","45136_454799.5_4066682.5",26.3400001525879,454799.5,4066682.5,99,1.5,TRUE,802,70,"1:51","2:21",36.74481694,-105.506257787,2708.9293,0.4996,0.0737,0.1751,0.4996,0.0737,0.1751,"static",NA,11.3,70,0.000718585416387,0.0000000402709651707
"1306","45137_454810.5_4066682.5",14.6300001144409,454810.5,4066682.5,39,1.5,TRUE,802,70,"1:51","2:21",36.74481694,-105.506257787,2708.9293,0.4996,0.0737,0.1751,0.4996,0.0737,0.1751,"static",NA,11.3,70,0.000718585416387,0.0000000402709651707
"1307","45174_454792.5_4066681.5",12.0299997329712,454792.5,4066681.5,32,1.5,TRUE,802,70,"1:51","2:21",36.74481694,-105.506257787,2708.9293,0.4996,0.0737,0.1751,0.4996,0.0737,0.1751,"static",NA,11.3,70,0.000718585416387,0.0000000402709651707
"1308","45250_454818.5_4066679.5",19.5200004577637,454818.5,4066679.5,50,17.5,TRUE,802,70,"1:51","2:21",36.74481694,-105.506257787,2708.9293,0.4996,0.0737,0.1751,0.4996,0.0737,0.1751,"static",NA,11.3,70,0.000718585416387,0.0000000402709651707
"1309","45289_454778.5_4066678.5",6.78999996185303,454778.5,4066678.5,19,1.5,TRUE,801,66,"11:25","11:55",36.744855023,-105.506622642,2712.8113,0.2967,0.2471,0.3643,0.2697,0.2471,0.3643,"static",NA,11.3,66,0.000718586097301,0.0000000402710290239
"1310","45291_454808.5_4066678.5",4.21000003814697,454808.5,4066678.5,22,1.5,TRUE,802,70,"1:51","2:21",36.74481694,-105.506257787,2708.9293,0.4996,0.0737,0.1751,0.4996,0.0737,0.1751,"static",NA,11.3,70,0.000718585416387,0.0000000402709651707
"1311","45329_454768.5_4066677.5",19.5300006866455,454768.5,4066677.5,113,1.5,TRUE,801,66,"11:25","11:55",36.744855023,-105.506622642,2712.8113,0.2967,0.2471,0.3643,0.2697,0.2471,0.3643,"static",NA,11.3,66,0.000718586097301,0.0000000402710290239
"1312","45440_454797.5_4066674.5",6.78999996185303,454797.5,4066674.5,41,1.5,TRUE,802,70,"1:51","2:21",36.74481694,-105.506257787,2708.9293,0.4996,0.0737,0.1751,0.4996,0.0737,0.1751,"static",NA,11.3,70,0.000718585416387,0.0000000402709651707
"1313","45482_454777.5_4066673.5",10.6300001144409,454777.5,4066673.5,26,2.5,TRUE,801,66,"11:25","11:55",36.744855023,-105.506622642,2712.8113,0.2967,0.2471,0.3643,0.2697,0.2471,0.3643,"static",NA,11.3,66,0.000718586097301,0.0000000402710290239
"1314","45515_454814.5_4066672.5",12.3400001525879,454814.5,4066672.5,44,10.5,TRUE,802,70,"1:51","2:21",36.74481694,-105.506257787,2708.9293,0.4996,0.0737,0.1751,0.4996,0.0737,0.1751,"static",NA,11.3,70,0.000718585416387,0.0000000402709651707
"1315","45623_454801.5_4066669.5",8.56999969482422,454801.5,4066669.5,29,1.5,TRUE,802,70,"1:51","2:21",36.74481694,-105.506257787,2708.9293,0.4996,0.0737,0.1751,0.4996,0.0737,0.1751,"static",NA,11.3,70,0.000718585416387,0.0000000402709651707
"1316","19101_463645.5_4051086.5",11.710000038147,463645.5,4051086.5,38,2.5,TRUE,713,34,"10:51","11:22",36.604484214,-105.406550278,3225.8102,0.1094,0.07,1.7794,0.1094,0.07,1.7793,"static",NA,11.3,34,0.00071783558401,0.0000000401988428263
"1317","19201_463640.5_4051084.5",10.75,463640.5,4051084.5,20,2.5,TRUE,713,34,"10:51","11:22",36.604484214,-105.406550278,3225.8102,0.1094,0.07,1.7794,0.1094,0.07,1.7793,"static",NA,11.3,34,0.00071783558401,0.0000000401988428263
"1318","19235_463629.5_4051083.5",11.039999961853,463629.5,4051083.5,50,4.27403954147967,FALSE,713,34,"10:51","11:22",36.604484214,-105.406550278,3225.8102,0.1094,0.07,1.7794,0.1094,0.07,1.7793,"static",NA,11.3,34,0.00071783558401,0.0000000401988428263
"1319","19285_463639.5_4051082.5",10.8199996948242,463639.5,4051082.5,24,4.5,TRUE,713,34,"10:51","11:22",36.604484214,-105.406550278,3225.8102,0.1094,0.07,1.7794,0.1094,0.07,1.7793,"static",NA,11.3,34,0.00071783558401,0.0000000401988428263
"1320","19408_463635.5_4051079.5",13,463635.5,4051079.5,38,2.5,TRUE,713,34,"10:51","11:22",36.604484214,-105.406550278,3225.8102,0.1094,0.07,1.7794,0.1094,0.07,1.7793,"static",NA,11.3,34,0.00071783558401,0.0000000401988428263
"1321","19481_463626.5_4051077.5",8.64999961853027,463626.5,4051077.5,43,3.80063812256421,FALSE,713,34,"10:51","11:22",36.604484214,-105.406550278,3225.8102,0.1094,0.07,1.7794,0.1094,0.07,1.7793,"static",NA,11.3,34,0.00071783558401,0.0000000401988428263
"1322","19482_463642.5_4051077.5",5.67000007629395,463642.5,4051077.5,11,4.5,TRUE,713,34,"10:51","11:22",36.604484214,-105.406550278,3225.8102,0.1094,0.07,1.7794,0.1094,0.07,1.7793,"static",NA,11.3,34,0.00071783558401,0.0000000401988428263
"1323","19483_463650.5_4051077.5",14.8900003433228,463650.5,4051077.5,32,2.5,TRUE,713,34,"10:51","11:22",36.604484214,-105.406550278,3225.8102,0.1094,0.07,1.7794,0.1094,0.07,1.7793,"static",NA,11.3,34,0.00071783558401,0.0000000401988428263
"1324","19529_463631.5_4051076.5",8.97999954223633,463631.5,4051076.5,31,2.5,TRUE,713,34,"10:51","11:22",36.604484214,-105.406550278,3225.8102,0.1094,0.07,1.7794,0.1094,0.07,1.7793,"static",NA,11.3,34,0.00071783558401,0.0000000401988428263
"1325","19530_463647.5_4051076.5",12.8599996566772,463647.5,4051076.5,27,2.5,TRUE,713,34,"10:51","11:22",36.604484214,-105.406550278,3225.8102,0.1094,0.07,1.7794,0.1094,0.07,1.7793,"static",NA,11.3,34,0.00071783558401,0.0000000401988428263
"1326","19690_463629.5_4051072.5",13.75,463629.5,4051072.5,37,4.23344177223323,FALSE,713,34,"10:51","11:22",36.604484214,-105.406550278,3225.8102,0.1094,0.07,1.7794,0.1094,0.07,1.7793,"static",NA,11.3,34,0.00071783558401,0.0000000401988428263
"1327","19691_463641.5_4051072.5",9.0600004196167,463641.5,4051072.5,16,3.5,TRUE,713,34,"10:51","11:22",36.604484214,-105.406550278,3225.8102,0.1094,0.07,1.7794,0.1094,0.07,1.7793,"static",NA,11.3,34,0.00071783558401,0.0000000401988428263
"1328","19692_463647.5_4051072.5",13.6499996185303,463647.5,4051072.5,30,3.5,TRUE,713,34,"10:51","11:22",36.604484214,-105.406550278,3225.8102,0.1094,0.07,1.7794,0.1094,0.07,1.7793,"static",NA,11.3,34,0.00071783558401,0.0000000401988428263
"1329","19769_463637.5_4051070.5",4.71000003814697,463637.5,4051070.5,9,3.09184274270703,FALSE,713,34,"10:51","11:22",36.604484214,-105.406550278,3225.8102,0.1094,0.07,1.7794,0.1094,0.07,1.7793,"static",NA,11.3,34,0.00071783558401,0.0000000401988428263
"1330","19770_463652.5_4051070.5",14.4099998474121,463652.5,4051070.5,28,5.5,TRUE,713,34,"10:51","11:22",36.604484214,-105.406550278,3225.8102,0.1094,0.07,1.7794,0.1094,0.07,1.7793,"static",NA,11.3,34,0.00071783558401,0.0000000401988428263
"1331","19819_463650.5_4051069.5",13.3699998855591,463650.5,4051069.5,16,2.5,TRUE,713,34,"10:51","11:22",36.604484214,-105.406550278,3225.8102,0.1094,0.07,1.7794,0.1094,0.07,1.7793,"static",NA,11.3,34,0.00071783558401,0.0000000401988428263
"1332","19864_463633.5_4051068.5",18.2000007629395,463633.5,4051068.5,43,4.60392347758659,FALSE,713,34,"10:51","11:22",36.604484214,-105.406550278,3225.8102,0.1094,0.07,1.7794,0.1094,0.07,1.7793,"static",NA,11.3,34,0.00071783558401,0.0000000401988428263
"1333","19904_463643.5_4051067.5",9.69999980926514,463643.5,4051067.5,18,2.5,TRUE,713,34,"10:51","11:22",36.604484214,-105.406550278,3225.8102,0.1094,0.07,1.7794,0.1094,0.07,1.7793,"static",NA,11.3,34,0.00071783558401,0.0000000401988428263
"1334","19905_463645.5_4051067.5",13.4899997711182,463645.5,4051067.5,10,4.5,TRUE,713,34,"10:51","11:22",36.604484214,-105.406550278,3225.8102,0.1094,0.07,1.7794,0.1094,0.07,1.7793,"static",NA,11.3,34,0.00071783558401,0.0000000401988428263
"1335","19944_463639.5_4051066.5",8,463639.5,4051066.5,21,2.5,TRUE,713,34,"10:51","11:22",36.604484214,-105.406550278,3225.8102,0.1094,0.07,1.7794,0.1094,0.07,1.7793,"static",NA,11.3,34,0.00071783558401,0.0000000401988428263
"1336","20170_463635.5_4051061.5",10.6199998855591,463635.5,4051061.5,22,8.5,TRUE,713,34,"10:51","11:22",36.604484214,-105.406550278,3225.8102,0.1094,0.07,1.7794,0.1094,0.07,1.7793,"static",NA,11.3,34,0.00071783558401,0.0000000401988428263
"1337","20257_464021.5_4051059.5",8.6899995803833,464021.5,4051059.5,16,2.5,TRUE,712,31,"10:42","11:34",36.604273182,-105.402232493,3274.9372,0.1061,0.1638,1.5249,0.1061,0.1638,1.5249,"static",NA,11.3,31,0.000717833490913,0.0000000401986491487
"1338","20258_464027.5_4051059.5",12.4499998092651,464027.5,4051059.5,37,10.5,TRUE,712,31,"10:42","11:34",36.604273182,-105.402232493,3274.9372,0.1061,0.1638,1.5249,0.1061,0.1638,1.5249,"static",NA,11.3,31,0.000717833490913,0.0000000401986491487
"1339","20305_464032.5_4051058.5",12.6999998092651,464032.5,4051058.5,26,2.5,TRUE,712,31,"10:42","11:34",36.604273182,-105.402232493,3274.9372,0.1061,0.1638,1.5249,0.1061,0.1638,1.5249,"static",NA,11.3,31,0.000717833490913,0.0000000401986491487
"1340","20306_464035.5_4051058.5",12.2299995422363,464035.5,4051058.5,32,2.5,TRUE,712,31,"10:42","11:34",36.604273182,-105.402232493,3274.9372,0.1061,0.1638,1.5249,0.1061,0.1638,1.5249,"static",NA,11.3,31,0.000717833490913,0.0000000401986491487
"1341","20375_464018.5_4051056.5",11.1700000762939,464018.5,4051056.5,23,9.5,TRUE,712,31,"10:42","11:34",36.604273182,-105.402232493,3274.9372,0.1061,0.1638,1.5249,0.1061,0.1638,1.5249,"static",NA,11.3,31,0.000717833490913,0.0000000401986491487
"1342","20426_464014.5_4051055.5",12.2600002288818,464014.5,4051055.5,30,2.5,TRUE,712,31,"10:42","11:34",36.604273182,-105.402232493,3274.9372,0.1061,0.1638,1.5249,0.1061,0.1638,1.5249,"static",NA,11.3,31,0.000717833490913,0.0000000401986491487
"1343","20462_464026.5_4051054.5",13.3699998855591,464026.5,4051054.5,25,7.5,TRUE,712,31,"10:42","11:34",36.604273182,-105.402232493,3274.9372,0.1061,0.1638,1.5249,0.1061,0.1638,1.5249,"static",NA,11.3,31,0.000717833490913,0.0000000401986491487
"1344","20548_464018.5_4051052.5",10.960000038147,464018.5,4051052.5,17,2.5,TRUE,712,31,"10:42","11:34",36.604273182,-105.402232493,3274.9372,0.1061,0.1638,1.5249,0.1061,0.1638,1.5249,"static",NA,11.3,31,0.000717833490913,0.0000000401986491487
"1345","20549_464029.5_4051052.5",14.6700000762939,464029.5,4051052.5,34,3.96525227192518,FALSE,712,31,"10:42","11:34",36.604273182,-105.402232493,3274.9372,0.1061,0.1638,1.5249,0.1061,0.1638,1.5249,"static",NA,11.3,31,0.000717833490913,0.0000000401986491487
"1346","20550_464038.5_4051052.5",14.0900001525879,464038.5,4051052.5,32,4.56882982783659,FALSE,712,31,"10:42","11:34",36.604273182,-105.402232493,3274.9372,0.1061,0.1638,1.5249,0.1061,0.1638,1.5249,"static",NA,11.3,31,0.000717833490913,0.0000000401986491487
"1347","20591_464022.5_4051051.5",16.1000003814697,464022.5,4051051.5,36,4.20923936038823,FALSE,712,31,"10:42","11:34",36.604273182,-105.402232493,3274.9372,0.1061,0.1638,1.5249,0.1061,0.1638,1.5249,"static",NA,11.3,31,0.000717833490913,0.0000000401986491487
"1348","20718_464035.5_4051048.5",17.6299991607666,464035.5,4051048.5,47,4.17093254302513,FALSE,712,31,"10:42","11:34",36.604273182,-105.402232493,3274.9372,0.1061,0.1638,1.5249,0.1061,0.1638,1.5249,"static",NA,11.3,31,0.000717833490913,0.0000000401986491487
"1349","20761_464019.5_4051047.5",15.3400001525879,464019.5,4051047.5,28,2.5,TRUE,712,31,"10:42","11:34",36.604273182,-105.402232493,3274.9372,0.1061,0.1638,1.5249,0.1061,0.1638,1.5249,"static",NA,11.3,31,0.000717833490913,0.0000000401986491487
"1350","20798_464028.5_4051046.5",13.8199996948242,464028.5,4051046.5,28,4.31958701641304,FALSE,712,31,"10:42","11:34",36.604273182,-105.402232493,3274.9372,0.1061,0.1638,1.5249,0.1061,0.1638,1.5249,"static",NA,11.3,31,0.000717833490913,0.0000000401986491487
"1351","20847_464015.5_4051045.5",16.2800006866455,464015.5,4051045.5,45,4.49776862009385,FALSE,712,31,"10:42","11:34",36.604273182,-105.402232493,3274.9372,0.1061,0.1638,1.5249,0.1061,0.1638,1.5249,"static",NA,11.3,31,0.000717833490913,0.0000000401986491487
"1352","20877_464027.5_4051044.5",14.1899995803833,464027.5,4051044.5,38,3.5,TRUE,712,31,"10:42","11:34",36.604273182,-105.402232493,3274.9372,0.1061,0.1638,1.5249,0.1061,0.1638,1.5249,"static",NA,11.3,31,0.000717833490913,0.0000000401986491487
"1353","20924_464019.5_4051043.5",17.8199996948242,464019.5,4051043.5,52,3.90384075519224,FALSE,712,31,"10:42","11:34",36.604273182,-105.402232493,3274.9372,0.1061,0.1638,1.5249,0.1061,0.1638,1.5249,"static",NA,11.3,31,0.000717833490913,0.0000000401986491487
"1354","21050_464033.5_4051040.5",15.1599998474121,464033.5,4051040.5,35,3.5,TRUE,712,31,"10:42","11:34",36.604273182,-105.402232493,3274.9372,0.1061,0.1638,1.5249,0.1061,0.1638,1.5249,"static",NA,11.3,31,0.000717833490913,0.0000000401986491487
"1355","21194_464028.5_4051037.5",16.4300003051758,464028.5,4051037.5,40,2.5,TRUE,712,31,"10:42","11:34",36.604273182,-105.402232493,3274.9372,0.1061,0.1638,1.5249,0.1061,0.1638,1.5249,"static",NA,11.3,31,0.000717833490913,0.0000000401986491487
"1356","22194_463609.5_4051013.5",13.5699996948242,463609.5,4051013.5,35,4.46869315123429,FALSE,711,29,"10:46","11:17",36.603803605,-105.406853561,3211.5554,0.4226,0.9518,3.9588,0.4226,0.9518,3.9588,"static",NA,11.3,29,0.000717832116269,0.0000000401985020419
"1357","22229_463612.5_4051012.5",15.1000003814697,463612.5,4051012.5,18,6.5,TRUE,711,29,"10:46","11:17",36.603803605,-105.406853561,3211.5554,0.4226,0.9518,3.9588,0.4226,0.9518,3.9588,"static",NA,11.3,29,0.000717832116269,0.0000000401985020419
"1358","22230_463615.5_4051012.5",13.5,463615.5,4051012.5,21,4.5,TRUE,711,29,"10:46","11:17",36.603803605,-105.406853561,3211.5554,0.4226,0.9518,3.9588,0.4226,0.9518,3.9588,"static",NA,11.3,29,0.000717832116269,0.0000000401985020419
"1359","22395_463616.5_4051008.5",18.25,463616.5,4051008.5,44,2.5,TRUE,711,29,"10:46","11:17",36.603803605,-105.406853561,3211.5554,0.4226,0.9518,3.9588,0.4226,0.9518,3.9588,"static",NA,11.3,29,0.000717832116269,0.0000000401985020419
"1360","22396_463625.5_4051008.5",14.6199998855591,463625.5,4051008.5,47,4.7256416044496,FALSE,711,29,"10:46","11:17",36.603803605,-105.406853561,3211.5554,0.4226,0.9518,3.9588,0.4226,0.9518,3.9588,"static",NA,11.3,29,0.000717832116269,0.0000000401985020419
"1361","22512_463604.5_4051005.5",9.02000045776367,463604.5,4051005.5,34,3.82279696429953,FALSE,711,29,"10:46","11:17",36.603803605,-105.406853561,3211.5554,0.4226,0.9518,3.9588,0.4226,0.9518,3.9588,"static",NA,11.3,29,0.000717832116269,0.0000000401985020419
"1362","22513_463611.5_4051005.5",19.8600006103516,463611.5,4051005.5,32,11.5,TRUE,711,29,"10:46","11:17",36.603803605,-105.406853561,3211.5554,0.4226,0.9518,3.9588,0.4226,0.9518,3.9588,"static",NA,11.3,29,0.000717832116269,0.0000000401985020419
"1363","22647_463609.5_4051002.5",17.3400001525879,463609.5,4051002.5,27,2.5,TRUE,711,29,"10:46","11:17",36.603803605,-105.406853561,3211.5554,0.4226,0.9518,3.9588,0.4226,0.9518,3.9588,"static",NA,11.3,29,0.000717832116269,0.0000000401985020419
"1364","22681_463603.5_4051001.5",9.64999961853027,463603.5,4051001.5,25,4.39802984965438,FALSE,711,29,"10:46","11:17",36.603803605,-105.406853561,3211.5554,0.4226,0.9518,3.9588,0.4226,0.9518,3.9588,"static",NA,11.3,29,0.000717832116269,0.0000000401985020419
"1365","22734_463615.5_4051000.5",21.2900009155273,463615.5,4051000.5,79,3.89146666666667,FALSE,711,29,"10:46","11:17",36.603803605,-105.406853561,3211.5554,0.4226,0.9518,3.9588,0.4226,0.9518,3.9588,"static",NA,11.3,29,0.000717832116269,0.0000000401985020419
"1366","22781_463609.5_4050999.5",17.2099990844727,463609.5,4050999.5,24,5.62911847657942,FALSE,711,29,"10:46","11:17",36.603803605,-105.406853561,3211.5554,0.4226,0.9518,3.9588,0.4226,0.9518,3.9588,"static",NA,11.3,29,0.000717832116269,0.0000000401985020419
"1367","22854_463625.5_4050997.5",20.3999996185303,463625.5,4050997.5,79,4.20368888888889,FALSE,711,29,"10:46","11:17",36.603803605,-105.406853561,3211.5554,0.4226,0.9518,3.9588,0.4226,0.9518,3.9588,"static",NA,11.3,29,0.000717832116269,0.0000000401985020419
"1368","22892_463610.5_4050996.5",14.8599996566772,463610.5,4050996.5,24,8.5,TRUE,711,29,"10:46","11:17",36.603803605,-105.406853561,3211.5554,0.4226,0.9518,3.9588,0.4226,0.9518,3.9588,"static",NA,11.3,29,0.000717832116269,0.0000000401985020419
"1369","22929_463602.5_4050995.5",17.4500007629395,463602.5,4050995.5,43,4.5580980831471,FALSE,711,29,"10:46","11:17",36.603803605,-105.406853561,3211.5554,0.4226,0.9518,3.9588,0.4226,0.9518,3.9588,"static",NA,11.3,29,0.000717832116269,0.0000000401985020419
"1370","23001_463610.5_4050993.5",16.8500003814697,463610.5,4050993.5,26,7.5,TRUE,711,29,"10:46","11:17",36.603803605,-105.406853561,3211.5554,0.4226,0.9518,3.9588,0.4226,0.9518,3.9588,"static",NA,11.3,29,0.000717832116269,0.0000000401985020419
"1371","23086_463601.5_4050991.5",13.3400001525879,463601.5,4050991.5,29,4.08428923663915,FALSE,711,29,"10:46","11:17",36.603803605,-105.406853561,3211.5554,0.4226,0.9518,3.9588,0.4226,0.9518,3.9588,"static",NA,11.3,29,0.000717832116269,0.0000000401985020419
"1372","23087_463607.5_4050991.5",17.1299991607666,463607.5,4050991.5,24,7.5,TRUE,711,29,"10:46","11:17",36.603803605,-105.406853561,3211.5554,0.4226,0.9518,3.9588,0.4226,0.9518,3.9588,"static",NA,11.3,29,0.000717832116269,0.0000000401985020419
"1373","23088_463622.5_4050991.5",12.3599996566772,463622.5,4050991.5,26,2.5,TRUE,711,29,"10:46","11:17",36.603803605,-105.406853561,3211.5554,0.4226,0.9518,3.9588,0.4226,0.9518,3.9588,"static",NA,11.3,29,0.000717832116269,0.0000000401985020419
"1374","23173_463618.5_4050989.5",20.2199993133545,463618.5,4050989.5,47,4.96129606742518,FALSE,711,29,"10:46","11:17",36.603803605,-105.406853561,3211.5554,0.4226,0.9518,3.9588,0.4226,0.9518,3.9588,"static",NA,11.3,29,0.000717832116269,0.0000000401985020419
"1375","23220_463610.5_4050988.5",15.1000003814697,463610.5,4050988.5,17,2.5,TRUE,711,29,"10:46","11:17",36.603803605,-105.406853561,3211.5554,0.4226,0.9518,3.9588,0.4226,0.9518,3.9588,"static",NA,11.3,29,0.000717832116269,0.0000000401985020419
"1376","23259_463607.5_4050987.5",14.1999998092651,463607.5,4050987.5,23,2.5,TRUE,711,29,"10:46","11:17",36.603803605,-105.406853561,3211.5554,0.4226,0.9518,3.9588,0.4226,0.9518,3.9588,"static",NA,11.3,29,0.000717832116269,0.0000000401985020419
"1377","23306_463613.5_4050986.5",15.8599996566772,463613.5,4050986.5,27,2.5,TRUE,711,29,"10:46","11:17",36.603803605,-105.406853561,3211.5554,0.4226,0.9518,3.9588,0.4226,0.9518,3.9588,"static",NA,11.3,29,0.000717832116269,0.0000000401985020419
"1378","32854_463713.5_4050785.5",18.6200008392334,463713.5,4050785.5,84,3.5,TRUE,711,30,"3:11","3:43",36.601710547,-105.405761672,3241.141,0.6725,0.9304,0.7913,0.6724,0.9303,0.7912,"static",NA,11.3,30,0.000717820638977,0.0000000401974067252
"1379","33071_463718.5_4050781.5",17.2099990844727,463718.5,4050781.5,25,4.5,TRUE,711,30,"3:11","3:43",36.601710547,-105.405761672,3241.141,0.6725,0.9304,0.7913,0.6724,0.9303,0.7912,"static",NA,11.3,30,0.000717820638977,0.0000000401974067252
"1380","33218_463706.5_4050778.5",19.1700000762939,463706.5,4050778.5,81,3.5,TRUE,711,30,"3:11","3:43",36.601710547,-105.405761672,3241.141,0.6725,0.9304,0.7913,0.6724,0.9303,0.7912,"static",NA,11.3,30,0.000717820638977,0.0000000401974067252
"1381","33261_463701.5_4050777.5",17.8799991607666,463701.5,4050777.5,49,10.5,TRUE,711,30,"3:11","3:43",36.601710547,-105.405761672,3241.141,0.6725,0.9304,0.7913,0.6724,0.9303,0.7912,"static",NA,11.3,30,0.000717820638977,0.0000000401974067252
"1382","33306_463721.5_4050776.5",11.3999996185303,463721.5,4050776.5,29,2.5,TRUE,711,30,"3:11","3:43",36.601710547,-105.405761672,3241.141,0.6725,0.9304,0.7913,0.6724,0.9303,0.7912,"static",NA,11.3,30,0.000717820638977,0.0000000401974067252
"1383","33542_463714.5_4050771.5",15,463714.5,4050771.5,40,3.5,TRUE,711,30,"3:11","3:43",36.601710547,-105.405761672,3241.141,0.6725,0.9304,0.7913,0.6724,0.9303,0.7912,"static",NA,11.3,30,0.000717820638977,0.0000000401974067252
"1384","33591_463701.5_4050770.5",16.4200000762939,463701.5,4050770.5,48,3.5,TRUE,711,30,"3:11","3:43",36.601710547,-105.405761672,3241.141,0.6725,0.9304,0.7913,0.6724,0.9303,0.7912,"static",NA,11.3,30,0.000717820638977,0.0000000401974067252
"1385","33670_463711.5_4050768.5",12.3599996566772,463711.5,4050768.5,20,3.5,TRUE,711,30,"3:11","3:43",36.601710547,-105.405761672,3241.141,0.6725,0.9304,0.7913,0.6724,0.9303,0.7912,"static",NA,11.3,30,0.000717820638977,0.0000000401974067252
"1386","33671_463715.5_4050768.5",16.1000003814697,463715.5,4050768.5,25,4.5,TRUE,711,30,"3:11","3:43",36.601710547,-105.405761672,3241.141,0.6725,0.9304,0.7913,0.6724,0.9303,0.7912,"static",NA,11.3,30,0.000717820638977,0.0000000401974067252
"1387","33817_463696.5_4050765.5",13.710000038147,463696.5,4050765.5,24,3.5,TRUE,711,30,"3:11","3:43",36.601710547,-105.405761672,3241.141,0.6725,0.9304,0.7913,0.6724,0.9303,0.7912,"static",NA,11.3,30,0.000717820638977,0.0000000401974067252
"1388","33818_463719.5_4050765.5",16.7000007629395,463719.5,4050765.5,34,3.5,TRUE,711,30,"3:11","3:43",36.601710547,-105.405761672,3241.141,0.6725,0.9304,0.7913,0.6724,0.9303,0.7912,"static",NA,11.3,30,0.000717820638977,0.0000000401974067252
"1389","33913_463702.5_4050763.5",14.6000003814697,463702.5,4050763.5,36,3.5,TRUE,711,30,"3:11","3:43",36.601710547,-105.405761672,3241.141,0.6725,0.9304,0.7913,0.6724,0.9303,0.7912,"static",NA,11.3,30,0.000717820638977,0.0000000401974067252
"1390","33968_463696.5_4050762.5",13.4799995422363,463696.5,4050762.5,24,3.5,TRUE,711,30,"3:11","3:43",36.601710547,-105.405761672,3241.141,0.6725,0.9304,0.7913,0.6724,0.9303,0.7912,"static",NA,11.3,30,0.000717820638977,0.0000000401974067252
"1391","34012_463720.5_4050761.5",15.4799995422363,463720.5,4050761.5,38,7.5,TRUE,711,30,"3:11","3:43",36.601710547,-105.405761672,3241.141,0.6725,0.9304,0.7913,0.6724,0.9303,0.7912,"static",NA,11.3,30,0.000717820638977,0.0000000401974067252
"1392","34061_463706.5_4050760.5",16.3500003814697,463706.5,4050760.5,50,3.5,TRUE,711,30,"3:11","3:43",36.601710547,-105.405761672,3241.141,0.6725,0.9304,0.7913,0.6724,0.9303,0.7912,"static",NA,11.3,30,0.000717820638977,0.0000000401974067252
"1393","34112_463714.5_4050759.5",13.25,463714.5,4050759.5,23,2.5,TRUE,711,30,"3:11","3:43",36.601710547,-105.405761672,3241.141,0.6725,0.9304,0.7913,0.6724,0.9303,0.7912,"static",NA,11.3,30,0.000717820638977,0.0000000401974067252
"1394","34255_463716.5_4050756.5",12.6499996185303,463716.5,4050756.5,27,3.5,TRUE,711,30,"3:11","3:43",36.601710547,-105.405761672,3241.141,0.6725,0.9304,0.7913,0.6724,0.9303,0.7912,"static",NA,11.3,30,0.000717820638977,0.0000000401974067252
"1395","34302_463699.5_4050755.5",20.7700004577637,463699.5,4050755.5,69,2.5,TRUE,711,30,"3:11","3:43",36.601710547,-105.405761672,3241.141,0.6725,0.9304,0.7913,0.6724,0.9303,0.7912,"static",NA,11.3,30,0.000717820638977,0.0000000401974067252
"1396","34303_463712.5_4050755.5",14.6400003433228,463712.5,4050755.5,24,2.5,TRUE,711,30,"3:11","3:43",36.601710547,-105.405761672,3241.141,0.6725,0.9304,0.7913,0.6724,0.9303,0.7912,"static",NA,11.3,30,0.000717820638977,0.0000000401974067252
"1397","34357_463706.5_4050754.5",13.1000003814697,463706.5,4050754.5,20,4.87056736942371,FALSE,711,30,"3:11","3:43",36.601710547,-105.405761672,3241.141,0.6725,0.9304,0.7913,0.6724,0.9303,0.7912,"static",NA,11.3,30,0.000717820638977,0.0000000401974067252
"1398","39466_464234.5_4050647.5",8.96000003814697,464234.5,4050647.5,13,8.5,TRUE,712,33,"4:33","5:04",36.600544254,-105.399808778,3348.3657,0.0992,0.2263,1.6684,0.0992,0.2263,1.6683,"static",NA,11.3,33,0.000717813905602,0.0000000401967488176
"1399","39467_464242.5_4050647.5",7.6399998664856,464242.5,4050647.5,11,3.46622138461133,FALSE,712,33,"4:33","5:04",36.600544254,-105.399808778,3348.3657,0.0992,0.2263,1.6684,0.0992,0.2263,1.6683,"static",NA,11.3,33,0.000717813905602,0.0000000401967488176
"1400","39468_464244.5_4050647.5",7.30000019073486,464244.5,4050647.5,3,2.5,TRUE,712,33,"4:33","5:04",36.600544254,-105.399808778,3348.3657,0.0992,0.2263,1.6684,0.0992,0.2263,1.6683,"static",NA,11.3,33,0.000717813905602,0.0000000401967488176
"1401","39669_464249.5_4050642.5",3.1800000667572,464249.5,4050642.5,6,2.50321386387745,FALSE,712,33,"4:33","5:04",36.600544254,-105.399808778,3348.3657,0.0992,0.2263,1.6684,0.0992,0.2263,1.6683,"static",NA,11.3,33,0.000717813905602,0.0000000401967488176
"1402","39715_464233.5_4050641.5",4.88000011444092,464233.5,4050641.5,13,2.36671685971883,FALSE,712,33,"4:33","5:04",36.600544254,-105.399808778,3348.3657,0.0992,0.2263,1.6684,0.0992,0.2263,1.6683,"static",NA,11.3,33,0.000717813905602,0.0000000401967488176
"1403","39716_464236.5_4050641.5",4.5,464236.5,4050641.5,11,3.5,TRUE,712,33,"4:33","5:04",36.600544254,-105.399808778,3348.3657,0.0992,0.2263,1.6684,0.0992,0.2263,1.6683,"static",NA,11.3,33,0.000717813905602,0.0000000401967488176
"1404","39859_464228.5_4050638.5",4.80000019073486,464228.5,4050638.5,16,1.5,TRUE,712,33,"4:33","5:04",36.600544254,-105.399808778,3348.3657,0.0992,0.2263,1.6684,0.0992,0.2263,1.6683,"static",NA,11.3,33,0.000717813905602,0.0000000401967488176
"1405","39860_464233.5_4050638.5",6,464233.5,4050638.5,14,3.02749802087022,FALSE,712,33,"4:33","5:04",36.600544254,-105.399808778,3348.3657,0.0992,0.2263,1.6684,0.0992,0.2263,1.6683,"static",NA,11.3,33,0.000717813905602,0.0000000401967488176
"1406","39861_464248.5_4050638.5",8.40999984741211,464248.5,4050638.5,24,3.51034079589741,FALSE,712,33,"4:33","5:04",36.600544254,-105.399808778,3348.3657,0.0992,0.2263,1.6684,0.0992,0.2263,1.6683,"static",NA,11.3,33,0.000717813905602,0.0000000401967488176
"1407","39862_464253.5_4050638.5",6.46999979019165,464253.5,4050638.5,25,2.5,TRUE,712,33,"4:33","5:04",36.600544254,-105.399808778,3348.3657,0.0992,0.2263,1.6684,0.0992,0.2263,1.6683,"static",NA,11.3,33,0.000717813905602,0.0000000401967488176
"1408","40039_464230.5_4050634.5",6.69000005722046,464230.5,4050634.5,16,5.5,TRUE,712,33,"4:33","5:04",36.600544254,-105.399808778,3348.3657,0.0992,0.2263,1.6684,0.0992,0.2263,1.6683,"static",NA,11.3,33,0.000717813905602,0.0000000401967488176
"1409","40040_464234.5_4050634.5",5.44000005722046,464234.5,4050634.5,11,3.0106003040002,FALSE,712,33,"4:33","5:04",36.600544254,-105.399808778,3348.3657,0.0992,0.2263,1.6684,0.0992,0.2263,1.6683,"static",NA,11.3,33,0.000717813905602,0.0000000401967488176
"1410","40041_464254.5_4050634.5",13.1099996566772,464254.5,4050634.5,13,2.5,TRUE,712,33,"4:33","5:04",36.600544254,-105.399808778,3348.3657,0.0992,0.2263,1.6684,0.0992,0.2263,1.6683,"static",NA,11.3,33,0.000717813905602,0.0000000401967488176
"1411","40124_464234.5_4050632.5",6.26999998092651,464234.5,4050632.5,7,3.5,TRUE,712,33,"4:33","5:04",36.600544254,-105.399808778,3348.3657,0.0992,0.2263,1.6684,0.0992,0.2263,1.6683,"static",NA,11.3,33,0.000717813905602,0.0000000401967488176
"1412","40125_464238.5_4050632.5",3.89000010490417,464238.5,4050632.5,5,2.5,TRUE,712,33,"4:33","5:04",36.600544254,-105.399808778,3348.3657,0.0992,0.2263,1.6684,0.0992,0.2263,1.6683,"static",NA,11.3,33,0.000717813905602,0.0000000401967488176
"1413","40126_464253.5_4050632.5",12.6199998855591,464253.5,4050632.5,24,5.5,TRUE,712,33,"4:33","5:04",36.600544254,-105.399808778,3348.3657,0.0992,0.2263,1.6684,0.0992,0.2263,1.6683,"static",NA,11.3,33,0.000717813905602,0.0000000401967488176
"1414","40211_464234.5_4050630.5",6.92999982833862,464234.5,4050630.5,16,4.5,TRUE,712,33,"4:33","5:04",36.600544254,-105.399808778,3348.3657,0.0992,0.2263,1.6684,0.0992,0.2263,1.6683,"static",NA,11.3,33,0.000717813905602,0.0000000401967488176
"1415","40212_464246.5_4050630.5",11.3900003433228,464246.5,4050630.5,43,9.5,TRUE,712,33,"4:33","5:04",36.600544254,-105.399808778,3348.3657,0.0992,0.2263,1.6684,0.0992,0.2263,1.6683,"static",NA,11.3,33,0.000717813905602,0.0000000401967488176
"1416","40253_464232.5_4050629.5",7.09999990463257,464232.5,4050629.5,18,3.6849835943108,FALSE,712,33,"4:33","5:04",36.600544254,-105.399808778,3348.3657,0.0992,0.2263,1.6684,0.0992,0.2263,1.6683,"static",NA,11.3,33,0.000717813905602,0.0000000401967488176
"1417","40254_464239.5_4050629.5",3.66000008583069,464239.5,4050629.5,11,2.59456232432484,FALSE,712,33,"4:33","5:04",36.600544254,-105.399808778,3348.3657,0.0992,0.2263,1.6684,0.0992,0.2263,1.6683,"static",NA,11.3,33,0.000717813905602,0.0000000401967488176
"1418","40255_464249.5_4050629.5",9.9399995803833,464249.5,4050629.5,23,9.5,TRUE,712,33,"4:33","5:04",36.600544254,-105.399808778,3348.3657,0.0992,0.2263,1.6684,0.0992,0.2263,1.6683,"static",NA,11.3,33,0.000717813905602,0.0000000401967488176
"1419","40478_464240.5_4050624.5",5.46000003814697,464240.5,4050624.5,12,3.5,TRUE,712,33,"4:33","5:04",36.600544254,-105.399808778,3348.3657,0.0992,0.2263,1.6684,0.0992,0.2263,1.6683,"static",NA,11.3,33,0.000717813905602,0.0000000401967488176
"1420","40528_464237.5_4050623.5",7,464237.5,4050623.5,26,3.17025055800467,FALSE,712,33,"4:33","5:04",36.600544254,-105.399808778,3348.3657,0.0992,0.2263,1.6684,0.0992,0.2263,1.6683,"static",NA,11.3,33,0.000717813905602,0.0000000401967488176
"1421","40835_464233.5_4050616.5",5.94999980926514,464233.5,4050616.5,14,2.5,TRUE,712,32,"2:42","3:13",36.600266681,-105.399906353,3353.6396,0.0971,0.0038,0.0616,0.0971,0.0038,0.0616,"static",NA,11.3,32,0.000717813164469,0.0000000401966823529
"1422","40836_464239.5_4050616.5",6.96999979019165,464239.5,4050616.5,16,3.41684491319558,FALSE,712,32,"2:42","3:13",36.600266681,-105.399906353,3353.6396,0.0971,0.0038,0.0616,0.0971,0.0038,0.0616,"static",NA,11.3,32,0.000717813164469,0.0000000401966823529
"1423","40893_464231.5_4050615.5",4.61999988555908,464231.5,4050615.5,7,2.5,TRUE,712,32,"2:42","3:13",36.600266681,-105.399906353,3353.6396,0.0971,0.0038,0.0616,0.0971,0.0038,0.0616,"static",NA,11.3,32,0.000717813164469,0.0000000401966823529
"1424","41026_464230.5_4050612.5",2.92000007629395,464230.5,4050612.5,5,2.16881949409536,FALSE,712,32,"2:42","3:13",36.600266681,-105.399906353,3353.6396,0.0971,0.0038,0.0616,0.0971,0.0038,0.0616,"static",NA,11.3,32,0.000717813164469,0.0000000401966823529
"1425","41123_464235.5_4050610.5",5.32999992370605,464235.5,4050610.5,28,2.5264102114732,FALSE,712,32,"2:42","3:13",36.600266681,-105.399906353,3353.6396,0.0971,0.0038,0.0616,0.0971,0.0038,0.0616,"static",NA,11.3,32,0.000717813164469,0.0000000401966823529
"1426","41124_464241.5_4050610.5",6.01000022888184,464241.5,4050610.5,21,3.05003849482842,FALSE,712,32,"2:42","3:13",36.600266681,-105.399906353,3353.6396,0.0971,0.0038,0.0616,0.0971,0.0038,0.0616,"static",NA,11.3,32,0.000717813164469,0.0000000401966823529
"1427","41208_464239.5_4050608.5",7.03000020980835,464239.5,4050608.5,15,2.5,TRUE,712,32,"2:42","3:13",36.600266681,-105.399906353,3353.6396,0.0971,0.0038,0.0616,0.0971,0.0038,0.0616,"static",NA,11.3,32,0.000717813164469,0.0000000401966823529
"1428","41209_464245.5_4050608.5",8.22999954223633,464245.5,4050608.5,23,3.58421465218824,FALSE,712,32,"2:42","3:13",36.600266681,-105.399906353,3353.6396,0.0971,0.0038,0.0616,0.0971,0.0038,0.0616,"static",NA,11.3,32,0.000717813164469,0.0000000401966823529
"1429","41255_464232.5_4050607.5",3.32999992370605,464232.5,4050607.5,5,1.5,TRUE,712,32,"2:42","3:13",36.600266681,-105.399906353,3353.6396,0.0971,0.0038,0.0616,0.0971,0.0038,0.0616,"static",NA,11.3,32,0.000717813164469,0.0000000401966823529
"1430","41256_464236.5_4050607.5",4.6399998664856,464236.5,4050607.5,14,2.5158892718817,FALSE,712,32,"2:42","3:13",36.600266681,-105.399906353,3353.6396,0.0971,0.0038,0.0616,0.0971,0.0038,0.0616,"static",NA,11.3,32,0.000717813164469,0.0000000401966823529
"1431","41364_464221.5_4050605.5",5.73999977111816,464221.5,4050605.5,3,5.5,TRUE,712,32,"2:42","3:13",36.600266681,-105.399906353,3353.6396,0.0971,0.0038,0.0616,0.0971,0.0038,0.0616,"static",NA,11.3,32,0.000717813164469,0.0000000401966823529
"1432","41365_464238.5_4050605.5",3.77999997138977,464238.5,4050605.5,9,2.5,TRUE,712,32,"2:42","3:13",36.600266681,-105.399906353,3353.6396,0.0971,0.0038,0.0616,0.0971,0.0038,0.0616,"static",NA,11.3,32,0.000717813164469,0.0000000401966823529
"1433","41414_464224.5_4050604.5",3.6800000667572,464224.5,4050604.5,4,2.5,TRUE,712,32,"2:42","3:13",36.600266681,-105.399906353,3353.6396,0.0971,0.0038,0.0616,0.0971,0.0038,0.0616,"static",NA,11.3,32,0.000717813164469,0.0000000401966823529
"1434","41415_464241.5_4050604.5",7.30000019073486,464241.5,4050604.5,21,3.35837838624633,FALSE,712,32,"2:42","3:13",36.600266681,-105.399906353,3353.6396,0.0971,0.0038,0.0616,0.0971,0.0038,0.0616,"static",NA,11.3,32,0.000717813164469,0.0000000401966823529
"1435","41416_464243.5_4050604.5",9.77999973297119,464243.5,4050604.5,11,3.48637748664379,FALSE,712,32,"2:42","3:13",36.600266681,-105.399906353,3353.6396,0.0971,0.0038,0.0616,0.0971,0.0038,0.0616,"static",NA,11.3,32,0.000717813164469,0.0000000401966823529
"1436","41493_464222.5_4050602.5",2.54999995231628,464222.5,4050602.5,3,2.03746303627479,FALSE,712,32,"2:42","3:13",36.600266681,-105.399906353,3353.6396,0.0971,0.0038,0.0616,0.0971,0.0038,0.0616,"static",NA,11.3,32,0.000717813164469,0.0000000401966823529
"1437","41494_464236.5_4050602.5",2.85999989509583,464236.5,4050602.5,5,1.5,TRUE,712,32,"2:42","3:13",36.600266681,-105.399906353,3353.6396,0.0971,0.0038,0.0616,0.0971,0.0038,0.0616,"static",NA,11.3,32,0.000717813164469,0.0000000401966823529
"1438","41585_464243.5_4050600.5",3.30999994277954,464243.5,4050600.5,12,2.32275639229558,FALSE,712,32,"2:42","3:13",36.600266681,-105.399906353,3353.6396,0.0971,0.0038,0.0616,0.0971,0.0038,0.0616,"static",NA,11.3,32,0.000717813164469,0.0000000401966823529
"1439","41731_464234.5_4050597.5",6.67000007629395,464234.5,4050597.5,6,3.5,TRUE,712,32,"2:42","3:13",36.600266681,-105.399906353,3353.6396,0.0971,0.0038,0.0616,0.0971,0.0038,0.0616,"static",NA,11.3,32,0.000717813164469,0.0000000401966823529
"1440","41776_464236.5_4050596.5",7.44000005722046,464236.5,4050596.5,11,2.5,TRUE,712,32,"2:42","3:13",36.600266681,-105.399906353,3353.6396,0.0971,0.0038,0.0616,0.0971,0.0038,0.0616,"static",NA,11.3,32,0.000717813164469,0.0000000401966823529
"1441","41832_464234.5_4050595.5",5.8899998664856,464234.5,4050595.5,6,2.5,TRUE,712,32,"2:42","3:13",36.600266681,-105.399906353,3353.6396,0.0971,0.0038,0.0616,0.0971,0.0038,0.0616,"static",NA,11.3,32,0.000717813164469,0.0000000401966823529
"1442","41928_464237.5_4050593.5",4.21999979019165,464237.5,4050593.5,11,2.65636019939181,FALSE,712,32,"2:42","3:13",36.600266681,-105.399906353,3353.6396,0.0971,0.0038,0.0616,0.0971,0.0038,0.0616,"static",NA,11.3,32,0.000717813164469,0.0000000401966823529
"1443","639_433875.5_3940473.5",11.5600004196167,433875.5,3940473.5,53,3.5,TRUE,807,79,"2:43","3:04",35.605726957,-105.730019142,2359.5047,0.1621,0.1065,0.2393,0.1621,0.1065,0.2393,"static",NA,11.3,79,0.000712654059616,0.0000000396997144212
"1444","749_433868.5_3940468.5",12.8999996185303,433868.5,3940468.5,54,3.5,TRUE,807,79,"2:43","3:04",35.605726957,-105.730019142,2359.5047,0.1621,0.1065,0.2393,0.1621,0.1065,0.2393,"static",NA,11.3,79,0.000712654059616,0.0000000396997144212
"1445","778_433884.5_3940467.5",8.65999984741211,433884.5,3940467.5,14,1.5,TRUE,807,79,"2:43","3:04",35.605726957,-105.730019142,2359.5047,0.1621,0.1065,0.2393,0.1621,0.1065,0.2393,"static",NA,11.3,79,0.000712654059616,0.0000000396997144212
"1446","800_433890.5_3940466.5",8.21000003814697,433890.5,3940466.5,22,5.5,TRUE,807,79,"2:43","3:04",35.605726957,-105.730019142,2359.5047,0.1621,0.1065,0.2393,0.1621,0.1065,0.2393,"static",NA,11.3,79,0.000712654059616,0.0000000396997144212
"1447","886_433874.5_3940462.5",7.96000003814697,433874.5,3940462.5,18,3.5,TRUE,807,79,"2:43","3:04",35.605726957,-105.730019142,2359.5047,0.1621,0.1065,0.2393,0.1621,0.1065,0.2393,"static",NA,11.3,79,0.000712654059616,0.0000000396997144212
"1448","975_433881.5_3940458.5",7.30999994277954,433881.5,3940458.5,21,3.5,TRUE,807,79,"2:43","3:04",35.605726957,-105.730019142,2359.5047,0.1621,0.1065,0.2393,0.1621,0.1065,0.2393,"static",NA,11.3,79,0.000712654059616,0.0000000396997144212
"1449","1022_433890.5_3940456.5",8.80000019073486,433890.5,3940456.5,21,2.5,TRUE,807,79,"2:43","3:04",35.605726957,-105.730019142,2359.5047,0.1621,0.1065,0.2393,0.1621,0.1065,0.2393,"static",NA,11.3,79,0.000712654059616,0.0000000396997144212
"1450","1051_433867.5_3940455.5",12.8900003433228,433867.5,3940455.5,46,3.5,TRUE,807,79,"2:43","3:04",35.605726957,-105.730019142,2359.5047,0.1621,0.1065,0.2393,0.1621,0.1065,0.2393,"static",NA,11.3,79,0.000712654059616,0.0000000396997144212
"1451","1071_433871.5_3940454.5",7.44000005722046,433871.5,3940454.5,15,3.5,TRUE,807,79,"2:43","3:04",35.605726957,-105.730019142,2359.5047,0.1621,0.1065,0.2393,0.1621,0.1065,0.2393,"static",NA,11.3,79,0.000712654059616,0.0000000396997144212
"1452","1072_433874.5_3940454.5",7.03000020980835,433874.5,3940454.5,15,2.5,TRUE,807,79,"2:43","3:04",35.605726957,-105.730019142,2359.5047,0.1621,0.1065,0.2393,0.1621,0.1065,0.2393,"static",NA,11.3,79,0.000712654059616,0.0000000396997144212
"1453","1073_433883.5_3940454.5",9.52000045776367,433883.5,3940454.5,29,4.5,TRUE,807,79,"2:43","3:04",35.605726957,-105.730019142,2359.5047,0.1621,0.1065,0.2393,0.1621,0.1065,0.2393,"static",NA,11.3,79,0.000712654059616,0.0000000396997144212
"1454","7899_433993.5_3940224.5",6.44000005722046,433993.5,3940224.5,18,2.5,TRUE,807,77,"1:20","1:50",35.603439507,-105.728715125,2344.0528,0.1392,0.0802,0.1344,0.1392,0.0802,0.1344,"static",NA,11.3,77,0.000712643054864,0.0000000396986470852
"1455","8000_433991.5_3940219.5",5.80999994277954,433991.5,3940219.5,22,3.5,TRUE,807,77,"1:20","1:50",35.603439507,-105.728715125,2344.0528,0.1392,0.0802,0.1344,0.1392,0.0802,0.1344,"static",NA,11.3,77,0.000712643054864,0.0000000396986470852
"1456","8047_433995.5_3940217.5",6.63000011444092,433995.5,3940217.5,19,1.5,TRUE,807,77,"1:20","1:50",35.603439507,-105.728715125,2344.0528,0.1392,0.0802,0.1344,0.1392,0.0802,0.1344,"static",NA,11.3,77,0.000712643054864,0.0000000396986470852
"1457","8048_434002.5_3940217.5",9.65999984741211,434002.5,3940217.5,18,4.5,TRUE,807,77,"1:20","1:50",35.603439507,-105.728715125,2344.0528,0.1392,0.0802,0.1344,0.1392,0.0802,0.1344,"static",NA,11.3,77,0.000712643054864,0.0000000396986470852
"1458","8092_433998.5_3940215.5",7.69999980926514,433998.5,3940215.5,22,3.5,TRUE,807,77,"1:20","1:50",35.603439507,-105.728715125,2344.0528,0.1392,0.0802,0.1344,0.1392,0.0802,0.1344,"static",NA,11.3,77,0.000712643054864,0.0000000396986470852
"1459","8118_433987.5_3940214.5",6.94999980926514,433987.5,3940214.5,35,3.5,TRUE,807,77,"1:20","1:50",35.603439507,-105.728715125,2344.0528,0.1392,0.0802,0.1344,0.1392,0.0802,0.1344,"static",NA,11.3,77,0.000712643054864,0.0000000396986470852
"1460","8119_433992.5_3940214.5",7.28999996185303,433992.5,3940214.5,26,3.5,TRUE,807,77,"1:20","1:50",35.603439507,-105.728715125,2344.0528,0.1392,0.0802,0.1344,0.1392,0.0802,0.1344,"static",NA,11.3,77,0.000712643054864,0.0000000396986470852
"1461","8164_433996.5_3940212.5",6.17000007629395,433996.5,3940212.5,24,2.5,TRUE,807,77,"1:20","1:50",35.603439507,-105.728715125,2344.0528,0.1392,0.0802,0.1344,0.1392,0.0802,0.1344,"static",NA,11.3,77,0.000712643054864,0.0000000396986470852
"1462","8193_433982.5_3940211.5",5.03999996185303,433982.5,3940211.5,10,3.5,TRUE,807,77,"1:20","1:50",35.603439507,-105.728715125,2344.0528,0.1392,0.0802,0.1344,0.1392,0.0802,0.1344,"static",NA,11.3,77,0.000712643054864,0.0000000396986470852
"1463","8272_434005.5_3940207.5",6.30999994277954,434005.5,3940207.5,8,2.5,TRUE,807,77,"1:20","1:50",35.603439507,-105.728715125,2344.0528,0.1392,0.0802,0.1344,0.1392,0.0802,0.1344,"static",NA,11.3,77,0.000712643054864,0.0000000396986470852
"1464","8296_433991.5_3940206.5",9.42000007629395,433991.5,3940206.5,22,4.5,TRUE,807,77,"1:20","1:50",35.603439507,-105.728715125,2344.0528,0.1392,0.0802,0.1344,0.1392,0.0802,0.1344,"static",NA,11.3,77,0.000712643054864,0.0000000396986470852
"1465","8318_433995.5_3940205.5",12.3599996566772,433995.5,3940205.5,47,5.5,TRUE,807,77,"1:20","1:50",35.603439507,-105.728715125,2344.0528,0.1392,0.0802,0.1344,0.1392,0.0802,0.1344,"static",NA,11.3,77,0.000712643054864,0.0000000396986470852
"1466","8436_433991.5_3940200.5",8.10000038146973,433991.5,3940200.5,34,2.5,TRUE,807,77,"1:20","1:50",35.603439507,-105.728715125,2344.0528,0.1392,0.0802,0.1344,0.1392,0.0802,0.1344,"static",NA,11.3,77,0.000712643054864,0.0000000396986470852
"1467","9591_433971.5_3940150.5",11.1800003051758,433971.5,3940150.5,29,2.5,TRUE,807,78,"1:57","2:27",35.602795699,-105.728991513,2338.1953,0.3602,1.0081,2.976,0.3601,1.008,2.9758,"static",NA,11.3,78,0.000712639829617,0.0000000396983417384
"1468","9775_433970.5_3940142.5",14.9300003051758,433970.5,3940142.5,50,4.5,TRUE,807,78,"1:57","2:27",35.602795699,-105.728991513,2338.1953,0.3602,1.0081,2.976,0.3601,1.008,2.9758,"static",NA,11.3,78,0.000712639829617,0.0000000396983417384
"1469","9860_433962.5_3940138.5",6.1399998664856,433962.5,3940138.5,11,2.5,TRUE,807,78,"1:57","2:27",35.602795699,-105.728991513,2338.1953,0.3602,1.0081,2.976,0.3601,1.008,2.9758,"static",NA,11.3,78,0.000712639829617,0.0000000396983417384
"1470","9884_433958.5_3940137.5",7.03000020980835,433958.5,3940137.5,28,2.5,TRUE,807,78,"1:57","2:27",35.602795699,-105.728991513,2338.1953,0.3602,1.0081,2.976,0.3601,1.008,2.9758,"static",NA,11.3,78,0.000712639829617,0.0000000396983417384
"1471","9956_433961.5_3940134.5",7.46000003814697,433961.5,3940134.5,32,2.5,TRUE,807,78,"1:57","2:27",35.602795699,-105.728991513,2338.1953,0.3602,1.0081,2.976,0.3601,1.008,2.9758,"static",NA,11.3,78,0.000712639829617,0.0000000396983417384
"1472","9957_433981.5_3940134.5",4.53999996185303,433981.5,3940134.5,21,2.5,TRUE,807,78,"1:57","2:27",35.602795699,-105.728991513,2338.1953,0.3602,1.0081,2.976,0.3601,1.008,2.9758,"static",NA,11.3,78,0.000712639829617,0.0000000396983417384
"1473","10012_434109.5_3940131.5",14.8699998855591,434109.5,3940131.5,54,4.5,TRUE,807,75,"11:15","11:45",35.602599747,-105.727385585,2323.943,0.1607,0.0387,0.1121,0.1607,0.0387,0.1121,"static",NA,11.3,75,0.000712637892334,0.0000000396981608107
"1474","10102_433961.5_3940127.5",10.5299997329712,433961.5,3940127.5,29,3.5,TRUE,807,78,"1:57","2:27",35.602795699,-105.728991513,2338.1953,0.3602,1.0081,2.976,0.3601,1.008,2.9758,"static",NA,11.3,78,0.000712639829617,0.0000000396983417384
"1475","10103_433966.5_3940127.5",7.23000001907349,433966.5,3940127.5,29,1.5,TRUE,807,78,"1:57","2:27",35.602795699,-105.728991513,2338.1953,0.3602,1.0081,2.976,0.3601,1.008,2.9758,"static",NA,11.3,78,0.000712639829617,0.0000000396983417384
"1476","10104_433973.5_3940127.5",8.77999973297119,433973.5,3940127.5,32,1.5,TRUE,807,78,"1:57","2:27",35.602795699,-105.728991513,2338.1953,0.3602,1.0081,2.976,0.3601,1.008,2.9758,"static",NA,11.3,78,0.000712639829617,0.0000000396983417384
"1477","10107_434107.5_3940127.5",10.7200002670288,434107.5,3940127.5,35,2.5,TRUE,807,75,"11:15","11:45",35.602599747,-105.727385585,2323.943,0.1607,0.0387,0.1121,0.1607,0.0387,0.1121,"static",NA,11.3,75,0.000712637892334,0.0000000396981608107
"1478","10227_434116.5_3940121.5",11.9700002670288,434116.5,3940121.5,61,3.5,TRUE,807,75,"11:15","11:45",35.602599747,-105.727385585,2323.943,0.1607,0.0387,0.1121,0.1607,0.0387,0.1121,"static",NA,11.3,75,0.000712637892334,0.0000000396981608107
"1479","10281_434100.5_3940119.5",10.2299995422363,434100.5,3940119.5,45,2.5,TRUE,807,75,"11:15","11:45",35.602599747,-105.727385585,2323.943,0.1607,0.0387,0.1121,0.1607,0.0387,0.1121,"static",NA,11.3,75,0.000712637892334,0.0000000396981608107
"1480","10304_434107.5_3940118.5",11.5699996948242,434107.5,3940118.5,33,4.5,TRUE,807,75,"11:15","11:45",35.602599747,-105.727385585,2323.943,0.1607,0.0387,0.1121,0.1607,0.0387,0.1121,"static",NA,11.3,75,0.000712637892334,0.0000000396981608107
"1481","10305_434123.5_3940118.5",13.3500003814697,434123.5,3940118.5,26,6.5,TRUE,807,75,"11:15","11:45",35.602599747,-105.727385585,2323.943,0.1607,0.0387,0.1121,0.1607,0.0387,0.1121,"static",NA,11.3,75,0.000712637892334,0.0000000396981608107
"1482","10326_434125.5_3940117.5",14.789999961853,434125.5,3940117.5,26,7.5,TRUE,807,75,"11:15","11:45",35.602599747,-105.727385585,2323.943,0.1607,0.0387,0.1121,0.1607,0.0387,0.1121,"static",NA,11.3,75,0.000712637892334,0.0000000396981608107
"1483","10378_434119.5_3940115.5",9.89999961853027,434119.5,3940115.5,32,4.5,TRUE,807,75,"11:15","11:45",35.602599747,-105.727385585,2323.943,0.1607,0.0387,0.1121,0.1607,0.0387,0.1121,"static",NA,11.3,75,0.000712637892334,0.0000000396981608107
"1484","10403_434105.5_3940114.5",15.4499998092651,434105.5,3940114.5,52,4.5,TRUE,807,75,"11:15","11:45",35.602599747,-105.727385585,2323.943,0.1607,0.0387,0.1121,0.1607,0.0387,0.1121,"static",NA,11.3,75,0.000712637892334,0.0000000396981608107
"1485","10454_434126.5_3940112.5",13.539999961853,434126.5,3940112.5,28,6.5,TRUE,807,75,"11:15","11:45",35.602599747,-105.727385585,2323.943,0.1607,0.0387,0.1121,0.1607,0.0387,0.1121,"static",NA,11.3,75,0.000712637892334,0.0000000396981608107
"1486","10500_434111.5_3940110.5",18.7600002288818,434111.5,3940110.5,52,8.5,TRUE,807,75,"11:15","11:45",35.602599747,-105.727385585,2323.943,0.1607,0.0387,0.1121,0.1607,0.0387,0.1121,"static",NA,11.3,75,0.000712637892334,0.0000000396981608107
"1487","10560_434109.5_3940107.5",17.8700008392334,434109.5,3940107.5,48,6.5,TRUE,807,75,"11:15","11:45",35.602599747,-105.727385585,2323.943,0.1607,0.0387,0.1121,0.1607,0.0387,0.1121,"static",NA,11.3,75,0.000712637892334,0.0000000396981608107
"1488","11416_434115.5_3940068.5",18.5699996948242,434115.5,3940068.5,103,2.5,TRUE,807,76,"11:53","12:24",35.60207595,-105.727377506,2318.3959,0.0608,0.1626,0.4563,0.0608,0.1626,0.4563,"static",NA,11.3,76,0.000712635922112,0.0000000396979497346
"1489","11483_434103.5_3940065.5",10.8500003814697,434103.5,3940065.5,40,4.5,TRUE,807,76,"11:53","12:24",35.60207595,-105.727377506,2318.3959,0.0608,0.1626,0.4563,0.0608,0.1626,0.4563,"static",NA,11.3,76,0.000712635922112,0.0000000396979497346
"1490","11532_434128.5_3940063.5",18.9899997711182,434128.5,3940063.5,47,8.5,TRUE,807,76,"11:53","12:24",35.60207595,-105.727377506,2318.3959,0.0608,0.1626,0.4563,0.0608,0.1626,0.4563,"static",NA,11.3,76,0.000712635922112,0.0000000396979497346
"1491","11573_434103.5_3940061.5",9.80000019073486,434103.5,3940061.5,20,4.5,TRUE,807,76,"11:53","12:24",35.60207595,-105.727377506,2318.3959,0.0608,0.1626,0.4563,0.0608,0.1626,0.4563,"static",NA,11.3,76,0.000712635922112,0.0000000396979497346
"1492","11652_434111.5_3940057.5",13.2600002288818,434111.5,3940057.5,38,2.5,TRUE,807,76,"11:53","12:24",35.60207595,-105.727377506,2318.3959,0.0608,0.1626,0.4563,0.0608,0.1626,0.4563,"static",NA,11.3,76,0.000712635922112,0.0000000396979497346
"1493","11684_434102.5_3940056.5",11.5299997329712,434102.5,3940056.5,25,3.5,TRUE,807,76,"11:53","12:24",35.60207595,-105.727377506,2318.3959,0.0608,0.1626,0.4563,0.0608,0.1626,0.4563,"static",NA,11.3,76,0.000712635922112,0.0000000396979497346
"1494","11724_434121.5_3940054.5",14.1599998474121,434121.5,3940054.5,78,3.5,TRUE,807,76,"11:53","12:24",35.60207595,-105.727377506,2318.3959,0.0608,0.1626,0.4563,0.0608,0.1626,0.4563,"static",NA,11.3,76,0.000712635922112,0.0000000396979497346
"1495","11821_434112.5_3940050.5",7.15999984741211,434112.5,3940050.5,26,2.5,TRUE,807,76,"11:53","12:24",35.60207595,-105.727377506,2318.3959,0.0608,0.1626,0.4563,0.0608,0.1626,0.4563,"static",NA,11.3,76,0.000712635922112,0.0000000396979497346
"1496","11846_434107.5_3940049.5",15.4799995422363,434107.5,3940049.5,70,5.5,TRUE,807,76,"11:53","12:24",35.60207595,-105.727377506,2318.3959,0.0608,0.1626,0.4563,0.0608,0.1626,0.4563,"static",NA,11.3,76,0.000712635922112,0.0000000396979497346
"1497","11847_434125.5_3940049.5",4.34000015258789,434125.5,3940049.5,8,1.5,TRUE,807,76,"11:53","12:24",35.60207595,-105.727377506,2318.3959,0.0608,0.1626,0.4563,0.0608,0.1626,0.4563,"static",NA,11.3,76,0.000712635922112,0.0000000396979497346
"1498","11913_434111.5_3940046.5",7.73000001907349,434111.5,3940046.5,14,2.5,TRUE,807,76,"11:53","12:24",35.60207595,-105.727377506,2318.3959,0.0608,0.1626,0.4563,0.0608,0.1626,0.4563,"static",NA,11.3,76,0.000712635922112,0.0000000396979497346
"1499","11914_434118.5_3940046.5",7.30999994277954,434118.5,3940046.5,7,1.5,TRUE,807,76,"11:53","12:24",35.60207595,-105.727377506,2318.3959,0.0608,0.1626,0.4563,0.0608,0.1626,0.4563,"static",NA,11.3,76,0.000712635922112,0.0000000396979497346
"1500","11220_433733.5_3941645.5",12.710000038147,433733.5,3941645.5,29,7.5,TRUE,810,92,"11:34","12:05",35.616256937,-105.73164142,2402.1885,0.4019,0.1619,0.6757,0.4019,0.1619,0.6756,"static",NA,11.3,92,0.0007127071342,0.0000000397048513075
"1501","11221_433747.5_3941645.5",13.75,433747.5,3941645.5,21,7.5,TRUE,810,92,"11:34","12:05",35.616256937,-105.73164142,2402.1885,0.4019,0.1619,0.6757,0.4019,0.1619,0.6756,"static",NA,11.3,92,0.0007127071342,0.0000000397048513075
"1502","11273_433744.5_3941644.5",13.5,433744.5,3941644.5,34,8.5,TRUE,810,92,"11:34","12:05",35.616256937,-105.73164142,2402.1885,0.4019,0.1619,0.6757,0.4019,0.1619,0.6756,"static",NA,11.3,92,0.0007127071342,0.0000000397048513075
"1503","11368_433738.5_3941642.5",11.7700004577637,433738.5,3941642.5,34,7.5,TRUE,810,92,"11:34","12:05",35.616256937,-105.73164142,2402.1885,0.4019,0.1619,0.6757,0.4019,0.1619,0.6756,"static",NA,11.3,92,0.0007127071342,0.0000000397048513075
"1504","11556_433726.5_3941637.5",14.5100002288818,433726.5,3941637.5,35,8.5,TRUE,810,92,"11:34","12:05",35.616256937,-105.73164142,2402.1885,0.4019,0.1619,0.6757,0.4019,0.1619,0.6756,"static",NA,11.3,92,0.0007127071342,0.0000000397048513075
"1505","11557_433742.5_3941637.5",11.6599998474121,433742.5,3941637.5,27,7.5,TRUE,810,92,"11:34","12:05",35.616256937,-105.73164142,2402.1885,0.4019,0.1619,0.6757,0.4019,0.1619,0.6756,"static",NA,11.3,92,0.0007127071342,0.0000000397048513075
"1506","11558_433746.5_3941637.5",11.7200002670288,433746.5,3941637.5,20,3.5,TRUE,810,92,"11:34","12:05",35.616256937,-105.73164142,2402.1885,0.4019,0.1619,0.6757,0.4019,0.1619,0.6756,"static",NA,11.3,92,0.0007127071342,0.0000000397048513075
"1507","11661_433747.5_3941635.5",11.4099998474121,433747.5,3941635.5,14,8.5,TRUE,810,92,"11:34","12:05",35.616256937,-105.73164142,2402.1885,0.4019,0.1619,0.6757,0.4019,0.1619,0.6756,"static",NA,11.3,92,0.0007127071342,0.0000000397048513075
"1508","11662_433752.5_3941635.5",12.1999998092651,433752.5,3941635.5,20,8.5,TRUE,810,92,"11:34","12:05",35.616256937,-105.73164142,2402.1885,0.4019,0.1619,0.6757,0.4019,0.1619,0.6756,"static",NA,11.3,92,0.0007127071342,0.0000000397048513075
"1509","11745_433738.5_3941633.5",11.3599996566772,433738.5,3941633.5,32,8.5,TRUE,810,92,"11:34","12:05",35.616256937,-105.73164142,2402.1885,0.4019,0.1619,0.6757,0.4019,0.1619,0.6756,"static",NA,11.3,92,0.0007127071342,0.0000000397048513075
"1510","11790_433728.5_3941632.5",11.7700004577637,433728.5,3941632.5,24,6.5,TRUE,810,92,"11:34","12:05",35.616256937,-105.73164142,2402.1885,0.4019,0.1619,0.6757,0.4019,0.1619,0.6756,"static",NA,11.3,92,0.0007127071342,0.0000000397048513075
"1511","11791_433749.5_3941632.5",11.1599998474121,433749.5,3941632.5,18,7.5,TRUE,810,92,"11:34","12:05",35.616256937,-105.73164142,2402.1885,0.4019,0.1619,0.6757,0.4019,0.1619,0.6756,"static",NA,11.3,92,0.0007127071342,0.0000000397048513075
"1512","11827_433746.5_3941631.5",10.5500001907349,433746.5,3941631.5,19,5.5,TRUE,810,92,"11:34","12:05",35.616256937,-105.73164142,2402.1885,0.4019,0.1619,0.6757,0.4019,0.1619,0.6756,"static",NA,11.3,92,0.0007127071342,0.0000000397048513075
"1513","11969_433744.5_3941628.5",9.60000038146973,433744.5,3941628.5,26,5.5,TRUE,810,92,"11:34","12:05",35.616256937,-105.73164142,2402.1885,0.4019,0.1619,0.6757,0.4019,0.1619,0.6756,"static",NA,11.3,92,0.0007127071342,0.0000000397048513075
"1514","12005_433731.5_3941627.5",13.6999998092651,433731.5,3941627.5,28,7.5,TRUE,810,92,"11:34","12:05",35.616256937,-105.73164142,2402.1885,0.4019,0.1619,0.6757,0.4019,0.1619,0.6756,"static",NA,11.3,92,0.0007127071342,0.0000000397048513075
"1515","12006_433737.5_3941627.5",12.0799999237061,433737.5,3941627.5,44,7.5,TRUE,810,92,"11:34","12:05",35.616256937,-105.73164142,2402.1885,0.4019,0.1619,0.6757,0.4019,0.1619,0.6756,"static",NA,11.3,92,0.0007127071342,0.0000000397048513075
"1516","12054_433748.5_3941626.5",9.85999965667725,433748.5,3941626.5,15,7.5,TRUE,810,92,"11:34","12:05",35.616256937,-105.73164142,2402.1885,0.4019,0.1619,0.6757,0.4019,0.1619,0.6756,"static",NA,11.3,92,0.0007127071342,0.0000000397048513075
"1517","12135_433733.5_3941624.5",12.2200002670288,433733.5,3941624.5,17,6.5,TRUE,810,92,"11:34","12:05",35.616256937,-105.73164142,2402.1885,0.4019,0.1619,0.6757,0.4019,0.1619,0.6756,"static",NA,11.3,92,0.0007127071342,0.0000000397048513075
"1518","12211_433744.5_3941622.5",12.0200004577637,433744.5,3941622.5,26,7.5,TRUE,810,92,"11:34","12:05",35.616256937,-105.73164142,2402.1885,0.4019,0.1619,0.6757,0.4019,0.1619,0.6756,"static",NA,11.3,92,0.0007127071342,0.0000000397048513075
"1519","12259_433738.5_3941621.5",11.0299997329712,433738.5,3941621.5,26,7.5,TRUE,810,92,"11:34","12:05",35.616256937,-105.73164142,2402.1885,0.4019,0.1619,0.6757,0.4019,0.1619,0.6756,"static",NA,11.3,92,0.0007127071342,0.0000000397048513075
"1520","15146_433752.5_3941551.5",13.6300001144409,433752.5,3941551.5,33,7.5,TRUE,810,91,"10:55","11:26",35.615406941,-105.731569542,2402.3288,0.3082,0.5712,0.1714,0.3082,0.5712,0.1714,"static",NA,11.3,91,0.000712703413789,0.0000000397044820369
"1521","15259_433734.5_3941548.5",11.7600002288818,433734.5,3941548.5,41,6.5,TRUE,810,91,"10:55","11:26",35.615406941,-105.731569542,2402.3288,0.3082,0.5712,0.1714,0.3082,0.5712,0.1714,"static",NA,11.3,91,0.000712703413789,0.0000000397044820369
"1522","15260_433742.5_3941548.5",12.4300003051758,433742.5,3941548.5,24,5.5,TRUE,810,91,"10:55","11:26",35.615406941,-105.731569542,2402.3288,0.3082,0.5712,0.1714,0.3082,0.5712,0.1714,"static",NA,11.3,91,0.000712703413789,0.0000000397044820369
"1523","15329_433752.5_3941546.5",14.6999998092651,433752.5,3941546.5,42,8.5,TRUE,810,91,"10:55","11:26",35.615406941,-105.731569542,2402.3288,0.3082,0.5712,0.1714,0.3082,0.5712,0.1714,"static",NA,11.3,91,0.000712703413789,0.0000000397044820369
"1524","15416_433741.5_3941544.5",14.2700004577637,433741.5,3941544.5,37,5.5,TRUE,810,91,"10:55","11:26",35.615406941,-105.731569542,2402.3288,0.3082,0.5712,0.1714,0.3082,0.5712,0.1714,"static",NA,11.3,91,0.000712703413789,0.0000000397044820369
"1525","15566_433743.5_3941540.5",18.0799999237061,433743.5,3941540.5,44,7.5,TRUE,810,91,"10:55","11:26",35.615406941,-105.731569542,2402.3288,0.3082,0.5712,0.1714,0.3082,0.5712,0.1714,"static",NA,11.3,91,0.000712703413789,0.0000000397044820369
"1526","15618_433750.5_3941539.5",14.8000001907349,433750.5,3941539.5,40,9.5,TRUE,810,91,"10:55","11:26",35.615406941,-105.731569542,2402.3288,0.3082,0.5712,0.1714,0.3082,0.5712,0.1714,"static",NA,11.3,91,0.000712703413789,0.0000000397044820369
"1527","15686_433734.5_3941537.5",16.8999996185303,433734.5,3941537.5,54,8.5,TRUE,810,91,"10:55","11:26",35.615406941,-105.731569542,2402.3288,0.3082,0.5712,0.1714,0.3082,0.5712,0.1714,"static",NA,11.3,91,0.000712703413789,0.0000000397044820369
"1528","15812_433756.5_3941534.5",17.2900009155273,433756.5,3941534.5,58,8.5,TRUE,810,91,"10:55","11:26",35.615406941,-105.731569542,2402.3288,0.3082,0.5712,0.1714,0.3082,0.5712,0.1714,"static",NA,11.3,91,0.000712703413789,0.0000000397044820369
"1529","15923_433733.5_3941531.5",11.7299995422363,433733.5,3941531.5,22,9.5,TRUE,810,91,"10:55","11:26",35.615406941,-105.731569542,2402.3288,0.3082,0.5712,0.1714,0.3082,0.5712,0.1714,"static",NA,11.3,91,0.000712703413789,0.0000000397044820369
"1530","15924_433748.5_3941531.5",13.0600004196167,433748.5,3941531.5,39,7.5,TRUE,810,91,"10:55","11:26",35.615406941,-105.731569542,2402.3288,0.3082,0.5712,0.1714,0.3082,0.5712,0.1714,"static",NA,11.3,91,0.000712703413789,0.0000000397044820369
"1531","15993_433739.5_3941529.5",13.25,433739.5,3941529.5,44,4.5,TRUE,810,91,"10:55","11:26",35.615406941,-105.731569542,2402.3288,0.3082,0.5712,0.1714,0.3082,0.5712,0.1714,"static",NA,11.3,91,0.000712703413789,0.0000000397044820369
"1532","16125_433749.5_3941526.5",13.9099998474121,433749.5,3941526.5,27,8.5,TRUE,810,91,"10:55","11:26",35.615406941,-105.731569542,2402.3288,0.3082,0.5712,0.1714,0.3082,0.5712,0.1714,"static",NA,11.3,91,0.000712703413789,0.0000000397044820369
"1533","16157_433747.5_3941525.5",13.8500003814697,433747.5,3941525.5,31,6.5,TRUE,810,91,"10:55","11:26",35.615406941,-105.731569542,2402.3288,0.3082,0.5712,0.1714,0.3082,0.5712,0.1714,"static",NA,11.3,91,0.000712703413789,0.0000000397044820369
"1534","17967_433746.5_3941479.5",12.3299999237061,433746.5,3941479.5,31,3.5,TRUE,810,90,"10:15","10:45",35.614771992,-105.731611158,2399.8995,0.0336,0.0333,0.0272,0.0336,0.0333,0.0272,"static",NA,11.3,90,0.000712700213566,0.0000000397041827774
"1535","18100_433735.5_3941476.5",14.4099998474121,433735.5,3941476.5,41,8.5,TRUE,810,90,"10:15","10:45",35.614771992,-105.731611158,2399.8995,0.0336,0.0333,0.0272,0.0336,0.0333,0.0272,"static",NA,11.3,90,0.000712700213566,0.0000000397041827774
"1536","18101_433741.5_3941476.5",12.8400001525879,433741.5,3941476.5,31,7.5,TRUE,810,90,"10:15","10:45",35.614771992,-105.731611158,2399.8995,0.0336,0.0333,0.0272,0.0336,0.0333,0.0272,"static",NA,11.3,90,0.000712700213566,0.0000000397041827774
"1537","18219_433748.5_3941473.5",13.039999961853,433748.5,3941473.5,34,6.5,TRUE,810,90,"10:15","10:45",35.614771992,-105.731611158,2399.8995,0.0336,0.0333,0.0272,0.0336,0.0333,0.0272,"static",NA,11.3,90,0.000712700213566,0.0000000397041827774
"1538","18286_433732.5_3941471.5",11.9399995803833,433732.5,3941471.5,34,7.5,TRUE,810,90,"10:15","10:45",35.614771992,-105.731611158,2399.8995,0.0336,0.0333,0.0272,0.0336,0.0333,0.0272,"static",NA,11.3,90,0.000712700213566,0.0000000397041827774
"1539","18287_433754.5_3941471.5",14.6300001144409,433754.5,3941471.5,40,9.5,TRUE,810,90,"10:15","10:45",35.614771992,-105.731611158,2399.8995,0.0336,0.0333,0.0272,0.0336,0.0333,0.0272,"static",NA,11.3,90,0.000712700213566,0.0000000397041827774
"1540","18330_433739.5_3941470.5",14.0299997329712,433739.5,3941470.5,40,7.5,TRUE,810,90,"10:15","10:45",35.614771992,-105.731611158,2399.8995,0.0336,0.0333,0.0272,0.0336,0.0333,0.0272,"static",NA,11.3,90,0.000712700213566,0.0000000397041827774
"1541","18459_433732.5_3941467.5",14.1700000762939,433732.5,3941467.5,45,3.5,TRUE,810,90,"10:15","10:45",35.614771992,-105.731611158,2399.8995,0.0336,0.0333,0.0272,0.0336,0.0333,0.0272,"static",NA,11.3,90,0.000712700213566,0.0000000397041827774
"1542","18578_433743.5_3941464.5",13.7700004577637,433743.5,3941464.5,40,5.5,TRUE,810,90,"10:15","10:45",35.614771992,-105.731611158,2399.8995,0.0336,0.0333,0.0272,0.0336,0.0333,0.0272,"static",NA,11.3,90,0.000712700213566,0.0000000397041827774
"1543","18692_433738.5_3941461.5",12.6099996566772,433738.5,3941461.5,40,6.5,TRUE,810,90,"10:15","10:45",35.614771992,-105.731611158,2399.8995,0.0336,0.0333,0.0272,0.0336,0.0333,0.0272,"static",NA,11.3,90,0.000712700213566,0.0000000397041827774
"1544","18852_433731.5_3941457.5",16.5499992370605,433731.5,3941457.5,72,5.5,TRUE,810,90,"10:15","10:45",35.614771992,-105.731611158,2399.8995,0.0336,0.0333,0.0272,0.0336,0.0333,0.0272,"static",NA,11.3,90,0.000712700213566,0.0000000397041827774
"1545","18937_433738.5_3941455.5",13.25,433738.5,3941455.5,36,7.5,TRUE,810,90,"10:15","10:45",35.614771992,-105.731611158,2399.8995,0.0336,0.0333,0.0272,0.0336,0.0333,0.0272,"static",NA,11.3,90,0.000712700213566,0.0000000397041827774
"1546","18938_433743.5_3941455.5",12.1099996566772,433743.5,3941455.5,31,6.5,TRUE,810,90,"10:15","10:45",35.614771992,-105.731611158,2399.8995,0.0336,0.0333,0.0272,0.0336,0.0333,0.0272,"static",NA,11.3,90,0.000712700213566,0.0000000397041827774
"1547","26083_433680.5_3941238.5",20.6100006103516,433680.5,3941238.5,50,8.5,TRUE,809,82,"12:23","12:44",35.612577214,-105.73231369,2366.0517,0.0716,0.1136,0.1099,0.0715,0.1136,0.1099,"static",NA,11.3,82,0.000712689002524,0.0000000397030944828
"1548","26229_433682.5_3941233.5",16.2299995422363,433682.5,3941233.5,35,8.5,TRUE,809,82,"12:23","12:44",35.612577214,-105.73231369,2366.0517,0.0716,0.1136,0.1099,0.0715,0.1136,0.1099,"static",NA,11.3,82,0.000712689002524,0.0000000397030944828
"1549","26398_433666.5_3941227.5",11.2700004577637,433666.5,3941227.5,29,6.5,TRUE,809,82,"12:23","12:44",35.612577214,-105.73231369,2366.0517,0.0716,0.1136,0.1099,0.0715,0.1136,0.1099,"static",NA,11.3,82,0.000712689002524,0.0000000397030944828
"1550","26399_433671.5_3941227.5",17.2399997711182,433671.5,3941227.5,38,8.5,TRUE,809,82,"12:23","12:44",35.612577214,-105.73231369,2366.0517,0.0716,0.1136,0.1099,0.0715,0.1136,0.1099,"static",NA,11.3,82,0.000712689002524,0.0000000397030944828
"1551","26400_433689.5_3941227.5",17.5400009155273,433689.5,3941227.5,65,7.5,TRUE,809,82,"12:23","12:44",35.612577214,-105.73231369,2366.0517,0.0716,0.1136,0.1099,0.0715,0.1136,0.1099,"static",NA,11.3,82,0.000712689002524,0.0000000397030944828
"1552","26436_433682.5_3941226.5",17.2399997711182,433682.5,3941226.5,53,6.5,TRUE,809,82,"12:23","12:44",35.612577214,-105.73231369,2366.0517,0.0716,0.1136,0.1099,0.0715,0.1136,0.1099,"static",NA,11.3,82,0.000712689002524,0.0000000397030944828
"1553","26571_433669.5_3941221.5",6,433669.5,3941221.5,4,3.64464918301513,FALSE,809,82,"12:23","12:44",35.612577214,-105.73231369,2366.0517,0.0716,0.1136,0.1099,0.0715,0.1136,0.1099,"static",NA,11.3,82,0.000712689002524,0.0000000397030944828
"1554","26600_433662.5_3941220.5",17.5200004577637,433662.5,3941220.5,56,8.5,TRUE,809,82,"12:23","12:44",35.612577214,-105.73231369,2366.0517,0.0716,0.1136,0.1099,0.0715,0.1136,0.1099,"static",NA,11.3,82,0.000712689002524,0.0000000397030944828
"1555","26601_433678.5_3941220.5",17.2800006866455,433678.5,3941220.5,59,7.5,TRUE,809,82,"12:23","12:44",35.612577214,-105.73231369,2366.0517,0.0716,0.1136,0.1099,0.0715,0.1136,0.1099,"static",NA,11.3,82,0.000712689002524,0.0000000397030944828
"1556","26749_433673.5_3941215.5",15.6099996566772,433673.5,3941215.5,36,8.5,TRUE,809,82,"12:23","12:44",35.612577214,-105.73231369,2366.0517,0.0716,0.1136,0.1099,0.0715,0.1136,0.1099,"static",NA,11.3,82,0.000712689002524,0.0000000397030944828
"1557","26780_433685.5_3941214.5",14.5,433685.5,3941214.5,45,9.5,TRUE,809,82,"12:23","12:44",35.612577214,-105.73231369,2366.0517,0.0716,0.1136,0.1099,0.0715,0.1136,0.1099,"static",NA,11.3,82,0.000712689002524,0.0000000397030944828
"1558","26848_433676.5_3941212.5",15.1000003814697,433676.5,3941212.5,32,8.5,TRUE,809,82,"12:23","12:44",35.612577214,-105.73231369,2366.0517,0.0716,0.1136,0.1099,0.0715,0.1136,0.1099,"static",NA,11.3,82,0.000712689002524,0.0000000397030944828
"1559","27389_433639.5_3941193.5",14.5,433639.5,3941193.5,39,6.5,TRUE,809,83,"12:53","1:14",35.612186593,-105.732709281,2355.3301,0.2878,0.2714,1.0975,0.2878,0.2714,1.0974,"static",NA,11.3,83,0.000712686719489,0.0000000397028760937
"1560","27478_433629.5_3941190.5",19.1700000762939,433629.5,3941190.5,48,8.5,TRUE,809,83,"12:53","1:14",35.612186593,-105.732709281,2355.3301,0.2878,0.2714,1.0975,0.2878,0.2714,1.0974,"static",NA,11.3,83,0.000712686719489,0.0000000397028760937
"1561","27657_433636.5_3941184.5",16.4599990844727,433636.5,3941184.5,61,7.5,TRUE,809,83,"12:53","1:14",35.612186593,-105.732709281,2355.3301,0.2878,0.2714,1.0975,0.2878,0.2714,1.0974,"static",NA,11.3,83,0.000712686719489,0.0000000397028760937
"1562","27658_433639.5_3941184.5",15.5100002288818,433639.5,3941184.5,25,7.5,TRUE,809,83,"12:53","1:14",35.612186593,-105.732709281,2355.3301,0.2878,0.2714,1.0975,0.2878,0.2714,1.0974,"static",NA,11.3,83,0.000712686719489,0.0000000397028760937
"1563","27686_433648.5_3941183.5",18.4200000762939,433648.5,3941183.5,54,11.5,TRUE,809,83,"12:53","1:14",35.612186593,-105.732709281,2355.3301,0.2878,0.2714,1.0975,0.2878,0.2714,1.0974,"static",NA,11.3,83,0.000712686719489,0.0000000397028760937
"1564","27883_433628.5_3941176.5",14.289999961853,433628.5,3941176.5,33,6.5,TRUE,809,83,"12:53","1:14",35.612186593,-105.732709281,2355.3301,0.2878,0.2714,1.0975,0.2878,0.2714,1.0974,"static",NA,11.3,83,0.000712686719489,0.0000000397028760937
"1565","27884_433638.5_3941176.5",15.6099996566772,433638.5,3941176.5,34,8.5,TRUE,809,83,"12:53","1:14",35.612186593,-105.732709281,2355.3301,0.2878,0.2714,1.0975,0.2878,0.2714,1.0974,"static",NA,11.3,83,0.000712686719489,0.0000000397028760937
"1566","27946_433632.5_3941174.5",12.6099996566772,433632.5,3941174.5,29,5.5,TRUE,809,83,"12:53","1:14",35.612186593,-105.732709281,2355.3301,0.2878,0.2714,1.0975,0.2878,0.2714,1.0974,"static",NA,11.3,83,0.000712686719489,0.0000000397028760937
"1567","28087_433645.5_3941169.5",14.6499996185303,433645.5,3941169.5,22,11.5,TRUE,809,83,"12:53","1:14",35.612186593,-105.732709281,2355.3301,0.2878,0.2714,1.0975,0.2878,0.2714,1.0974,"static",NA,11.3,83,0.000712686719489,0.0000000397028760937
"1568","32230_433791.5_3941032.5",10.4200000762939,433791.5,3941032.5,25,5.5,TRUE,809,89,"5:33","5:54",35.610756476,-105.730959108,2375.9965,0.1233,0.0347,0.1365,0.1232,0.0347,0.1365,"static",NA,11.3,89,0.000712680023952,0.0000000397022277529
"1569","32321_433786.5_3941029.5",9.73999977111816,433786.5,3941029.5,21,4.5,TRUE,809,89,"5:33","5:54",35.610756476,-105.730959108,2375.9965,0.1233,0.0347,0.1365,0.1232,0.0347,0.1365,"static",NA,11.3,89,0.000712680023952,0.0000000397022277529
"1570","32409_433811.5_3941026.5",13.3100004196167,433811.5,3941026.5,35,5.5,TRUE,809,89,"5:33","5:54",35.610756476,-105.730959108,2375.9965,0.1233,0.0347,0.1365,0.1232,0.0347,0.1365,"static",NA,11.3,89,0.000712680023952,0.0000000397022277529
"1571","32437_433794.5_3941025.5",13.8999996185303,433794.5,3941025.5,49,5.5,TRUE,809,89,"5:33","5:54",35.610756476,-105.730959108,2375.9965,0.1233,0.0347,0.1365,0.1232,0.0347,0.1365,"static",NA,11.3,89,0.000712680023952,0.0000000397022277529
"1572","32480_433804.5_3941024.5",13.7700004577637,433804.5,3941024.5,53,8.5,TRUE,809,89,"5:33","5:54",35.610756476,-105.730959108,2375.9965,0.1233,0.0347,0.1365,0.1232,0.0347,0.1365,"static",NA,11.3,89,0.000712680023952,0.0000000397022277529
"1573","32534_433789.5_3941022.5",12.6800003051758,433789.5,3941022.5,16,8.5,TRUE,809,89,"5:33","5:54",35.610756476,-105.730959108,2375.9965,0.1233,0.0347,0.1365,0.1232,0.0347,0.1365,"static",NA,11.3,89,0.000712680023952,0.0000000397022277529
"1574","32594_433806.5_3941020.5",14.9099998474121,433806.5,3941020.5,25,9.5,TRUE,809,89,"5:33","5:54",35.610756476,-105.730959108,2375.9965,0.1233,0.0347,0.1365,0.1232,0.0347,0.1365,"static",NA,11.3,89,0.000712680023952,0.0000000397022277529
"1575","32621_433789.5_3941019.5",12.3100004196167,433789.5,3941019.5,13,10.5,TRUE,809,89,"5:33","5:54",35.610756476,-105.730959108,2375.9965,0.1233,0.0347,0.1365,0.1232,0.0347,0.1365,"static",NA,11.3,89,0.000712680023952,0.0000000397022277529
"1576","32653_433802.5_3941018.5",16.1399993896484,433802.5,3941018.5,40,7.5,TRUE,809,89,"5:33","5:54",35.610756476,-105.730959108,2375.9965,0.1233,0.0347,0.1365,0.1232,0.0347,0.1365,"static",NA,11.3,89,0.000712680023952,0.0000000397022277529
"1577","32677_433786.5_3941017.5",11.1599998474121,433786.5,3941017.5,20,6.5,TRUE,809,89,"5:33","5:54",35.610756476,-105.730959108,2375.9965,0.1233,0.0347,0.1365,0.1232,0.0347,0.1365,"static",NA,11.3,89,0.000712680023952,0.0000000397022277529
"1578","32841_433804.5_3941011.5",14.1199998855591,433804.5,3941011.5,26,7.5,TRUE,809,89,"5:33","5:54",35.610756476,-105.730959108,2375.9965,0.1233,0.0347,0.1365,0.1232,0.0347,0.1365,"static",NA,11.3,89,0.000712680023952,0.0000000397022277529
"1579","35088_433774.5_3940923.5",11.4799995422363,433774.5,3940923.5,32,4.5,TRUE,809,84,"2:05","2:25",35.609738369,-105.731251212,2362.0045,0.2257,0.8099,1.2363,0.2257,0.8098,1.2362,"static",NA,11.3,84,0.000712674249098,0.0000000397016694514
"1580","35219_433769.5_3940918.5",16.1399993896484,433769.5,3940918.5,69,6.5,TRUE,809,84,"2:05","2:25",35.609738369,-105.731251212,2362.0045,0.2257,0.8099,1.2363,0.2257,0.8098,1.2362,"static",NA,11.3,84,0.000712674249098,0.0000000397016694514
"1581","35220_433777.5_3940918.5",12.9799995422363,433777.5,3940918.5,39,7.5,TRUE,809,84,"2:05","2:25",35.609738369,-105.731251212,2362.0045,0.2257,0.8099,1.2363,0.2257,0.8098,1.2362,"static",NA,11.3,84,0.000712674249098,0.0000000397016694514
"1582","35323_433758.5_3940914.5",16.7099990844727,433758.5,3940914.5,56,6.5,TRUE,809,84,"2:05","2:25",35.609738369,-105.731251212,2362.0045,0.2257,0.8099,1.2363,0.2257,0.8098,1.2362,"static",NA,11.3,84,0.000712674249098,0.0000000397016694514
"1583","35459_433764.5_3940909.5",16.5699996948242,433764.5,3940909.5,32,9.5,TRUE,809,84,"2:05","2:25",35.609738369,-105.731251212,2362.0045,0.2257,0.8099,1.2363,0.2257,0.8098,1.2362,"static",NA,11.3,84,0.000712674249098,0.0000000397016694514
"1584","35508_433769.5_3940907.5",16.2999992370605,433769.5,3940907.5,43,7.5,TRUE,809,84,"2:05","2:25",35.609738369,-105.731251212,2362.0045,0.2257,0.8099,1.2363,0.2257,0.8098,1.2362,"static",NA,11.3,84,0.000712674249098,0.0000000397016694514
"1585","35528_433760.5_3940906.5",16.8600006103516,433760.5,3940906.5,55,12.5,TRUE,809,84,"2:05","2:25",35.609738369,-105.731251212,2362.0045,0.2257,0.8099,1.2363,0.2257,0.8098,1.2362,"static",NA,11.3,84,0.000712674249098,0.0000000397016694514
"1586","35611_433772.5_3940903.5",18.1000003814697,433772.5,3940903.5,42,9.5,TRUE,809,84,"2:05","2:25",35.609738369,-105.731251212,2362.0045,0.2257,0.8099,1.2363,0.2257,0.8098,1.2362,"static",NA,11.3,84,0.000712674249098,0.0000000397016694514
"1587","35612_433781.5_3940903.5",8.84000015258789,433781.5,3940903.5,9,6.5,TRUE,809,84,"2:05","2:25",35.609738369,-105.731251212,2362.0045,0.2257,0.8099,1.2363,0.2257,0.8098,1.2362,"static",NA,11.3,84,0.000712674249098,0.0000000397016694514
"1588","35978_433716.5_3940889.5",19.7999992370605,433716.5,3940889.5,45,8.5,TRUE,809,85,"2:34","3:04",35.609414389,-105.731847663,2345.53,0.2882,0.6853,0.2157,0.2882,0.6853,0.2157,"static",NA,11.3,85,0.000712673512695,0.0000000397016029746
"1589","36110_433709.5_3940884.5",17.1100006103516,433709.5,3940884.5,38,11.5,TRUE,809,85,"2:34","3:04",35.609414389,-105.731847663,2345.53,0.2882,0.6853,0.2157,0.2882,0.6853,0.2157,"static",NA,11.3,85,0.000712673512695,0.0000000397016029746
"1590","36158_433723.5_3940882.5",16.4200000762939,433723.5,3940882.5,35,10.5,TRUE,809,85,"2:34","3:04",35.609414389,-105.731847663,2345.53,0.2882,0.6853,0.2157,0.2882,0.6853,0.2157,"static",NA,11.3,85,0.000712673512695,0.0000000397016029746
"1591","36241_433711.5_3940879.5",18.0300006866455,433711.5,3940879.5,44,8.5,TRUE,809,85,"2:34","3:04",35.609414389,-105.731847663,2345.53,0.2882,0.6853,0.2157,0.2882,0.6853,0.2157,"static",NA,11.3,85,0.000712673512695,0.0000000397016029746
"1592","36292_433720.5_3940877.5",18.5,433720.5,3940877.5,57,9.5,TRUE,809,85,"2:34","3:04",35.609414389,-105.731847663,2345.53,0.2882,0.6853,0.2157,0.2882,0.6853,0.2157,"static",NA,11.3,85,0.000712673512695,0.0000000397016029746
"1593","36336_433710.5_3940875.5",17,433710.5,3940875.5,60,8.5,TRUE,809,85,"2:34","3:04",35.609414389,-105.731847663,2345.53,0.2882,0.6853,0.2157,0.2882,0.6853,0.2157,"static",NA,11.3,85,0.000712673512695,0.0000000397016029746
"1594","36443_433632.5_3940871.5",14.210000038147,433632.5,3940871.5,26,5.5,TRUE,809,86,"3:23","3:48",35.609310692,-105.732763323,2334.6467,0.1311,0.2631,0.408,0.1311,0.2631,0.408,"static",NA,11.3,86,0.000712672652244,0.0000000397015177687
"1595","36487_433624.5_3940869.5",12.2399997711182,433624.5,3940869.5,40,3.5,TRUE,809,86,"3:23","3:48",35.609310692,-105.732763323,2334.6467,0.1311,0.2631,0.408,0.1311,0.2631,0.408,"static",NA,11.3,86,0.000712672652244,0.0000000397015177687
"1596","36488_433646.5_3940869.5",17.5900001525879,433646.5,3940869.5,31,4.5,TRUE,809,86,"3:23","3:48",35.609310692,-105.732763323,2334.6467,0.1311,0.2631,0.408,0.1311,0.2631,0.408,"static",NA,11.3,86,0.000712672652244,0.0000000397015177687
"1597","36492_433704.5_3940869.5",14.0100002288818,433704.5,3940869.5,46,5.5,TRUE,809,85,"2:34","3:04",35.609414389,-105.731847663,2345.53,0.2882,0.6853,0.2157,0.2882,0.6853,0.2157,"static",NA,11.3,85,0.000712673512695,0.0000000397016029746
"1598","36578_433723.5_3940866.5",16.1299991607666,433723.5,3940866.5,61,7.5,TRUE,809,85,"2:34","3:04",35.609414389,-105.731847663,2345.53,0.2882,0.6853,0.2157,0.2882,0.6853,0.2157,"static",NA,11.3,85,0.000712673512695,0.0000000397016029746
"1599","36632_433637.5_3940864.5",12.039999961853,433637.5,3940864.5,16,6.5,TRUE,809,86,"3:23","3:48",35.609310692,-105.732763323,2334.6467,0.1311,0.2631,0.408,0.1311,0.2631,0.408,"static",NA,11.3,86,0.000712672652244,0.0000000397015177687
"1600","36663_433715.5_3940863.5",19.2700004577637,433715.5,3940863.5,52,10.5,TRUE,809,85,"2:34","3:04",35.609414389,-105.731847663,2345.53,0.2882,0.6853,0.2157,0.2882,0.6853,0.2157,"static",NA,11.3,85,0.000712673512695,0.0000000397016029746
"1601","36768_433634.5_3940859.5",15.6899995803833,433634.5,3940859.5,78,5.5,TRUE,809,86,"3:23","3:48",35.609310692,-105.732763323,2334.6467,0.1311,0.2631,0.408,0.1311,0.2631,0.408,"static",NA,11.3,86,0.000712672652244,0.0000000397015177687
"1602","36887_433636.5_3940854.5",12.5500001907349,433636.5,3940854.5,51,4.5,TRUE,809,86,"3:23","3:48",35.609310692,-105.732763323,2334.6467,0.1311,0.2631,0.408,0.1311,0.2631,0.408,"static",NA,11.3,86,0.000712672652244,0.0000000397015177687
"1603","38050_433812.5_3940815.5",8.5600004196167,433812.5,3940815.5,9,5.5,TRUE,807,81,"3:48","4:08",35.608839566,-105.730756689,2364.0321,0.0969,0.2055,0.3066,0.0969,0.2054,0.3065,"static",NA,11.3,81,0.00071266969227,0.0000000397012228807
"1604","38159_433807.5_3940811.5",18.75,433807.5,3940811.5,41,5.5,TRUE,807,81,"3:48","4:08",35.608839566,-105.730756689,2364.0321,0.0969,0.2055,0.3066,0.0969,0.2054,0.3065,"static",NA,11.3,81,0.00071266969227,0.0000000397012228807
"1605","38198_433827.5_3940810.5",16.7199993133545,433827.5,3940810.5,30,9.5,TRUE,807,81,"3:48","4:08",35.608839566,-105.730756689,2364.0321,0.0969,0.2055,0.3066,0.0969,0.2054,0.3065,"static",NA,11.3,81,0.00071266969227,0.0000000397012228807
"1606","38292_433800.5_3940807.5",20.9300003051758,433800.5,3940807.5,76,4.5,TRUE,807,81,"3:48","4:08",35.608839566,-105.730756689,2364.0321,0.0969,0.2055,0.3066,0.0969,0.2054,0.3065,"static",NA,11.3,81,0.00071266969227,0.0000000397012228807
"1607","38293_433817.5_3940807.5",18.3500003814697,433817.5,3940807.5,30,14.5,TRUE,807,81,"3:48","4:08",35.608839566,-105.730756689,2364.0321,0.0969,0.2055,0.3066,0.0969,0.2054,0.3065,"static",NA,11.3,81,0.00071266969227,0.0000000397012228807
"1608","38321_433827.5_3940806.5",17.2399997711182,433827.5,3940806.5,28,6.5,TRUE,807,81,"3:48","4:08",35.608839566,-105.730756689,2364.0321,0.0969,0.2055,0.3066,0.0969,0.2054,0.3065,"static",NA,11.3,81,0.00071266969227,0.0000000397012228807
"1609","38426_433825.5_3940802.5",15.4899997711182,433825.5,3940802.5,55,7.5,TRUE,807,81,"3:48","4:08",35.608839566,-105.730756689,2364.0321,0.0969,0.2055,0.3066,0.0969,0.2054,0.3065,"static",NA,11.3,81,0.00071266969227,0.0000000397012228807
"1610","38427_433895.5_3940802.5",13.3500003814697,433895.5,3940802.5,33,5.5,TRUE,809,88,"4:52","5:12",35.608689875,-105.729834589,2378.8576,0.3577,0.4304,1.6685,0.3576,0.4304,1.6683,"static",NA,11.3,88,0.000712669266206,0.0000000397011875102
"1611","38453_433810.5_3940801.5",14.289999961853,433810.5,3940801.5,28,7.5,TRUE,807,81,"3:48","4:08",35.608839566,-105.730756689,2364.0321,0.0969,0.2055,0.3066,0.0969,0.2054,0.3065,"static",NA,11.3,81,0.00071266969227,0.0000000397012228807
"1612","38454_433898.5_3940801.5",12.4899997711182,433898.5,3940801.5,20,7.5,TRUE,809,88,"4:52","5:12",35.608689875,-105.729834589,2378.8576,0.3577,0.4304,1.6685,0.3576,0.4304,1.6683,"static",NA,11.3,88,0.000712669266206,0.0000000397011875102
"1613","38507_433901.5_3940799.5",14.1099996566772,433901.5,3940799.5,26,4.5,TRUE,809,88,"4:52","5:12",35.608689875,-105.729834589,2378.8576,0.3577,0.4304,1.6685,0.3576,0.4304,1.6683,"static",NA,11.3,88,0.000712669266206,0.0000000397011875102
"1614","38573_433898.5_3940797.5",13.039999961853,433898.5,3940797.5,26,5.5,TRUE,809,88,"4:52","5:12",35.608689875,-105.729834589,2378.8576,0.3577,0.4304,1.6685,0.3576,0.4304,1.6683,"static",NA,11.3,88,0.000712669266206,0.0000000397011875102
"1615","38602_433911.5_3940796.5",14.6899995803833,433911.5,3940796.5,49,4.5,TRUE,809,88,"4:52","5:12",35.608689875,-105.729834589,2378.8576,0.3577,0.4304,1.6685,0.3576,0.4304,1.6683,"static",NA,11.3,88,0.000712669266206,0.0000000397011875102
"1616","38699_433894.5_3940792.5",13.5900001525879,433894.5,3940792.5,38,6.5,TRUE,809,88,"4:52","5:12",35.608689875,-105.729834589,2378.8576,0.3577,0.4304,1.6685,0.3576,0.4304,1.6683,"static",NA,11.3,88,0.000712669266206,0.0000000397011875102
"1617","38700_433901.5_3940792.5",11.3900003433228,433901.5,3940792.5,20,5.5,TRUE,809,88,"4:52","5:12",35.608689875,-105.729834589,2378.8576,0.3577,0.4304,1.6685,0.3576,0.4304,1.6683,"static",NA,11.3,88,0.000712669266206,0.0000000397011875102
"1618","38753_433907.5_3940790.5",10.4099998474121,433907.5,3940790.5,20,4.5,TRUE,809,88,"4:52","5:12",35.608689875,-105.729834589,2378.8576,0.3577,0.4304,1.6685,0.3576,0.4304,1.6683,"static",NA,11.3,88,0.000712669266206,0.0000000397011875102
"1619","38785_433889.5_3940789.5",13.0200004577637,433889.5,3940789.5,33,4.5,TRUE,809,88,"4:52","5:12",35.608689875,-105.729834589,2378.8576,0.3577,0.4304,1.6685,0.3576,0.4304,1.6683,"static",NA,11.3,88,0.000712669266206,0.0000000397011875102
"1620","38902_433898.5_3940785.5",13.9799995422363,433898.5,3940785.5,48,5.5,TRUE,809,88,"4:52","5:12",35.608689875,-105.729834589,2378.8576,0.3577,0.4304,1.6685,0.3576,0.4304,1.6683,"static",NA,11.3,88,0.000712669266206,0.0000000397011875102
"1621","39062_433895.5_3940779.5",13.4799995422363,433895.5,3940779.5,53,4.5,TRUE,809,88,"4:52","5:12",35.608689875,-105.729834589,2378.8576,0.3577,0.4304,1.6685,0.3576,0.4304,1.6683,"static",NA,11.3,88,0.000712669266206,0.0000000397011875102
"1622","39676_433844.5_3940756.5",14.1599998474121,433844.5,3940756.5,38,6.5,TRUE,807,80,"3:21","3:41",35.608284477,-105.730502649,2370.3511,0.1094,0.067,0.1066,0.1094,0.067,0.1066,"static",NA,11.3,80,0.000712667143422,0.0000000397009796528
"1623","39740_433835.5_3940754.5",14.75,433835.5,3940754.5,23,9.5,TRUE,807,80,"3:21","3:41",35.608284477,-105.730502649,2370.3511,0.1094,0.067,0.1066,0.1094,0.067,0.1066,"static",NA,11.3,80,0.000712667143422,0.0000000397009796528
"1624","39786_433834.5_3940752.5",12.2799997329712,433834.5,3940752.5,9,8.5,TRUE,807,80,"3:21","3:41",35.608284477,-105.730502649,2370.3511,0.1094,0.067,0.1066,0.1094,0.067,0.1066,"static",NA,11.3,80,0.000712667143422,0.0000000397009796528
"1625","39835_433847.5_3940750.5",16.2000007629395,433847.5,3940750.5,53,4.5,TRUE,807,80,"3:21","3:41",35.608284477,-105.730502649,2370.3511,0.1094,0.067,0.1066,0.1094,0.067,0.1066,"static",NA,11.3,80,0.000712667143422,0.0000000397009796528
"1626","39952_433828.5_3940746.5",15.960000038147,433828.5,3940746.5,73,8.5,TRUE,807,80,"3:21","3:41",35.608284477,-105.730502649,2370.3511,0.1094,0.067,0.1066,0.1094,0.067,0.1066,"static",NA,11.3,80,0.000712667143422,0.0000000397009796528
"1627","40005_433840.5_3940744.5",18.3299999237061,433840.5,3940744.5,80,7.5,TRUE,807,80,"3:21","3:41",35.608284477,-105.730502649,2370.3511,0.1094,0.067,0.1066,0.1094,0.067,0.1066,"static",NA,11.3,80,0.000712667143422,0.0000000397009796528
"1628","40193_433840.5_3940737.5",15.8800001144409,433840.5,3940737.5,48,8.5,TRUE,807,80,"3:21","3:41",35.608284477,-105.730502649,2370.3511,0.1094,0.067,0.1066,0.1094,0.067,0.1066,"static",NA,11.3,80,0.000712667143422,0.0000000397009796528
"1629","40271_433838.5_3940734.5",15.960000038147,433838.5,3940734.5,44,6.5,TRUE,807,80,"3:21","3:41",35.608284477,-105.730502649,2370.3511,0.1094,0.067,0.1066,0.1094,0.067,0.1066,"static",NA,11.3,80,0.000712667143422,0.0000000397009796528
"1630","41070_433834.5_3940703.5",8.96000003814697,433834.5,3940703.5,28,5.5,TRUE,809,87,"4:15","4:36",35.60775499,-105.730521768,2388.9396,2.883,5.6438,8.6441,2.8827,5.6434,8.6434,"static",NA,11.3,87,0.000712664670519,0.0000000397007435219
"1631","41210_433836.5_3940698.5",7.65000009536743,433836.5,3940698.5,20,4.5,TRUE,809,87,"4:15","4:36",35.60775499,-105.730521768,2388.9396,2.883,5.6438,8.6441,2.8827,5.6434,8.6434,"static",NA,11.3,87,0.000712664670519,0.0000000397007435219
"1632","41299_433842.5_3940695.5",6.92000007629395,433842.5,3940695.5,15,4.5,TRUE,809,87,"4:15","4:36",35.60775499,-105.730521768,2388.9396,2.883,5.6438,8.6441,2.8827,5.6434,8.6434,"static",NA,11.3,87,0.000712664670519,0.0000000397007435219
"1633","41392_433820.5_3940692.5",10.0299997329712,433820.5,3940692.5,20,7.5,TRUE,809,87,"4:15","4:36",35.60775499,-105.730521768,2388.9396,2.883,5.6438,8.6441,2.8827,5.6434,8.6434,"static",NA,11.3,87,0.000712664670519,0.0000000397007435219
"1634","41446_433829.5_3940690.5",13.6000003814697,433829.5,3940690.5,60,6.5,TRUE,809,87,"4:15","4:36",35.60775499,-105.730521768,2388.9396,2.883,5.6438,8.6441,2.8827,5.6434,8.6434,"static",NA,11.3,87,0.000712664670519,0.0000000397007435219
"1635","41500_433825.5_3940688.5",15.3800001144409,433825.5,3940688.5,51,6.5,TRUE,809,87,"4:15","4:36",35.60775499,-105.730521768,2388.9396,2.883,5.6438,8.6441,2.8827,5.6434,8.6434,"static",NA,11.3,87,0.000712664670519,0.0000000397007435219
"1636","41539_433835.5_3940686.5",17.5,433835.5,3940686.5,44,3.5,TRUE,809,87,"4:15","4:36",35.60775499,-105.730521768,2388.9396,2.883,5.6438,8.6441,2.8827,5.6434,8.6434,"static",NA,11.3,87,0.000712664670519,0.0000000397007435219
"1637","41540_433840.5_3940686.5",20.3099994659424,433840.5,3940686.5,45,6.5,TRUE,809,87,"4:15","4:36",35.60775499,-105.730521768,2388.9396,2.883,5.6438,8.6441,2.8827,5.6434,8.6434,"static",NA,11.3,87,0.000712664670519,0.0000000397007435219
"1638","40757_433799.5_3942206.5",14.9099998474121,433799.5,3942206.5,50,5.5,TRUE,810,93,"1:02","1:23",35.621351355,-105.73106026,2430.9377,0.0492,0.074,0.1767,0.0492,0.0739,0.1767,"static",NA,11.3,93,0.000712733645728,0.0000000397074102146
"1639","40842_433794.5_3942203.5",14.3800001144409,433794.5,3942203.5,41,5.5,TRUE,810,93,"1:02","1:23",35.621351355,-105.73106026,2430.9377,0.0492,0.074,0.1767,0.0492,0.0739,0.1767,"static",NA,11.3,93,0.000712733645728,0.0000000397074102146
"1640","40897_433786.5_3942201.5",11.5500001907349,433786.5,3942201.5,34,3.5,TRUE,810,93,"1:02","1:23",35.621351355,-105.73106026,2430.9377,0.0492,0.074,0.1767,0.0492,0.0739,0.1767,"static",NA,11.3,93,0.000712733645728,0.0000000397074102146
"1641","40968_433802.5_3942198.5",14.5500001907349,433802.5,3942198.5,57,5.5,TRUE,810,93,"1:02","1:23",35.621351355,-105.73106026,2430.9377,0.0492,0.074,0.1767,0.0492,0.0739,0.1767,"static",NA,11.3,93,0.000712733645728,0.0000000397074102146
"1642","41018_433790.5_3942196.5",13.460000038147,433790.5,3942196.5,47,5.5,TRUE,810,93,"1:02","1:23",35.621351355,-105.73106026,2430.9377,0.0492,0.074,0.1767,0.0492,0.0739,0.1767,"static",NA,11.3,93,0.000712733645728,0.0000000397074102146
"1643","41136_433798.5_3942192.5",17.2099990844727,433798.5,3942192.5,53,4.5,TRUE,810,93,"1:02","1:23",35.621351355,-105.73106026,2430.9377,0.0492,0.074,0.1767,0.0492,0.0739,0.1767,"static",NA,11.3,93,0.000712733645728,0.0000000397074102146
"1644","41225_433788.5_3942189.5",10.75,433788.5,3942189.5,29,3.5,TRUE,810,93,"1:02","1:23",35.621351355,-105.73106026,2430.9377,0.0492,0.074,0.1767,0.0492,0.0739,0.1767,"static",NA,11.3,93,0.000712733645728,0.0000000397074102146
"1645","41226_433808.5_3942189.5",12.9899997711182,433808.5,3942189.5,28,7.5,TRUE,810,93,"1:02","1:23",35.621351355,-105.73106026,2430.9377,0.0492,0.074,0.1767,0.0492,0.0739,0.1767,"static",NA,11.3,93,0.000712733645728,0.0000000397074102146
"1646","41254_433802.5_3942188.5",12.1000003814697,433802.5,3942188.5,31,5.5,TRUE,810,93,"1:02","1:23",35.621351355,-105.73106026,2430.9377,0.0492,0.074,0.1767,0.0492,0.0739,0.1767,"static",NA,11.3,93,0.000712733645728,0.0000000397074102146
"1647","41345_433793.5_3942185.5",13.5299997329712,433793.5,3942185.5,43,1.5,TRUE,810,93,"1:02","1:23",35.621351355,-105.73106026,2430.9377,0.0492,0.074,0.1767,0.0492,0.0739,0.1767,"static",NA,11.3,93,0.000712733645728,0.0000000397074102146
"1648","41810_433767.5_3942169.5",12.1199998855591,433767.5,3942169.5,28,7.5,TRUE,810,95,"2:02","2:22",35.620974985,-105.731313985,2426.4732,0.0678,0.1125,0.1807,0.0678,0.1125,0.1806,"static",NA,11.3,95,0.0007127306015,0.0000000397071111506
"1649","41863_433774.5_3942167.5",14.1899995803833,433774.5,3942167.5,43,5.5,TRUE,810,95,"2:02","2:22",35.620974985,-105.731313985,2426.4732,0.0678,0.1125,0.1807,0.0678,0.1125,0.1806,"static",NA,11.3,95,0.0007127306015,0.0000000397071111506
"1650","41962_433763.5_3942164.5",10.1400003433228,433763.5,3942164.5,33,4.5,TRUE,810,95,"2:02","2:22",35.620974985,-105.731313985,2426.4732,0.0678,0.1125,0.1807,0.0678,0.1125,0.1806,"static",NA,11.3,95,0.0007127306015,0.0000000397071111506
"1651","41963_433767.5_3942164.5",10.4700002670288,433767.5,3942164.5,17,6.5,TRUE,810,95,"2:02","2:22",35.620974985,-105.731313985,2426.4732,0.0678,0.1125,0.1807,0.0678,0.1125,0.1806,"static",NA,11.3,95,0.0007127306015,0.0000000397071111506
"1652","42059_433768.5_3942161.5",9.97000026702881,433768.5,3942161.5,19,4.5,TRUE,810,95,"2:02","2:22",35.620974985,-105.731313985,2426.4732,0.0678,0.1125,0.1807,0.0678,0.1125,0.1806,"static",NA,11.3,95,0.0007127306015,0.0000000397071111506
"1653","42060_433773.5_3942161.5",12.9099998474121,433773.5,3942161.5,27,8.5,TRUE,810,95,"2:02","2:22",35.620974985,-105.731313985,2426.4732,0.0678,0.1125,0.1807,0.0678,0.1125,0.1806,"static",NA,11.3,95,0.0007127306015,0.0000000397071111506
"1654","42124_433761.5_3942159.5",13.8000001907349,433761.5,3942159.5,29,4.5,TRUE,810,95,"2:02","2:22",35.620974985,-105.731313985,2426.4732,0.0678,0.1125,0.1807,0.0678,0.1125,0.1806,"static",NA,11.3,95,0.0007127306015,0.0000000397071111506
"1655","42151_433777.5_3942158.5",14.3999996185303,433777.5,3942158.5,41,9.5,TRUE,810,95,"2:02","2:22",35.620974985,-105.731313985,2426.4732,0.0678,0.1125,0.1807,0.0678,0.1125,0.1806,"static",NA,11.3,95,0.0007127306015,0.0000000397071111506
"1656","42187_433772.5_3942157.5",14.0799999237061,433772.5,3942157.5,19,9.5,TRUE,810,95,"2:02","2:22",35.620974985,-105.731313985,2426.4732,0.0678,0.1125,0.1807,0.0678,0.1125,0.1806,"static",NA,11.3,95,0.0007127306015,0.0000000397071111506
"1657","42188_433784.5_3942157.5",14.6999998092651,433784.5,3942157.5,57,5.5,TRUE,810,95,"2:02","2:22",35.620974985,-105.731313985,2426.4732,0.0678,0.1125,0.1807,0.0678,0.1125,0.1806,"static",NA,11.3,95,0.0007127306015,0.0000000397071111506
"1658","42219_433765.5_3942156.5",11.4099998474121,433765.5,3942156.5,28,7.5,TRUE,810,95,"2:02","2:22",35.620974985,-105.731313985,2426.4732,0.0678,0.1125,0.1807,0.0678,0.1125,0.1806,"static",NA,11.3,95,0.0007127306015,0.0000000397071111506
"1659","42220_433769.5_3942156.5",12.6199998855591,433769.5,3942156.5,17,3.5,TRUE,810,95,"2:02","2:22",35.620974985,-105.731313985,2426.4732,0.0678,0.1125,0.1807,0.0678,0.1125,0.1806,"static",NA,11.3,95,0.0007127306015,0.0000000397071111506
"1660","42352_433763.5_3942152.5",10.6099996566772,433763.5,3942152.5,29,3.5,TRUE,810,95,"2:02","2:22",35.620974985,-105.731313985,2426.4732,0.0678,0.1125,0.1807,0.0678,0.1125,0.1806,"static",NA,11.3,95,0.0007127306015,0.0000000397071111506
"1661","42353_433772.5_3942152.5",13.1700000762939,433772.5,3942152.5,31,8.5,TRUE,810,95,"2:02","2:22",35.620974985,-105.731313985,2426.4732,0.0678,0.1125,0.1807,0.0678,0.1125,0.1806,"static",NA,11.3,95,0.0007127306015,0.0000000397071111506
"1662","42354_433779.5_3942152.5",15.7399997711182,433779.5,3942152.5,53,8.5,TRUE,810,95,"2:02","2:22",35.620974985,-105.731313985,2426.4732,0.0678,0.1125,0.1807,0.0678,0.1125,0.1806,"static",NA,11.3,95,0.0007127306015,0.0000000397071111506
"1663","42509_433772.5_3942147.5",13.789999961853,433772.5,3942147.5,32,8.5,TRUE,810,95,"2:02","2:22",35.620974985,-105.731313985,2426.4732,0.0678,0.1125,0.1807,0.0678,0.1125,0.1806,"static",NA,11.3,95,0.0007127306015,0.0000000397071111506
"1664","42553_433803.5_3942146.5",13.9899997711182,433803.5,3942146.5,30,5.5,TRUE,810,94,"1:31","1:52",35.620786566,-105.73091385,2428.3861,0.0891,0.0866,0.1314,0.0891,0.0865,0.1314,"static",NA,11.3,94,0.000712730190882,0.0000000397070763141
"1665","42617_433799.5_3942144.5",15.5900001525879,433799.5,3942144.5,32,3.5,TRUE,810,94,"1:31","1:52",35.620786566,-105.73091385,2428.3861,0.0891,0.0866,0.1314,0.0891,0.0865,0.1314,"static",NA,11.3,94,0.000712730190882,0.0000000397070763141
"1666","42662_433822.5_3942143.5",12.4799995422363,433822.5,3942143.5,20,5.5,TRUE,810,94,"1:31","1:52",35.620786566,-105.73091385,2428.3861,0.0891,0.0866,0.1314,0.0891,0.0865,0.1314,"static",NA,11.3,94,0.000712730190882,0.0000000397070763141
"1667","42695_433812.5_3942142.5",14.1999998092651,433812.5,3942142.5,57,6.5,TRUE,810,94,"1:31","1:52",35.620786566,-105.73091385,2428.3861,0.0891,0.0866,0.1314,0.0891,0.0865,0.1314,"static",NA,11.3,94,0.000712730190882,0.0000000397070763141
"1668","42783_433821.5_3942139.5",14.7799997329712,433821.5,3942139.5,30,5.5,TRUE,810,94,"1:31","1:52",35.620786566,-105.73091385,2428.3861,0.0891,0.0866,0.1314,0.0891,0.0865,0.1314,"static",NA,11.3,94,0.000712730190882,0.0000000397070763141
"1669","42811_433803.5_3942138.5",13.4200000762939,433803.5,3942138.5,31,7.5,TRUE,810,94,"1:31","1:52",35.620786566,-105.73091385,2428.3861,0.0891,0.0866,0.1314,0.0891,0.0865,0.1314,"static",NA,11.3,94,0.000712730190882,0.0000000397070763141
"1670","42846_433816.5_3942137.5",13.7299995422363,433816.5,3942137.5,43,6.5,TRUE,810,94,"1:31","1:52",35.620786566,-105.73091385,2428.3861,0.0891,0.0866,0.1314,0.0891,0.0865,0.1314,"static",NA,11.3,94,0.000712730190882,0.0000000397070763141
"1671","42975_433806.5_3942133.5",15.9200000762939,433806.5,3942133.5,36,9.5,TRUE,810,94,"1:31","1:52",35.620786566,-105.73091385,2428.3861,0.0891,0.0866,0.1314,0.0891,0.0865,0.1314,"static",NA,11.3,94,0.000712730190882,0.0000000397070763141
"1672","42976_433823.5_3942133.5",12.460000038147,433823.5,3942133.5,25,7.5,TRUE,810,94,"1:31","1:52",35.620786566,-105.73091385,2428.3861,0.0891,0.0866,0.1314,0.0891,0.0865,0.1314,"static",NA,11.3,94,0.000712730190882,0.0000000397070763141
"1673","43040_433815.5_3942131.5",12.7700004577637,433815.5,3942131.5,32,7.5,TRUE,810,94,"1:31","1:52",35.620786566,-105.73091385,2428.3861,0.0891,0.0866,0.1314,0.0891,0.0865,0.1314,"static",NA,11.3,94,0.000712730190882,0.0000000397070763141
"1674","43079_433795.5_3942130.5",13.7200002670288,433795.5,3942130.5,32,8.5,TRUE,810,94,"1:31","1:52",35.620786566,-105.73091385,2428.3861,0.0891,0.0866,0.1314,0.0891,0.0865,0.1314,"static",NA,11.3,94,0.000712730190882,0.0000000397070763141
"1675","43080_433810.5_3942130.5",12.8500003814697,433810.5,3942130.5,22,5.5,TRUE,810,94,"1:31","1:52",35.620786566,-105.73091385,2428.3861,0.0891,0.0866,0.1314,0.0891,0.0865,0.1314,"static",NA,11.3,94,0.000712730190882,0.0000000397070763141
"1676","43081_433821.5_3942130.5",12.7799997329712,433821.5,3942130.5,14,8.5,TRUE,810,94,"1:31","1:52",35.620786566,-105.73091385,2428.3861,0.0891,0.0866,0.1314,0.0891,0.0865,0.1314,"static",NA,11.3,94,0.000712730190882,0.0000000397070763141
"1677","43145_433804.5_3942128.5",15.0299997329712,433804.5,3942128.5,32,6.5,TRUE,810,94,"1:31","1:52",35.620786566,-105.73091385,2428.3861,0.0891,0.0866,0.1314,0.0891,0.0865,0.1314,"static",NA,11.3,94,0.000712730190882,0.0000000397070763141
"1678","43175_433809.5_3942127.5",13.5600004196167,433809.5,3942127.5,23,7.5,TRUE,810,94,"1:31","1:52",35.620786566,-105.73091385,2428.3861,0.0891,0.0866,0.1314,0.0891,0.0865,0.1314,"static",NA,11.3,94,0.000712730190882,0.0000000397070763141
"1679","43176_433818.5_3942127.5",15.75,433818.5,3942127.5,33,8.5,TRUE,810,94,"1:31","1:52",35.620786566,-105.73091385,2428.3861,0.0891,0.0866,0.1314,0.0891,0.0865,0.1314,"static",NA,11.3,94,0.000712730190882,0.0000000397070763141
"1680","43207_433800.5_3942126.5",15.039999961853,433800.5,3942126.5,40,6.5,TRUE,810,94,"1:31","1:52",35.620786566,-105.73091385,2428.3861,0.0891,0.0866,0.1314,0.0891,0.0865,0.1314,"static",NA,11.3,94,0.000712730190882,0.0000000397070763141
"1681","43334_433815.5_3942122.5",13.7600002288818,433815.5,3942122.5,34,6.5,TRUE,810,94,"1:31","1:52",35.620786566,-105.73091385,2428.3861,0.0891,0.0866,0.1314,0.0891,0.0865,0.1314,"static",NA,11.3,94,0.000712730190882,0.0000000397070763141
"1682","43375_433806.5_3942121.5",14.9499998092651,433806.5,3942121.5,33,8.5,TRUE,810,94,"1:31","1:52",35.620786566,-105.73091385,2428.3861,0.0891,0.0866,0.1314,0.0891,0.0865,0.1314,"static",NA,11.3,94,0.000712730190882,0.0000000397070763141
"1683","12019_452607.5_3998577.5",20.2800006866455,452607.5,3998577.5,47,3.5,TRUE,630,18,"9:53","10:32",36.13059898,-105.52679353,2607.0224,0.9687,1.2831,4.3405,0.9686,1.2831,4.3403,"static",NA,11.3,18,0.00071534349859,0.000000039958980652
"1684","12232_452592.5_3998570.5",19.0900001525879,452592.5,3998570.5,63,2.5,TRUE,630,18,"9:53","10:32",36.13059898,-105.52679353,2607.0224,0.9687,1.2831,4.3405,0.9686,1.2831,4.3403,"static",NA,11.3,18,0.00071534349859,0.000000039958980652
"1685","12298_452597.5_3998568.5",25.3099994659424,452597.5,3998568.5,59,3.5,TRUE,630,18,"9:53","10:32",36.13059898,-105.52679353,2607.0224,0.9687,1.2831,4.3405,0.9686,1.2831,4.3403,"static",NA,11.3,18,0.00071534349859,0.000000039958980652
"1686","12334_452605.5_3998567.5",23.2800006866455,452605.5,3998567.5,37,3.5,TRUE,630,18,"9:53","10:32",36.13059898,-105.52679353,2607.0224,0.9687,1.2831,4.3405,0.9686,1.2831,4.3403,"static",NA,11.3,18,0.00071534349859,0.000000039958980652
"1687","12371_452602.5_3998566.5",23.3999996185303,452602.5,3998566.5,43,1.5,TRUE,630,18,"9:53","10:32",36.13059898,-105.52679353,2607.0224,0.9687,1.2831,4.3405,0.9686,1.2831,4.3403,"static",NA,11.3,18,0.00071534349859,0.000000039958980652
"1688","12491_452608.5_3998562.5",20.1599998474121,452608.5,3998562.5,33,3.5,TRUE,630,18,"9:53","10:32",36.13059898,-105.52679353,2607.0224,0.9687,1.2831,4.3405,0.9686,1.2831,4.3403,"static",NA,11.3,18,0.00071534349859,0.000000039958980652
"1689","12526_452592.5_3998561.5",12.1599998474121,452592.5,3998561.5,35,8.5,TRUE,630,18,"9:53","10:32",36.13059898,-105.52679353,2607.0224,0.9687,1.2831,4.3405,0.9686,1.2831,4.3403,"static",NA,11.3,18,0.00071534349859,0.000000039958980652
"1690","12587_452611.5_3998559.5",19.4200000762939,452611.5,3998559.5,29,1.5,TRUE,630,18,"9:53","10:32",36.13059898,-105.52679353,2607.0224,0.9687,1.2831,4.3405,0.9686,1.2831,4.3403,"static",NA,11.3,18,0.00071534349859,0.000000039958980652
"1691","12675_452596.5_3998556.5",23.9500007629395,452596.5,3998556.5,57,1.5,TRUE,630,18,"9:53","10:32",36.13059898,-105.52679353,2607.0224,0.9687,1.2831,4.3405,0.9686,1.2831,4.3403,"static",NA,11.3,18,0.00071534349859,0.000000039958980652
"1692","12694_452608.5_3998555.5",13.1199998855591,452608.5,3998555.5,33,9.5,TRUE,630,18,"9:53","10:32",36.13059898,-105.52679353,2607.0224,0.9687,1.2831,4.3405,0.9686,1.2831,4.3403,"static",NA,11.3,18,0.00071534349859,0.000000039958980652
"1693","12722_452590.5_3998554.5",16.4500007629395,452590.5,3998554.5,44,10.5,TRUE,630,18,"9:53","10:32",36.13059898,-105.52679353,2607.0224,0.9687,1.2831,4.3405,0.9686,1.2831,4.3403,"static",NA,11.3,18,0.00071534349859,0.000000039958980652
"1694","12757_452602.5_3998553.5",24.4699993133545,452602.5,3998553.5,52,7.5,TRUE,630,18,"9:53","10:32",36.13059898,-105.52679353,2607.0224,0.9687,1.2831,4.3405,0.9686,1.2831,4.3403,"static",NA,11.3,18,0.00071534349859,0.000000039958980652
"1695","12945_452601.5_3998547.5",20.9699993133545,452601.5,3998547.5,56,4.5,TRUE,630,18,"9:53","10:32",36.13059898,-105.52679353,2607.0224,0.9687,1.2831,4.3405,0.9686,1.2831,4.3403,"static",NA,11.3,18,0.00071534349859,0.000000039958980652
"1696","15605_452585.5_3998457.5",22.1100006103516,452585.5,3998457.5,35,3.5,TRUE,627,14,"2:36","3:07",36.129521029,-105.526949525,2639.8099,0.3116,0.8404,1.2938,0.3166,0.8403,1.2937,"static",NA,11.3,14,0.000715338240442,0.0000000399584828024
"1697","15634_452590.5_3998456.5",21.8600006103516,452590.5,3998456.5,49,16.5,TRUE,627,14,"2:36","3:07",36.129521029,-105.526949525,2639.8099,0.3116,0.8404,1.2938,0.3166,0.8403,1.2937,"static",NA,11.3,14,0.000715338240442,0.0000000399584828024
"1698","15718_452575.5_3998453.5",16.7600002288818,452575.5,3998453.5,35,2.5,TRUE,627,14,"2:36","3:07",36.129521029,-105.526949525,2639.8099,0.3116,0.8404,1.2938,0.3166,0.8403,1.2937,"static",NA,11.3,14,0.000715338240442,0.0000000399584828024
"1699","15719_452581.5_3998453.5",15.6099996566772,452581.5,3998453.5,21,7.5,TRUE,627,14,"2:36","3:07",36.129521029,-105.526949525,2639.8099,0.3116,0.8404,1.2938,0.3166,0.8403,1.2937,"static",NA,11.3,14,0.000715338240442,0.0000000399584828024
"1700","15781_452584.5_3998451.5",17.5499992370605,452584.5,3998451.5,21,2.5,TRUE,627,14,"2:36","3:07",36.129521029,-105.526949525,2639.8099,0.3116,0.8404,1.2938,0.3166,0.8403,1.2937,"static",NA,11.3,14,0.000715338240442,0.0000000399584828024
"1701","15881_452579.5_3998447.5",23.25,452579.5,3998447.5,49,20.5,TRUE,627,14,"2:36","3:07",36.129521029,-105.526949525,2639.8099,0.3116,0.8404,1.2938,0.3166,0.8403,1.2937,"static",NA,11.3,14,0.000715338240442,0.0000000399584828024
"1702","15913_452593.5_3998446.5",20.4899997711182,452593.5,3998446.5,59,8.5,TRUE,627,14,"2:36","3:07",36.129521029,-105.526949525,2639.8099,0.3116,0.8404,1.2938,0.3166,0.8403,1.2937,"static",NA,11.3,14,0.000715338240442,0.0000000399584828024
"1703","16010_452578.5_3998443.5",23.9300003051758,452578.5,3998443.5,57,21.5,TRUE,627,14,"2:36","3:07",36.129521029,-105.526949525,2639.8099,0.3116,0.8404,1.2938,0.3166,0.8403,1.2937,"static",NA,11.3,14,0.000715338240442,0.0000000399584828024
"1704","16034_452570.5_3998442.5",14.4200000762939,452570.5,3998442.5,46,6.5,TRUE,627,14,"2:36","3:07",36.129521029,-105.526949525,2639.8099,0.3116,0.8404,1.2938,0.3166,0.8403,1.2937,"static",NA,11.3,14,0.000715338240442,0.0000000399584828024
"1705","16068_452588.5_3998441.5",21.5599994659424,452588.5,3998441.5,45,18.5,TRUE,627,14,"2:36","3:07",36.129521029,-105.526949525,2639.8099,0.3116,0.8404,1.2938,0.3166,0.8403,1.2937,"static",NA,11.3,14,0.000715338240442,0.0000000399584828024
"1706","16145_452584.5_3998438.5",19.3600006103516,452584.5,3998438.5,50,11.5,TRUE,627,14,"2:36","3:07",36.129521029,-105.526949525,2639.8099,0.3116,0.8404,1.2938,0.3166,0.8403,1.2937,"static",NA,11.3,14,0.000715338240442,0.0000000399584828024
"1707","16171_452594.5_3998437.5",22.7199993133545,452594.5,3998437.5,65,4.5,TRUE,627,14,"2:36","3:07",36.129521029,-105.526949525,2639.8099,0.3116,0.8404,1.2938,0.3166,0.8403,1.2937,"static",NA,11.3,14,0.000715338240442,0.0000000399584828024
"1708","16236_452578.5_3998435.5",19.5400009155273,452578.5,3998435.5,36,3.5,TRUE,627,14,"2:36","3:07",36.129521029,-105.526949525,2639.8099,0.3116,0.8404,1.2938,0.3166,0.8403,1.2937,"static",NA,11.3,14,0.000715338240442,0.0000000399584828024
"1709","16259_452574.5_3998434.5",21.2099990844727,452574.5,3998434.5,46,4.5,TRUE,627,14,"2:36","3:07",36.129521029,-105.526949525,2639.8099,0.3116,0.8404,1.2938,0.3166,0.8403,1.2937,"static",NA,11.3,14,0.000715338240442,0.0000000399584828024
"1710","16413_452589.5_3998429.5",24.8899993896484,452589.5,3998429.5,98,10.5,TRUE,627,14,"2:36","3:07",36.129521029,-105.526949525,2639.8099,0.3116,0.8404,1.2938,0.3166,0.8403,1.2937,"static",NA,11.3,14,0.000715338240442,0.0000000399584828024
"1711","23167_451850.5_3998182.5",22.5900001525879,451850.5,3998182.5,65,2.5,TRUE,628,15,"1:00","1:32",36.126984049,-105.535081272,2671.3468,0.8733,0.3169,1.1449,0.8732,0.3169,1.1449,"static",NA,11.3,15,0.000715325015669,0.0000000399572095985
"1712","23299_451844.5_3998177.5",22.3400001525879,451844.5,3998177.5,54,2.5,TRUE,628,15,"1:00","1:32",36.126984049,-105.535081272,2671.3468,0.8733,0.3169,1.1449,0.8732,0.3169,1.1449,"static",NA,11.3,15,0.000715325015669,0.0000000399572095985
"1713","23330_451859.5_3998176.5",27.1200008392334,451859.5,3998176.5,81,4.5,TRUE,628,15,"1:00","1:32",36.126984049,-105.535081272,2671.3468,0.8733,0.3169,1.1449,0.8732,0.3169,1.1449,"static",NA,11.3,15,0.000715325015669,0.0000000399572095985
"1714","23427_451857.5_3998172.5",26.9099998474121,451857.5,3998172.5,45,4.5,TRUE,628,15,"1:00","1:32",36.126984049,-105.535081272,2671.3468,0.8733,0.3169,1.1449,0.8732,0.3169,1.1449,"static",NA,11.3,15,0.000715325015669,0.0000000399572095985
"1715","23474_451842.5_3998170.5",26.3999996185303,451842.5,3998170.5,82,2.5,TRUE,628,15,"1:00","1:32",36.126984049,-105.535081272,2671.3468,0.8733,0.3169,1.1449,0.8732,0.3169,1.1449,"static",NA,11.3,15,0.000715325015669,0.0000000399572095985
"1716","23501_451855.5_3998169.5",27.6599998474121,451855.5,3998169.5,55,3.5,TRUE,628,15,"1:00","1:32",36.126984049,-105.535081272,2671.3468,0.8733,0.3169,1.1449,0.8732,0.3169,1.1449,"static",NA,11.3,15,0.000715325015669,0.0000000399572095985
"1717","23526_451863.5_3998168.5",21.5,451863.5,3998168.5,41,18.5,TRUE,628,15,"1:00","1:32",36.126984049,-105.535081272,2671.3468,0.8733,0.3169,1.1449,0.8732,0.3169,1.1449,"static",NA,11.3,15,0.000715325015669,0.0000000399572095985
"1718","23624_451850.5_3998164.5",26.3400001525879,451850.5,3998164.5,62,5.5,TRUE,628,15,"1:00","1:32",36.126984049,-105.535081272,2671.3468,0.8733,0.3169,1.1449,0.8732,0.3169,1.1449,"static",NA,11.3,15,0.000715325015669,0.0000000399572095985
"1719","23625_451859.5_3998164.5",22.6200008392334,451859.5,3998164.5,55,8.5,TRUE,628,15,"1:00","1:32",36.126984049,-105.535081272,2671.3468,0.8733,0.3169,1.1449,0.8732,0.3169,1.1449,"static",NA,11.3,15,0.000715325015669,0.0000000399572095985
"1720","23677_451867.5_3998162.5",25.6900005340576,451867.5,3998162.5,76,3.5,TRUE,628,15,"1:00","1:32",36.126984049,-105.535081272,2671.3468,0.8733,0.3169,1.1449,0.8732,0.3169,1.1449,"static",NA,11.3,15,0.000715325015669,0.0000000399572095985
"1721","23749_451847.5_3998159.5",22.3199996948242,451847.5,3998159.5,44,7.5,TRUE,628,15,"1:00","1:32",36.126984049,-105.535081272,2671.3468,0.8733,0.3169,1.1449,0.8732,0.3169,1.1449,"static",NA,11.3,15,0.000715325015669,0.0000000399572095985
"1722","23811_451844.5_3998156.5",23.4799995422363,451844.5,3998156.5,47,4.5,TRUE,628,15,"1:00","1:32",36.126984049,-105.535081272,2671.3468,0.8733,0.3169,1.1449,0.8732,0.3169,1.1449,"static",NA,11.3,15,0.000715325015669,0.0000000399572095985
"1723","23833_451854.5_3998155.5",21.6700000762939,451854.5,3998155.5,44,15.5,TRUE,628,15,"1:00","1:32",36.126984049,-105.535081272,2671.3468,0.8733,0.3169,1.1449,0.8732,0.3169,1.1449,"static",NA,11.3,15,0.000715325015669,0.0000000399572095985
"1724","23886_451860.5_3998153.5",18.8299999237061,451860.5,3998153.5,40,2.5,TRUE,628,15,"1:00","1:32",36.126984049,-105.535081272,2671.3468,0.8733,0.3169,1.1449,0.8732,0.3169,1.1449,"static",NA,11.3,15,0.000715325015669,0.0000000399572095985
"1725","23957_451849.5_3998151.5",23.5100002288818,451849.5,3998151.5,41,15.5,TRUE,628,15,"1:00","1:32",36.126984049,-105.535081272,2671.3468,0.8733,0.3169,1.1449,0.8732,0.3169,1.1449,"static",NA,11.3,15,0.000715325015669,0.0000000399572095985
"1726","13421_455927.5_3998640.5",19.4099998474121,455927.5,3998640.5,71,1.5,TRUE,628,16,"4:25","5:08",36.131331914,-105.489762222,2651.7008,0.7383,0.2933,1.0418,0.7383,0.2933,1.0418,"static",NA,11.3,16,0.000715347191974,0.0000000399593428444
"1727","13471_455938.5_3998639.5",19.0400009155273,455938.5,3998639.5,74,1.5,TRUE,628,16,"4:25","5:08",36.131331914,-105.489762222,2651.7008,0.7383,0.2933,1.0418,0.7383,0.2933,1.0418,"static",NA,11.3,16,0.000715347191974,0.0000000399593428444
"1728","13576_455925.5_3998637.5",20.1299991607666,455925.5,3998637.5,72,1.5,TRUE,628,16,"4:25","5:08",36.131331914,-105.489762222,2651.7008,0.7383,0.2933,1.0418,0.7383,0.2933,1.0418,"static",NA,11.3,16,0.000715347191974,0.0000000399593428444
"1729","13756_455935.5_3998633.5",18.5599994659424,455935.5,3998633.5,51,2.5,TRUE,628,16,"4:25","5:08",36.131331914,-105.489762222,2651.7008,0.7383,0.2933,1.0418,0.7383,0.2933,1.0418,"static",NA,11.3,16,0.000715347191974,0.0000000399593428444
"1730","13796_455943.5_3998632.5",30.3400001525879,455943.5,3998632.5,80,2.5,TRUE,628,16,"4:25","5:08",36.131331914,-105.489762222,2651.7008,0.7383,0.2933,1.0418,0.7383,0.2933,1.0418,"static",NA,11.3,16,0.000715347191974,0.0000000399593428444
"1731","13843_455929.5_3998631.5",20.8999996185303,455929.5,3998631.5,47,2.5,TRUE,628,16,"4:25","5:08",36.131331914,-105.489762222,2651.7008,0.7383,0.2933,1.0418,0.7383,0.2933,1.0418,"static",NA,11.3,16,0.000715347191974,0.0000000399593428444
"1732","13997_455921.5_3998628.5",24.6000003814697,455921.5,3998628.5,71,2.5,TRUE,628,16,"4:25","5:08",36.131331914,-105.489762222,2651.7008,0.7383,0.2933,1.0418,0.7383,0.2933,1.0418,"static",NA,11.3,16,0.000715347191974,0.0000000399593428444
"1733","14051_455926.5_3998627.5",22.1399993896484,455926.5,3998627.5,37,2.5,TRUE,628,16,"4:25","5:08",36.131331914,-105.489762222,2651.7008,0.7383,0.2933,1.0418,0.7383,0.2933,1.0418,"static",NA,11.3,16,0.000715347191974,0.0000000399593428444
"1734","14110_455938.5_3998626.5",16.7700004577637,455938.5,3998626.5,58,2.5,TRUE,628,16,"4:25","5:08",36.131331914,-105.489762222,2651.7008,0.7383,0.2933,1.0418,0.7383,0.2933,1.0418,"static",NA,11.3,16,0.000715347191974,0.0000000399593428444
"1735","14311_455929.5_3998622.5",15.1599998474121,455929.5,3998622.5,27,1.5,TRUE,628,16,"4:25","5:08",36.131331914,-105.489762222,2651.7008,0.7383,0.2933,1.0418,0.7383,0.2933,1.0418,"static",NA,11.3,16,0.000715347191974,0.0000000399593428444
"1736","14445_455928.5_3998619.5",14.8100004196167,455928.5,3998619.5,50,1.5,TRUE,628,16,"4:25","5:08",36.131331914,-105.489762222,2651.7008,0.7383,0.2933,1.0418,0.7383,0.2933,1.0418,"static",NA,11.3,16,0.000715347191974,0.0000000399593428444
"1737","14446_455936.5_3998619.5",26.7900009155273,455936.5,3998619.5,71,1.5,TRUE,628,16,"4:25","5:08",36.131331914,-105.489762222,2651.7008,0.7383,0.2933,1.0418,0.7383,0.2933,1.0418,"static",NA,11.3,16,0.000715347191974,0.0000000399593428444
"1738","14644_455919.5_3998615.5",31.9899997711182,455919.5,3998615.5,107,1.5,TRUE,628,16,"4:25","5:08",36.131331914,-105.489762222,2651.7008,0.7383,0.2933,1.0418,0.7383,0.2933,1.0418,"static",NA,11.3,16,0.000715347191974,0.0000000399593428444
"1739","14698_455936.5_3998614.5",19.3199996948242,455936.5,3998614.5,58,3.5,TRUE,628,16,"4:25","5:08",36.131331914,-105.489762222,2651.7008,0.7383,0.2933,1.0418,0.7383,0.2933,1.0418,"static",NA,11.3,16,0.000715347191974,0.0000000399593428444
"1740","14959_455929.5_3998609.5",28.75,455929.5,3998609.5,90,1.5,TRUE,628,16,"4:25","5:08",36.131331914,-105.489762222,2651.7008,0.7383,0.2933,1.0418,0.7383,0.2933,1.0418,"static",NA,11.3,16,0.000715347191974,0.0000000399593428444
"1741","4749_457531.5_4000351.5",11.4300003051758,457531.5,4000351.5,46,7.5,TRUE,629,17,"2:49","3:20",36.146811439,-105.472117637,2727.5352,1.4666,0.3462,1.0848,1.4665,0.3462,1.0848,"static",NA,11.3,17,0.000715426962356,0.0000000399669947999
"1742","4810_457518.5_4000349.5",25.75,457518.5,4000349.5,83,20.5,TRUE,629,17,"2:49","3:20",36.146811439,-105.472117637,2727.5352,1.4666,0.3462,1.0848,1.4665,0.3462,1.0848,"static",NA,11.3,17,0.000715426962356,0.0000000399669947999
"1743","4904_457537.5_4000346.5",15.9099998474121,457537.5,4000346.5,47,1.5,TRUE,629,17,"2:49","3:20",36.146811439,-105.472117637,2727.5352,1.4666,0.3462,1.0848,1.4665,0.3462,1.0848,"static",NA,11.3,17,0.000715426962356,0.0000000399669947999
"1744","5051_457535.5_4000341.5",11.789999961853,457535.5,4000341.5,38,1.5,TRUE,629,17,"2:49","3:20",36.146811439,-105.472117637,2727.5352,1.4666,0.3462,1.0848,1.4665,0.3462,1.0848,"static",NA,11.3,17,0.000715426962356,0.0000000399669947999
"1745","5090_457518.5_4000340.5",23.25,457518.5,4000340.5,75,3.5,TRUE,629,17,"2:49","3:20",36.146811439,-105.472117637,2727.5352,1.4666,0.3462,1.0848,1.4665,0.3462,1.0848,"static",NA,11.3,17,0.000715426962356,0.0000000399669947999
"1746","5154_457528.5_4000338.5",9.42000007629395,457528.5,4000338.5,8,3.5,TRUE,629,17,"2:49","3:20",36.146811439,-105.472117637,2727.5352,1.4666,0.3462,1.0848,1.4665,0.3462,1.0848,"static",NA,11.3,17,0.000715426962356,0.0000000399669947999
"1747","5155_457535.5_4000338.5",12.7600002288818,457535.5,4000338.5,24,4.5,TRUE,629,17,"2:49","3:20",36.146811439,-105.472117637,2727.5352,1.4666,0.3462,1.0848,1.4665,0.3462,1.0848,"static",NA,11.3,17,0.000715426962356,0.0000000399669947999
"1748","5272_457521.5_4000334.5",6.71000003814697,457521.5,4000334.5,9,6.5,TRUE,629,17,"2:49","3:20",36.146811439,-105.472117637,2727.5352,1.4666,0.3462,1.0848,1.4665,0.3462,1.0848,"static",NA,11.3,17,0.000715426962356,0.0000000399669947999
"1749","5273_457535.5_4000334.5",12.6099996566772,457535.5,4000334.5,24,1.5,TRUE,629,17,"2:49","3:20",36.146811439,-105.472117637,2727.5352,1.4666,0.3462,1.0848,1.4665,0.3462,1.0848,"static",NA,11.3,17,0.000715426962356,0.0000000399669947999
"1750","5340_457518.5_4000332.5",7.8899998664856,457518.5,4000332.5,17,5.5,TRUE,629,17,"2:49","3:20",36.146811439,-105.472117637,2727.5352,1.4666,0.3462,1.0848,1.4665,0.3462,1.0848,"static",NA,11.3,17,0.000715426962356,0.0000000399669947999
"1751","5391_457519.5_4000330.5",11.1300001144409,457519.5,4000330.5,28,1.5,TRUE,629,17,"2:49","3:20",36.146811439,-105.472117637,2727.5352,1.4666,0.3462,1.0848,1.4665,0.3462,1.0848,"static",NA,11.3,17,0.000715426962356,0.0000000399669947999
"1752","5392_457542.5_4000330.5",20.8500003814697,457542.5,4000330.5,69,10.5,TRUE,629,17,"2:49","3:20",36.146811439,-105.472117637,2727.5352,1.4666,0.3462,1.0848,1.4665,0.3462,1.0848,"static",NA,11.3,17,0.000715426962356,0.0000000399669947999
"1753","5459_457536.5_4000328.5",8.39000034332275,457536.5,4000328.5,18,5.5,TRUE,629,17,"2:49","3:20",36.146811439,-105.472117637,2727.5352,1.4666,0.3462,1.0848,1.4665,0.3462,1.0848,"static",NA,11.3,17,0.000715426962356,0.0000000399669947999
"1754","5555_457529.5_4000325.5",2.53999996185303,457529.5,4000325.5,1,1.95798027767899,FALSE,629,17,"2:49","3:20",36.146811439,-105.472117637,2727.5352,1.4666,0.3462,1.0848,1.4665,0.3462,1.0848,"static",NA,11.3,17,0.000715426962356,0.0000000399669947999
"1755","5632_457534.5_4000323.5",16.4300003051758,457534.5,4000323.5,48,1.5,TRUE,629,17,"2:49","3:20",36.146811439,-105.472117637,2727.5352,1.4666,0.3462,1.0848,1.4665,0.3462,1.0848,"static",NA,11.3,17,0.000715426962356,0.0000000399669947999
"1756","5721_457526.5_4000320.5",22.0200004577637,457526.5,4000320.5,67,1.5,TRUE,629,17,"2:49","3:20",36.146811439,-105.472117637,2727.5352,1.4666,0.3462,1.0848,1.4665,0.3462,1.0848,"static",NA,11.3,17,0.000715426962356,0.0000000399669947999
"1757","5792_457518.5_4000318.5",25.1100006103516,457518.5,4000318.5,90,1.5,TRUE,629,17,"2:49","3:20",36.146811439,-105.472117637,2727.5352,1.4666,0.3462,1.0848,1.4665,0.3462,1.0848,"static",NA,11.3,17,0.000715426962356,0.0000000399669947999
